node_id,cluster_id,lat,lon,type,frequency,ship_count,type_distribution,detailed_type,node_count,is_noise,heading,heading_concentration,final_type
0,322,23.020685983346148,113.21385977935468,waypoint,4940,510,"{'waypoint': 4880, 'turn_point': 54, 'stop_point': 6}",turn_point,510,False,192.6439965634985,0.18988801929823265,turn_point
1,335,22.986704660513382,113.1577947339208,waypoint,1985,137,"{'waypoint': 1954, 'turn_point': 27, 'stop_point': 4}",turn_point,137,False,237.16925319824844,0.12249210220989654,turn_point
2,259,23.04030168416911,112.48019744434087,waypoint,1681,549,"{'waypoint': 1646, 'turn_point': 23, 'stop_point': 12}",waypoint,549,False,280.4550422886979,0.12060477986189881,waypoint
3,325,23.019796556957623,113.18321341983898,waypoint,1646,135,"{'waypoint': 1634, 'stop_point': 7, 'turn_point': 5}",turn_point,135,False,286.39000306023695,0.18890043174228652,turn_point
4,329,23.079287205890555,113.4423077146346,waypoint,1639,331,"{'waypoint': 1561, 'turn_point': 49, 'stop_point': 29}",turn_point,331,False,288.8443352341338,0.09684028976229027,turn_point
5,272,23.034871728497645,113.00928688873648,waypoint,1489,147,"{'waypoint': 1485, 'stop_point': 4}",turn_point,147,False,283.5793910063925,0.31081198225330825,turn_point
6,328,23.046771040387632,113.24672864821132,waypoint,1482,137,"{'waypoint': 1417, 'turn_point': 49, 'stop_point': 16}",turn_point,137,False,267.5746263251603,0.08818096188114266,turn_point
7,349,23.03615662554163,113.4033616140258,waypoint,1456,223,"{'waypoint': 1452, 'turn_point': 1, 'stop_point': 3}",turn_point,223,False,223.62195170152035,0.2988633808931437,turn_point
8,118,23.167746378948628,112.33470925458712,waypoint,1422,520,"{'waypoint': 1327, 'turn_point': 68, 'stop_point': 27}",turn_point,520,False,78.26910603371167,0.07052486530554063,turn_point
9,294,23.005281259334552,113.07027705236922,waypoint,1405,258,"{'waypoint': 1397, 'turn_point': 7, 'stop_point': 1}",merge_point,138,False,90.52960420684109,0.16663169064316116,merge_point
10,302,22.984240714390637,113.08215184615808,waypoint,1344,129,"{'waypoint': 1342, 'stop_point': 2}",turn_point,129,False,325.99761268995167,0.1621474208488197,turn_point
11,274,23.14224938954456,112.89783994533154,waypoint,1336,199,"{'turn_point': 39, 'waypoint': 1276, 'stop_point': 21}",turn_point,189,False,286.4298312958125,0.18123614859809734,turn_point
12,279,23.073748575366437,112.97174684757508,waypoint,1288,234,"{'waypoint': 1276, 'turn_point': 7, 'stop_point': 5}",turn_point,234,False,335.2327104980539,0.1041158762846197,turn_point
13,229,23.10746795737709,113.6188534994332,waypoint,1271,407,"{'turn_point': 117, 'waypoint': 1098, 'stop_point': 56}",turn_point,407,False,33.957526097702704,0.21008610401503705,turn_point
14,323,23.04430515504381,113.21174851658115,waypoint,1252,45,"{'waypoint': 1182, 'turn_point': 69, 'stop_point': 1}",turn_point,45,False,2.9248776738931674,0.4672461846765298,turn_point
15,285,23.15883145971429,112.82515080885923,waypoint,1217,268,"{'waypoint': 1200, 'turn_point': 11, 'stop_point': 6}",waypoint,234,False,279.0137047948375,0.20582793841470653,waypoint
16,52,23.04977478746645,112.41080859629068,waypoint,1211,344,"{'waypoint': 1204, 'turn_point': 5, 'stop_point': 2}",waypoint,344,False,293.143631502426,0.030258695882062484,waypoint
17,348,23.03015737575737,113.39027525021044,waypoint,1205,173,{'waypoint': 1205},turn_point,173,False,253.0133475686298,0.1688000735863483,turn_point
18,65,23.131300120316396,111.89132009343764,waypoint,1132,597,"{'waypoint': 1128, 'stop_point': 1, 'turn_point': 3}",waypoint,597,False,85.8974267943104,0.08094503332670855,waypoint
19,298,23.03226530202874,112.98276233316624,waypoint,1126,125,"{'waypoint': 1118, 'turn_point': 6, 'stop_point': 2}",turn_point,125,False,341.1138274386051,0.1332501521555037,turn_point
20,60,23.249677783052864,111.57120586325246,waypoint,1124,357,"{'waypoint': 1084, 'turn_point': 25, 'stop_point': 15}",turn_point,357,False,154.47470215788692,0.0507530920625352,turn_point
21,303,22.979366471355668,113.09677860563774,waypoint,1089,100,{'waypoint': 1089},turn_point,100,False,271.01198461486257,0.12189717497141853,turn_point
22,34,23.47699518548713,111.36248697394949,waypoint,1087,467,"{'waypoint': 1026, 'turn_point': 38, 'stop_point': 23}",turn_point,467,False,272.7421169396369,0.010310836153543605,turn_point
23,282,23.088321431603564,112.5333040729656,waypoint,1081,248,{'waypoint': 1081},turn_point,248,False,350.7760414397895,0.0064620196855809916,turn_point
24,104,23.12620511113182,112.40075473289936,waypoint,1068,332,"{'waypoint': 1049, 'turn_point': 19}",turn_point,332,False,185.23647201484155,0.037232251416681586,turn_point
25,162,22.88577326360025,113.51668610686444,waypoint,1014,558,"{'waypoint': 949, 'turn_point': 47, 'stop_point': 18}",turn_point,558,False,48.89015532394524,0.3120105973288945,turn_point
26,280,23.12726380982696,112.93224380577392,waypoint,937,138,{'waypoint': 937},waypoint,138,False,307.8864597614016,0.22362789575931083,waypoint
27,288,23.00460468766019,113.0462153411606,waypoint,930,112,{'waypoint': 930},turn_point,112,False,306.85283726912985,0.2586950888921482,turn_point
28,215,23.11616787224354,113.26961691344036,waypoint,927,280,"{'waypoint': 859, 'turn_point': 52, 'stop_point': 16}",turn_point,280,False,355.000295675159,0.16648258626892182,turn_point
29,103,23.074504312988296,112.18153569599824,waypoint,920,365,"{'waypoint': 894, 'turn_point': 19, 'stop_point': 7}",waypoint,365,False,152.32472104063868,0.07954465412318501,waypoint
30,314,23.16380303428881,112.77768464086056,waypoint,901,248,"{'waypoint': 858, 'turn_point': 34, 'stop_point': 9}",turn_point,248,False,321.3690636826589,0.1152616582582871,turn_point
31,290,23.147765305835687,112.81070427308924,waypoint,898,90,"{'waypoint': 889, 'turn_point': 5, 'stop_point': 4}",turn_point,90,False,234.19218845829008,0.10148598295803254,turn_point
32,264,23.043258186013947,112.49525708770295,waypoint,852,275,{'waypoint': 852},waypoint,275,False,87.32171439412781,0.08432186108584228,waypoint
33,327,23.07829446464345,113.43722076311803,waypoint,850,127,"{'turn_point': 104, 'waypoint': 742, 'stop_point': 4}",turn_point,127,False,192.64127837340854,0.2657572745338757,turn_point
34,277,23.15383465240011,112.58623251704064,waypoint,801,266,{'waypoint': 801},waypoint,266,False,338.26578837895636,0.007682505370245326,waypoint
35,296,23.06277152515536,112.5222861381913,waypoint,794,211,"{'waypoint': 791, 'turn_point': 3}",waypoint,189,False,358.2143270165286,0.04577221296665863,waypoint
36,109,23.08273893775992,112.19973755496468,waypoint,778,274,"{'waypoint': 774, 'stop_point': 2, 'turn_point': 2}",waypoint,274,False,24.29865989795537,0.33926076894651974,waypoint
37,124,23.07479307766316,112.0357972006355,waypoint,777,205,"{'waypoint': 775, 'stop_point': 2}",turn_point,205,False,51.86439384060016,0.013553256460160692,turn_point
38,281,23.135796323263445,112.91125626307117,waypoint,772,118,{'waypoint': 772},turn_point,118,False,292.1191615193463,0.18161867394906728,turn_point
39,266,22.9761011917629,113.10822536917156,waypoint,769,148,{'waypoint': 769},turn_point,93,False,253.19219371035962,0.2930519866764732,turn_point
40,247,23.111293064626576,113.22611323880226,waypoint,727,230,"{'waypoint': 695, 'turn_point': 22, 'stop_point': 10}",turn_point,230,False,120.68341992477804,0.1471756877271438,turn_point
41,341,23.037279331216904,113.35376293272354,waypoint,725,155,"{'waypoint': 716, 'turn_point': 5, 'stop_point': 4}",turn_point,155,False,286.1747067125139,0.3743118508088934,turn_point
42,66,23.06424927690474,112.39871210009132,waypoint,722,209,"{'waypoint': 706, 'turn_point': 13, 'stop_point': 3}",waypoint,209,False,0.012021995032651814,0.06459341385384003,waypoint
43,342,23.05820088970736,113.27826852228424,waypoint,721,59,"{'waypoint': 706, 'turn_point': 9, 'stop_point': 6}",turn_point,59,False,286.9468648873676,0.22208651375250538,turn_point
44,184,23.529108158117687,112.94689936518472,waypoint,717,272,"{'waypoint': 699, 'turn_point': 12, 'stop_point': 6}",turn_point,272,False,33.68008848787928,0.5262921585649544,turn_point
45,273,23.18678007690611,112.80455843751812,waypoint,664,244,"{'waypoint': 624, 'turn_point': 25, 'stop_point': 15}",turn_point,244,False,328.85763120475974,0.30108611332301827,turn_point
46,126,23.17166283489486,112.2968426592329,waypoint,663,120,{'waypoint': 663},waypoint,120,False,77.16095866675525,0.014218625834342882,waypoint
47,356,23.039224778892944,113.5128721389904,waypoint,663,226,"{'turn_point': 37, 'waypoint': 616, 'stop_point': 10}",turn_point,226,False,38.789738091159734,0.21300481475690075,turn_point
48,88,23.081306233511143,112.07418834032111,waypoint,658,213,"{'waypoint': 654, 'turn_point': 3, 'stop_point': 1}",waypoint,213,False,237.22524700597876,0.026754829665921645,waypoint
49,339,23.0353249071693,113.37426707129774,waypoint,645,108,{'waypoint': 645},turn_point,108,False,289.1023632736282,0.2132288309682683,turn_point
50,132,23.136753708176663,112.36821043532684,waypoint,638,235,"{'waypoint': 628, 'turn_point': 7, 'stop_point': 3}",waypoint,235,False,264.3320606064552,0.006267168523805667,waypoint
51,319,23.044745121572376,113.21525122780068,waypoint,637,34,"{'waypoint': 625, 'turn_point': 11, 'stop_point': 1}",turn_point,34,False,47.07419793143501,0.12015875001721216,turn_point
52,198,23.44325520088576,112.88322493378789,waypoint,618,252,"{'waypoint': 617, 'turn_point': 1}",turn_point,252,False,22.20950534370343,0.3926840190354675,turn_point
53,115,23.08612865613669,112.11668608640468,waypoint,616,173,"{'waypoint': 611, 'turn_point': 5}",turn_point,173,False,107.85724068935787,0.13120908308642318,turn_point
54,255,22.89050625651564,113.56528075504936,waypoint,610,456,"{'waypoint': 608, 'stop_point': 2}",turn_point,456,False,130.2562495697875,0.03827342800790459,turn_point
55,262,23.17324619044213,112.69578220189082,waypoint,607,253,"{'waypoint': 602, 'turn_point': 4, 'stop_point': 1}",waypoint,253,False,271.8913980547571,0.11871209968824019,waypoint
56,241,22.7142428818576,113.69373608222904,waypoint,602,381,"{'waypoint': 546, 'turn_point': 47, 'stop_point': 9}",turn_point,381,False,17.28020464821695,0.16526796967849497,turn_point
57,139,23.132215870910677,112.27471952665732,waypoint,598,182,"{'waypoint': 576, 'turn_point': 17, 'stop_point': 5}",turn_point,182,False,40.30062378421101,0.07507595155597896,turn_point
58,173,22.90671161776195,113.40245020390935,waypoint,592,262,"{'waypoint': 577, 'turn_point': 11, 'stop_point': 4}",turn_point,262,False,67.66555069106028,0.42955132369979104,turn_point
59,347,23.077273601569537,113.5432029039267,waypoint,560,177,"{'waypoint': 540, 'stop_point': 8, 'turn_point': 12}",turn_point,177,False,32.49245362054429,0.31820334269390366,turn_point
60,306,23.10430838853644,112.55071185436972,waypoint,539,109,{'waypoint': 539},waypoint,109,False,199.7132736310538,0.01738751875179225,waypoint
61,343,23.053096932966305,113.30125007151028,waypoint,539,165,"{'waypoint': 467, 'turn_point': 52, 'stop_point': 20}",turn_point,49,False,41.011334985945034,0.3537444198768291,turn_point
62,267,23.14376397602876,112.57615785353664,waypoint,537,145,{'waypoint': 537},turn_point,145,False,328.70465142945284,0.18871226432205632,turn_point
63,141,23.138281479131777,112.28026716170764,waypoint,535,141,"{'waypoint': 534, 'stop_point': 1}",waypoint,141,False,24.104150365476183,0.011311441767615362,waypoint
64,62,23.15373892235365,111.72074209668534,waypoint,532,170,{'waypoint': 532},turn_point,170,False,102.69905915262575,0.23775507100378696,turn_point
65,351,23.07429514413692,113.47274724639712,waypoint,525,113,"{'waypoint': 512, 'turn_point': 10, 'stop_point': 3}",turn_point,113,False,297.4070029001086,0.09939197415487157,turn_point
66,292,23.09420957558594,112.95877834454684,waypoint,511,133,"{'waypoint': 449, 'turn_point': 47, 'stop_point': 15}",turn_point,133,False,7.010095157871737,0.039822623981168426,turn_point
67,68,23.15339417613296,111.70172453606534,waypoint,496,189,"{'waypoint': 495, 'turn_point': 1}",waypoint,189,False,112.46216544365838,0.15891895602378134,waypoint
68,35,23.46383543409204,111.2678971961018,waypoint,494,271,"{'waypoint': 483, 'stop_point': 11}",turn_point,271,False,67.30427512409163,0.0844487576468634,turn_point
69,333,23.05871024966067,113.41576865246547,waypoint,494,127,{'waypoint': 494},turn_point,80,False,198.37714726970677,0.25965107066208526,turn_point
70,268,23.161222308090043,112.85631309491036,waypoint,493,366,"{'waypoint': 492, 'turn_point': 1}",turn_point,8,False,267.02406233302753,0.3539373631378068,turn_point
71,244,23.138134627052068,113.22174574936368,waypoint,492,173,"{'waypoint': 475, 'turn_point': 12, 'stop_point': 5}",turn_point,173,False,353.41232971743403,0.04261545856096219,turn_point
72,261,23.172951586995893,112.65560943709558,waypoint,491,262,{'waypoint': 491},waypoint,262,False,254.65087259007248,0.29843143265302086,waypoint
73,93,23.09474601971001,112.39467457297155,waypoint,484,180,{'waypoint': 484},turn_point,180,False,299.77935245798653,0.12916363364554553,turn_point
74,265,23.17025089206855,112.64109362009408,waypoint,482,225,"{'waypoint': 465, 'turn_point': 11, 'stop_point': 6}",turn_point,225,False,245.994039684515,0.33636742536659825,turn_point
75,192,22.87844375306956,113.29837612066544,waypoint,478,339,"{'waypoint': 472, 'stop_point': 2, 'turn_point': 4}",waypoint,339,False,27.938162854155546,0.24726505387791092,waypoint
76,291,23.1033062599634,112.95372448112728,waypoint,477,94,"{'turn_point': 33, 'waypoint': 431, 'stop_point': 13}",turn_point,94,False,83.6479608971696,0.15429314948164363,turn_point
77,271,23.16816755823885,112.6300000857674,waypoint,461,224,"{'waypoint': 456, 'stop_point': 3, 'turn_point': 2}",waypoint,224,False,246.40105694575203,0.5319815202979983,waypoint
78,136,23.123619014459216,112.25827224987594,waypoint,459,174,"{'waypoint': 452, 'stop_point': 5, 'turn_point': 2}",waypoint,174,False,94.76269501096931,0.0903067710658036,waypoint
79,101,23.131292084223507,111.96334913617795,waypoint,455,190,"{'waypoint': 451, 'stop_point': 2, 'turn_point': 2}",waypoint,190,False,130.0797393313997,0.03256211148052697,waypoint
80,80,23.15768137047132,111.66677439523428,waypoint,446,199,{'waypoint': 446},turn_point,199,False,106.78440992212316,0.2428093167773555,turn_point
81,105,23.10021272139761,111.97681952708083,waypoint,436,163,"{'waypoint': 430, 'stop_point': 2, 'turn_point': 4}",turn_point,163,False,177.6170915287758,0.25723086142912527,turn_point
82,217,23.23778263928798,113.1753469455684,waypoint,433,147,"{'waypoint': 430, 'turn_point': 3}",turn_point,147,False,213.4244406768136,0.14590875217871785,turn_point
83,300,22.97622382607332,113.52571403338308,waypoint,422,232,"{'waypoint': 401, 'turn_point': 14, 'stop_point': 7}",turn_point,232,False,25.1078446370177,0.19366592869541294,turn_point
84,94,23.09011972580622,111.9862492417422,waypoint,420,165,"{'waypoint': 417, 'turn_point': 2, 'stop_point': 1}",waypoint,165,False,99.89292965708196,0.0577590573704302,waypoint
85,243,23.152699047435853,113.21217770417708,waypoint,416,141,"{'waypoint': 410, 'stop_point': 2, 'turn_point': 4}",turn_point,141,False,354.8130704680551,0.14622901189230444,turn_point
86,64,23.22723869656781,111.52809333365448,waypoint,415,125,"{'waypoint': 409, 'turn_point': 6}",turn_point,125,False,184.58643318478843,0.23197449316936844,turn_point
87,315,23.046035016487814,113.23024770115256,waypoint,415,128,"{'waypoint': 414, 'stop_point': 1}",turn_point,20,False,261.1434471742915,0.6310758414481432,turn_point
88,87,23.138276130868405,111.84273918175472,waypoint,406,173,"{'waypoint': 396, 'turn_point': 6, 'stop_point': 4}",turn_point,173,False,58.52222605816481,0.13615130862495087,turn_point
89,245,23.18520772730156,113.2104616206512,waypoint,389,138,"{'waypoint': 376, 'turn_point': 7, 'stop_point': 6}",turn_point,138,False,286.45186808916463,0.04976391345304654,turn_point
90,140,23.11279262796612,112.2227329106911,waypoint,385,123,"{'waypoint': 373, 'turn_point': 7, 'stop_point': 5}",waypoint,123,False,52.42478074602691,0.07964470516123269,waypoint
91,221,23.25740990530928,113.15691719332656,waypoint,381,144,"{'waypoint': 350, 'turn_point': 25, 'stop_point': 6}",turn_point,144,False,333.8183482925401,0.05108456969937064,turn_point
92,284,23.122377113381173,112.56449525266258,waypoint,377,107,{'waypoint': 377},waypoint,107,False,245.07767696067316,0.040509912192379476,waypoint
93,249,23.242760603587374,112.81576678348058,waypoint,372,155,"{'turn_point': 20, 'waypoint': 345, 'stop_point': 7}",turn_point,155,False,18.546193578312074,0.18008660665291937,turn_point
94,39,23.41645432645016,111.20622591096075,waypoint,371,224,"{'waypoint': 326, 'turn_point': 20, 'stop_point': 25}",turn_point,224,False,13.404599319651235,0.08210555855774272,turn_point
95,251,23.275733604112144,112.8542193392314,waypoint,365,160,"{'waypoint': 357, 'stop_point': 7, 'turn_point': 1}",turn_point,160,False,38.40176730006283,0.2808120093218224,turn_point
96,331,23.0527744418886,113.31979889307704,waypoint,365,52,"{'waypoint': 361, 'turn_point': 4}",turn_point,50,False,277.272895586016,0.2814600858592981,turn_point
97,340,23.046744688504518,113.339787046488,waypoint,360,74,"{'waypoint': 351, 'turn_point': 7, 'stop_point': 2}",turn_point,74,False,310.8891669542709,0.36653574111116655,turn_point
98,227,23.028178228253346,113.26282657073727,waypoint,357,119,"{'waypoint': 330, 'turn_point': 19, 'stop_point': 8}",turn_point,119,False,87.30600930020482,0.08577557328638515,turn_point
99,338,23.082748424920595,113.54916368716825,waypoint,357,99,"{'waypoint': 347, 'stop_point': 6, 'turn_point': 4}",turn_point,99,False,50.84900481980073,0.41490742336939257,turn_point
100,354,23.065245534344044,113.4878868266388,waypoint,357,131,"{'waypoint': 325, 'turn_point': 23, 'stop_point': 9}",turn_point,131,False,347.6688743290271,0.26830854227052003,turn_point
101,270,23.01627519044488,113.0342009319437,waypoint,353,77,"{'waypoint': 346, 'stop_point': 7}",turn_point,77,False,272.7718375478702,0.059064595280065135,turn_point
102,312,23.08812906262784,113.57063508461027,waypoint,350,117,"{'waypoint': 292, 'turn_point': 40, 'stop_point': 18}",turn_point,117,False,340.50088024248424,0.11658595883073605,turn_point
103,130,23.16431183890337,112.28533348862484,waypoint,348,93,"{'turn_point': 13, 'waypoint': 330, 'stop_point': 5}",turn_point,93,False,3.1746267138740154,0.3423765666393414,turn_point
104,293,23.111749320742398,112.55679054831084,waypoint,347,88,{'waypoint': 347},waypoint,88,False,224.35125406667026,0.05467250306435143,waypoint
105,230,23.10532550329215,113.60321863010572,waypoint,341,71,"{'waypoint': 331, 'turn_point': 6, 'stop_point': 4}",turn_point,71,False,349.1776660235882,0.11158186378123228,turn_point
106,246,23.20631203117945,113.19683763060166,waypoint,341,102,{'waypoint': 341},turn_point,102,False,249.9476619684819,0.05012468519447687,turn_point
107,320,22.99712124489453,113.51975145888076,waypoint,339,168,{'waypoint': 339},waypoint,168,False,30.71913802604521,0.21195282819578481,waypoint
108,253,22.82028808013717,113.60024224639363,waypoint,337,212,"{'turn_point': 11, 'waypoint': 320, 'stop_point': 6}",turn_point,212,False,345.4130703720511,0.1615394666495388,turn_point
109,269,23.15478166359504,112.88021469743404,waypoint,329,106,"{'waypoint': 326, 'stop_point': 3}",turn_point,61,False,68.70964874668783,0.030283989128024533,turn_point
110,213,23.13608879717172,113.74502355594193,waypoint,326,130,"{'waypoint': 290, 'stop_point': 8, 'turn_point': 28}",turn_point,130,False,105.42706595664777,0.23774544504999273,turn_point
111,313,23.17084358205342,112.74421040492729,waypoint,326,145,"{'turn_point': 3, 'waypoint': 321, 'stop_point': 2}",turn_point,145,False,311.2949282929797,0.05880026598904146,turn_point
112,180,23.57592855640381,112.95284223194702,waypoint,325,141,"{'waypoint': 273, 'turn_point': 26, 'stop_point': 26}",turn_point,141,False,0.23191968982910993,0.6558311610797254,turn_point
113,195,22.832616678741243,113.30820689790522,waypoint,325,156,{'waypoint': 325},turn_point,156,False,327.5555149206927,0.4778646610004881,turn_point
114,125,23.08324957401789,112.01875268120564,waypoint,319,99,"{'waypoint': 316, 'turn_point': 2, 'stop_point': 1}",waypoint,99,False,93.50207166749517,0.07625121752182695,waypoint
115,287,23.11238192401808,112.94687471764064,waypoint,319,72,"{'waypoint': 304, 'turn_point': 11, 'stop_point': 4}",turn_point,72,False,316.4227368294198,0.16280601163440597,turn_point
116,133,23.14865081830604,112.35641256648482,waypoint,315,114,{'waypoint': 315},waypoint,114,False,337.64015780605615,0.07054993840226069,waypoint
117,61,23.13350280134361,111.81362332363484,waypoint,310,107,{'waypoint': 310},waypoint,107,False,87.3340182858012,0.11929556713469942,waypoint
118,252,22.84304995510731,113.58025665562084,waypoint,310,211,"{'waypoint': 287, 'turn_point': 15, 'stop_point': 8}",turn_point,211,False,38.80468761092462,0.1484346034255822,turn_point
119,203,23.372270734950916,112.89929119235114,waypoint,305,128,"{'waypoint': 304, 'turn_point': 1}",turn_point,128,False,12.368873454547876,0.3611296215766703,turn_point
120,201,23.68639811465373,113.07817397905156,waypoint,300,125,{'waypoint': 300},waypoint,125,False,81.19657365385525,0.6604340972395868,waypoint
121,172,23.112209773354717,113.93127490373271,waypoint,299,109,"{'waypoint': 228, 'turn_point': 60, 'stop_point': 11}",turn_point,109,False,11.569379699310304,0.6033893275523724,turn_point
122,151,23.96017017555079,113.27696652732976,waypoint,298,216,"{'waypoint': 293, 'turn_point': 3, 'stop_point': 2}",turn_point,216,False,10.325909331456836,0.43938874953303064,turn_point
123,38,23.362846018120717,111.50369232283036,waypoint,297,174,"{'waypoint': 296, 'stop_point': 1}",turn_point,174,False,158.8090418058225,0.09708403268798803,turn_point
124,225,23.3004739148032,113.16197982294528,waypoint,297,92,{'waypoint': 297},turn_point,92,False,142.2425023686463,0.17623241686001173,turn_point
125,208,23.34929592835837,113.12673741590024,waypoint,294,156,"{'waypoint': 257, 'turn_point': 23, 'stop_point': 14}",turn_point,156,False,295.4599823518087,0.19781331536248367,turn_point
126,308,23.16891657245553,112.71575553951736,waypoint,291,77,{'waypoint': 291},waypoint,77,False,295.9775927536449,0.20282762357656786,waypoint
127,70,23.13861911262796,111.75440232884328,waypoint,290,130,{'waypoint': 290},waypoint,130,False,98.65815410552261,0.04599953105171083,waypoint
128,289,23.098920749317173,113.40261980584783,waypoint,285,71,"{'waypoint': 251, 'turn_point': 23, 'stop_point': 11}",turn_point,71,False,69.63882318155163,0.2440199879932506,turn_point
129,297,23.16872955569492,112.727245750384,waypoint,285,95,{'waypoint': 285},waypoint,95,False,201.82866026793863,0.006726014675239663,waypoint
130,175,23.10345486266428,113.8707372457582,waypoint,283,170,"{'waypoint': 282, 'turn_point': 1}",turn_point,170,False,104.1047636884671,0.2714691436568795,turn_point
131,309,23.155777129673943,112.78723919677932,waypoint,276,79,"{'waypoint': 255, 'stop_point': 5, 'turn_point': 16}",turn_point,79,False,311.07100244531995,0.24383805212835383,turn_point
132,214,22.998264759408386,113.2516217362222,waypoint,271,134,"{'waypoint': 251, 'turn_point': 12, 'stop_point': 8}",turn_point,134,False,173.00372022089908,0.12288770268102318,turn_point
133,248,22.78578213932117,113.62834764021451,waypoint,269,229,"{'turn_point': 5, 'waypoint': 263, 'stop_point': 1}",turn_point,229,False,325.11425283468157,0.15226724241639644,turn_point
134,295,23.07335145151006,112.52917891286492,waypoint,264,124,"{'waypoint': 261, 'turn_point': 3}",waypoint,124,False,183.60841622840317,0.08424605558457136,waypoint
135,75,23.42740215642314,111.4958647304256,waypoint,263,159,{'waypoint': 263},turn_point,159,False,249.69182766647228,0.053219851134119374,turn_point
136,352,23.0305223073137,113.51485405723622,waypoint,262,134,"{'waypoint': 249, 'stop_point': 6, 'turn_point': 7}",turn_point,134,False,309.98566322013863,0.05536288179139891,turn_point
137,144,22.97766909482569,112.98181948437424,waypoint,260,190,"{'turn_point': 7, 'waypoint': 251, 'stop_point': 2}",turn_point,190,False,140.1479175097893,0.309973074094987,turn_point
138,183,23.745829507476305,113.19875590813044,waypoint,260,105,"{'waypoint': 257, 'turn_point': 1, 'stop_point': 2}",turn_point,105,False,44.80323390279991,0.7116847911610309,turn_point
139,307,23.168424672207088,112.72031646184328,waypoint,257,55,{'waypoint': 257},waypoint,55,False,269.25960387631903,0.15946177692426794,waypoint
140,254,22.8584363696108,113.5691176578204,waypoint,251,183,"{'waypoint': 250, 'turn_point': 1}",turn_point,183,False,10.396607286311111,0.09762067976889739,turn_point
141,260,23.02050497802718,113.5173068665329,waypoint,251,165,"{'waypoint': 235, 'turn_point': 11, 'stop_point': 5}",turn_point,165,False,356.7875027842829,0.3813258512945987,turn_point
142,190,23.702137002023814,113.1435361785258,waypoint,246,110,"{'waypoint': 241, 'stop_point': 5}",turn_point,110,False,107.24528663828977,0.6407795916677117,turn_point
143,37,22.23390499723161,113.15538666488852,waypoint,244,209,"{'waypoint': 243, 'turn_point': 1}",turn_point,209,False,243.59453180932036,0.04054132114497049,turn_point
144,102,23.080248283270496,112.15668487841135,waypoint,239,88,{'waypoint': 239},waypoint,88,False,238.78228305257002,0.03185108597593546,waypoint
145,232,23.32877137665608,112.87023738903702,waypoint,234,130,{'waypoint': 234},turn_point,130,False,17.445155385614967,0.3106536243470141,turn_point
146,197,23.501750034652552,112.90929011246082,waypoint,232,95,"{'waypoint': 231, 'stop_point': 1}",turn_point,95,False,27.76564589818789,0.49771034068311915,turn_point
147,83,23.18975051257779,111.58274512170613,waypoint,227,72,{'waypoint': 227},turn_point,72,False,149.83270844823718,0.0984007847975224,turn_point
148,167,22.36140696024545,113.95348158537894,waypoint,227,198,"{'turn_point': 24, 'waypoint': 196, 'stop_point': 7}",turn_point,198,False,41.18836916732484,0.08841907675384474,turn_point
149,318,23.095967614881555,113.42451051188448,turn_point,227,38,"{'turn_point': 126, 'waypoint': 92, 'stop_point': 9}",turn_point,38,False,319.3170032238801,0.5846018564454253,turn_point
150,170,22.89769881223059,113.22287597895944,waypoint,226,161,"{'waypoint': 217, 'turn_point': 6, 'stop_point': 3}",turn_point,161,False,29.57464218507802,0.09008995934996163,turn_point
151,189,23.70400492255965,113.17803274712324,waypoint,226,89,{'waypoint': 226},turn_point,89,False,61.89526803633403,0.5165846822441434,turn_point
152,223,22.97338051683257,113.50611199754908,waypoint,223,81,"{'waypoint': 209, 'turn_point': 9, 'stop_point': 5}",turn_point,81,False,20.409071099207527,0.6622733616752092,turn_point
153,117,23.172781625986133,112.30369176256238,waypoint,222,106,{'waypoint': 222},waypoint,106,False,81.42414182864763,0.05999091838235166,waypoint
154,205,23.682115170264304,112.98419759579576,waypoint,222,101,"{'waypoint': 211, 'turn_point': 9, 'stop_point': 2}",turn_point,101,False,43.87164168413795,0.613448666767976,turn_point
155,237,23.107706999004403,113.6358341844013,waypoint,220,43,"{'waypoint': 183, 'turn_point': 27, 'stop_point': 10}",turn_point,43,False,52.970562272877025,0.34001658760387027,turn_point
156,54,23.31572823246631,111.53701994483178,waypoint,215,110,{'waypoint': 215},turn_point,110,False,152.83441603286002,0.052161527278841886,turn_point
157,224,22.95063761152335,113.49887870442176,waypoint,215,115,"{'waypoint': 210, 'turn_point': 3, 'stop_point': 2}",turn_point,115,False,356.13914704161704,0.5923403748922881,turn_point
158,152,24.01276717440521,113.27727752055632,waypoint,214,138,"{'waypoint': 210, 'turn_point': 2, 'stop_point': 2}",turn_point,138,False,30.154950894620708,0.3897348876030737,turn_point
159,159,22.88129245844413,113.12060750278904,waypoint,212,145,"{'waypoint': 210, 'turn_point': 1, 'stop_point': 1}",turn_point,145,False,89.91137416769958,0.08878753785906983,turn_point
160,226,23.31150512706502,113.1498234301356,waypoint,212,66,"{'waypoint': 205, 'turn_point': 3, 'stop_point': 4}",turn_point,66,False,332.57583726836697,0.13507599757212171,turn_point
161,74,23.238301342606174,111.54280646867336,waypoint,211,82,"{'waypoint': 193, 'turn_point': 12, 'stop_point': 6}",turn_point,82,False,294.9278391643552,0.2652652069716987,turn_point
162,69,23.135666201942964,111.7612275697681,waypoint,209,103,{'waypoint': 209},waypoint,103,False,96.82579274193792,0.2534056240331417,waypoint
163,45,22.152038038502603,113.80423211348791,waypoint,208,164,"{'waypoint': 190, 'turn_point': 13, 'stop_point': 5}",turn_point,164,False,25.679159050272805,0.28494635555099657,turn_point
164,330,23.0737409489127,113.25432403754262,waypoint,208,54,"{'waypoint': 194, 'turn_point': 11, 'stop_point': 3}",turn_point,54,False,270.74466416946603,0.07994458854343969,turn_point
165,355,23.058301526873827,113.4976323676196,waypoint,204,77,"{'waypoint': 203, 'stop_point': 1}",turn_point,77,False,305.7984801999132,0.20079182283482597,turn_point
166,92,23.11082131566643,112.40108342072718,waypoint,201,98,{'waypoint': 201},turn_point,98,False,16.328722014743107,0.19203485828365757,turn_point
167,17,23.46528125391325,110.76334454000296,waypoint,196,150,"{'waypoint': 185, 'turn_point': 8, 'stop_point': 3}",turn_point,150,False,76.56745124389398,0.2072280099886871,turn_point
168,137,23.120233718461524,112.24776604131029,waypoint,196,82,"{'waypoint': 194, 'turn_point': 1, 'stop_point': 1}",waypoint,82,False,241.7914062091171,0.1407758298651634,waypoint
169,33,22.579866549351244,113.47103039300268,waypoint,191,155,"{'waypoint': 181, 'turn_point': 7, 'stop_point': 3}",turn_point,155,False,107.6763462397991,0.4178732790759286,turn_point
170,176,22.513274240083163,113.8526624200951,waypoint,191,155,"{'waypoint': 187, 'turn_point': 2, 'stop_point': 2}",turn_point,155,False,145.69720184505258,0.3137601985586852,turn_point
171,40,23.426184487738823,111.15416579181095,waypoint,190,139,"{'waypoint': 170, 'turn_point': 14, 'stop_point': 6}",turn_point,139,False,314.2021811604649,0.2135831084577602,turn_point
172,196,22.80600306695169,113.33983274142066,waypoint,187,134,"{'waypoint': 177, 'turn_point': 9, 'stop_point': 1}",turn_point,134,False,348.47973337493573,0.22067816926398742,turn_point
173,82,23.19174407962516,111.57824295656226,waypoint,186,83,"{'waypoint': 184, 'stop_point': 1, 'turn_point': 1}",turn_point,83,False,31.771889848138972,0.0353913979460697,turn_point
174,275,22.95804217795021,113.53771904492424,waypoint,186,129,{'waypoint': 186},turn_point,129,False,25.22972843764482,0.048190369866857825,turn_point
175,235,23.108209741121293,113.36075233956797,waypoint,185,65,"{'waypoint': 163, 'turn_point': 16, 'stop_point': 6}",turn_point,65,False,196.27250334016804,0.2938008870169516,turn_point
176,42,22.448664047259,113.18422836329113,waypoint,182,144,"{'waypoint': 180, 'turn_point': 2}",turn_point,144,False,29.122132701893097,0.11855252159355534,turn_point
177,161,22.419148343780165,113.75476495090074,waypoint,181,174,"{'waypoint': 178, 'turn_point': 2, 'stop_point': 1}",turn_point,174,False,14.334480825108223,0.15518522407527854,turn_point
178,53,23.13359522944738,111.79576909447113,waypoint,179,115,"{'waypoint': 174, 'stop_point': 1, 'turn_point': 4}",waypoint,115,False,270.1347864672814,0.029052024986720583,waypoint
179,79,23.132163838517013,111.93911552335476,waypoint,179,100,"{'waypoint': 173, 'stop_point': 3, 'turn_point': 3}",turn_point,100,False,271.31074844788094,0.05088465735989679,turn_point
180,106,23.11580991898809,111.97378032480424,waypoint,179,83,"{'waypoint': 177, 'stop_point': 1, 'turn_point': 1}",turn_point,83,False,160.1581132471935,0.05969475747575645,turn_point
181,174,23.13118092565331,113.80687151681894,waypoint,177,99,"{'waypoint': 155, 'turn_point': 19, 'stop_point': 3}",turn_point,99,False,75.80070293817369,0.1206404573178738,turn_point
182,153,24.05612543106133,113.32007891750976,waypoint,176,114,"{'waypoint': 173, 'stop_point': 2, 'turn_point': 1}",turn_point,114,False,58.51832314489164,0.6076745752341682,turn_point
183,111,22.81218061372187,113.0117675509126,waypoint,175,161,{'waypoint': 175},waypoint,161,False,302.81995406676634,0.07287624880480871,waypoint
184,263,23.110109807440267,113.38614976430316,waypoint,175,51,"{'waypoint': 156, 'turn_point': 17, 'stop_point': 2}",turn_point,51,False,345.9281856978632,0.30553001758454634,turn_point
185,134,23.109747575794728,112.21881962754684,waypoint,174,77,"{'waypoint': 171, 'turn_point': 2, 'stop_point': 1}",turn_point,77,False,20.84055125888921,0.2336105116616129,turn_point
186,112,23.43688162538707,111.49278854424738,waypoint,172,88,"{'waypoint': 169, 'turn_point': 3}",turn_point,88,False,126.47317758221493,0.27639458029976577,turn_point
187,250,23.28874784132571,112.86182529536045,waypoint,171,94,"{'turn_point': 5, 'waypoint': 164, 'stop_point': 2}",turn_point,94,False,5.8568536598017875,0.4192675606860022,turn_point
188,358,23.051699016451,113.50477652161416,waypoint,170,69,"{'waypoint': 169, 'turn_point': 1}",waypoint,69,False,318.38737909132647,0.4479822149580957,waypoint
189,58,23.405099247745,111.4891608435714,waypoint,169,85,{'waypoint': 169},waypoint,85,False,168.86967706884846,0.15997029077097946,waypoint
190,179,23.78243595744018,113.22517519007476,waypoint,169,88,"{'waypoint': 156, 'turn_point': 2, 'stop_point': 11}",turn_point,88,False,39.78282134751078,0.3049545757579148,turn_point
191,191,23.71324792195812,113.11570921737724,waypoint,168,56,{'waypoint': 168},turn_point,56,False,66.21290720033484,0.6434221811410789,turn_point
192,334,23.064207563192436,113.26166971019576,waypoint,164,47,"{'waypoint': 150, 'turn_point': 10, 'stop_point': 4}",turn_point,47,False,278.2983893797243,0.33490991049007207,turn_point
193,301,23.15275296117513,112.7881745014757,waypoint,163,78,"{'turn_point': 10, 'waypoint': 150, 'stop_point': 3}",turn_point,78,False,120.37565514228557,0.31032993314375623,turn_point
194,5,22.79660286533234,108.90978504547633,waypoint,160,135,"{'waypoint': 155, 'turn_point': 3, 'stop_point': 2}",turn_point,135,False,175.7766329425868,0.3053005560050332,turn_point
195,72,23.16624715381795,111.64963315368318,waypoint,160,72,{'waypoint': 160},turn_point,72,False,131.24943717230352,0.0815474027341105,turn_point
196,239,22.645776589062468,113.69330684344548,waypoint,159,133,"{'waypoint': 140, 'turn_point': 12, 'stop_point': 7}",turn_point,133,False,286.3425973896499,0.1194606197639919,turn_point
197,49,23.45281951005977,111.0947201664468,waypoint,158,121,"{'waypoint': 154, 'turn_point': 2, 'stop_point': 2}",turn_point,121,False,283.62262486620494,0.4412651763033331,turn_point
198,177,22.466588004822874,113.8584514135725,waypoint,158,131,"{'turn_point': 4, 'waypoint': 148, 'stop_point': 6}",turn_point,131,False,116.64006128787344,0.1889826082714737,turn_point
199,57,23.21523902930484,111.53514389224974,waypoint,157,77,{'waypoint': 157},waypoint,77,False,116.63194669969,0.07149585568940918,waypoint
200,207,23.405683762878557,112.89133598442722,waypoint,157,65,"{'waypoint': 153, 'turn_point': 3, 'stop_point': 1}",turn_point,65,False,353.1747550352751,0.49305699800189207,turn_point
201,233,22.68240187725778,113.6957982838484,waypoint,156,120,"{'waypoint': 144, 'turn_point': 7, 'stop_point': 5}",turn_point,120,False,97.87473373308704,0.23496897388984678,turn_point
202,67,23.152718937794607,111.70675782740317,waypoint,153,52,{'waypoint': 153},turn_point,52,False,98.04671484832623,0.1254878637852894,turn_point
203,321,22.98879814958941,113.52116558915829,waypoint,152,94,{'waypoint': 152},turn_point,94,False,63.82347688717157,0.17474319378427583,turn_point
204,185,22.778879086539217,113.2467940988804,waypoint,151,119,{'waypoint': 151},turn_point,119,False,87.48054638839945,0.33214967671213774,turn_point
205,219,23.241653755046517,113.07970058319442,waypoint,151,56,"{'waypoint': 132, 'turn_point': 15, 'stop_point': 4}",turn_point,56,False,356.15411647668634,0.18077854404657626,turn_point
206,317,23.170204544683163,112.76425454079208,waypoint,151,36,"{'waypoint': 143, 'turn_point': 6, 'stop_point': 2}",turn_point,36,False,280.5554438410043,0.38742064246143043,turn_point
207,200,23.70076556584299,113.04430632960612,waypoint,149,68,{'waypoint': 149},turn_point,68,False,115.63995530957365,0.7532092403937588,turn_point
208,76,23.18580857909805,111.63476024584216,waypoint,147,86,"{'waypoint': 136, 'turn_point': 7, 'stop_point': 4}",turn_point,86,False,127.17085259838149,0.18319415132754033,turn_point
209,3,22.795587936225623,108.33110996000156,waypoint,146,129,"{'waypoint': 142, 'turn_point': 3, 'stop_point': 1}",turn_point,129,False,112.86753169500713,0.6633902028172942,turn_point
210,46,22.347403550943483,113.19242519064912,waypoint,146,85,{'waypoint': 146},turn_point,85,False,59.15249402305128,0.15616260069663304,turn_point
211,199,23.70068369686484,113.0148925009471,waypoint,146,72,"{'waypoint': 145, 'stop_point': 1}",waypoint,72,False,72.86881682115772,0.6210744047317724,waypoint
212,238,22.748363061861525,113.65468134277388,waypoint,143,108,"{'waypoint': 140, 'turn_point': 1, 'stop_point': 2}",turn_point,108,False,256.570263353073,0.11697393277161762,turn_point
213,168,22.403722112830327,113.8996739957735,waypoint,139,124,"{'waypoint': 126, 'turn_point': 13}",turn_point,124,False,124.67403582651727,0.020627857255097203,turn_point
214,120,22.22456719036657,113.8073419482449,waypoint,138,107,"{'waypoint': 135, 'turn_point': 2, 'stop_point': 1}",turn_point,107,False,357.40580596290187,0.29619085048113647,turn_point
215,9,22.939198141538007,116.54075058412268,waypoint,137,133,{'waypoint': 137},turn_point,133,False,262.37326416401703,0.03739160118034113,turn_point
216,193,22.74993052044377,113.22999405784492,waypoint,136,97,"{'waypoint': 134, 'turn_point': 2}",waypoint,97,False,306.21329835851617,0.2828981357641915,waypoint
217,276,22.927762174938813,113.55150800817158,waypoint,136,103,"{'waypoint': 135, 'turn_point': 1}",turn_point,103,False,267.440757111367,0.06833355734499716,turn_point
218,14,23.451816899005205,110.623525505757,waypoint,135,135,"{'waypoint': 134, 'turn_point': 1}",waypoint,135,False,279.4910703856506,0.7728930736472855,waypoint
219,110,22.87592293889649,112.91186183863968,waypoint,135,118,"{'waypoint': 134, 'stop_point': 1}",turn_point,118,False,332.2253212323555,0.20673819817080066,turn_point
220,182,22.749221202934663,113.3982129847559,waypoint,135,97,"{'waypoint': 124, 'turn_point': 7, 'stop_point': 4}",turn_point,97,False,335.3010353509547,0.37369248221263723,turn_point
221,44,22.67203060283505,113.09509067680976,waypoint,133,121,{'waypoint': 133},turn_point,121,False,341.3840154191187,0.4068920394114859,turn_point
222,86,23.13502384438413,111.82426363696032,waypoint,133,66,"{'waypoint': 130, 'turn_point': 1, 'stop_point': 2}",turn_point,66,False,92.28569229479635,0.16170237808630922,turn_point
223,97,24.25576115336434,113.4653453653198,waypoint,133,83,"{'waypoint': 132, 'stop_point': 1}",waypoint,83,False,317.63433809759624,0.39960310766654195,waypoint
224,91,23.15775167297051,111.67364941706884,waypoint,132,58,{'waypoint': 132},turn_point,58,False,36.15774533057054,0.04907366741332,turn_point
225,166,22.53974616222545,113.81114745352411,waypoint,132,117,{'waypoint': 132},turn_point,117,False,136.2835783159264,0.33670853702337056,turn_point
226,216,23.254195611384446,113.12570693405196,waypoint,132,95,{'waypoint': 132},turn_point,95,False,322.49559858487765,0.051777008821868864,turn_point
227,209,23.64618903131379,112.9601055232777,waypoint,131,35,"{'waypoint': 109, 'turn_point': 21, 'stop_point': 1}",turn_point,35,False,353.1028133256111,0.5747905946894704,turn_point
228,357,23.056728984148144,113.5007666226946,waypoint,130,62,"{'waypoint': 118, 'turn_point': 8, 'stop_point': 4}",merge_point,62,False,317.8317423065121,0.7497711575875459,merge_point
229,25,21.891729861852653,113.22934766060794,waypoint,129,101,"{'turn_point': 7, 'waypoint': 119, 'stop_point': 3}",turn_point,101,False,53.50401478892582,0.2595272001270781,turn_point
230,121,23.19223369267389,111.62337731958752,waypoint,129,77,{'waypoint': 129},waypoint,77,False,102.38662752419553,0.2274175452853499,waypoint
231,90,23.160303464910346,111.6826399692784,waypoint,128,58,{'waypoint': 128},turn_point,58,False,59.34191072893303,0.11498496749327841,turn_point
232,147,22.75987699228624,113.0757943515934,waypoint,126,118,{'waypoint': 126},waypoint,118,False,12.123317362441066,0.30916772913070534,waypoint
233,242,22.68056013137556,113.68597532472884,waypoint,126,114,{'waypoint': 126},waypoint,114,False,23.189905304882718,0.31519369052015067,waypoint
234,305,23.097212099699707,112.54274286194796,waypoint,125,47,{'waypoint': 125},turn_point,47,False,238.08001606430372,0.04032163713210976,turn_point
235,26,23.511145631903634,111.33068465729431,waypoint,124,82,"{'waypoint': 114, 'turn_point': 5, 'stop_point': 5}",turn_point,82,False,213.71517001560593,0.32235809725339526,turn_point
236,231,23.12115309473592,113.6599075116622,waypoint,124,52,"{'waypoint': 114, 'turn_point': 5, 'stop_point': 5}",turn_point,52,False,45.30464282272473,0.4312667709734446,turn_point
237,18,22.446838268134453,112.81154449093464,waypoint,123,96,"{'turn_point': 4, 'waypoint': 118, 'stop_point': 1}",turn_point,96,False,136.4505308605473,0.16853245428224245,turn_point
238,256,23.24921241705025,112.81922514837832,waypoint,123,37,"{'waypoint': 121, 'stop_point': 2}",turn_point,37,False,44.432472129958754,0.3340468861862554,turn_point
239,55,23.472226792946948,111.39429612950548,waypoint,122,64,"{'waypoint': 120, 'stop_point': 2}",turn_point,64,False,44.05288741093181,0.023716591399348605,turn_point
240,43,23.43053603675333,111.01938880242166,waypoint,120,107,"{'waypoint': 119, 'stop_point': 1}",turn_point,107,False,250.10737113207176,0.1644924326185511,turn_point
241,181,22.732264129628028,113.4444573360791,waypoint,120,99,"{'waypoint': 113, 'stop_point': 2, 'turn_point': 5}",turn_point,99,False,312.31559843734254,0.46595980563295486,turn_point
242,99,24.14253640789058,113.39945558639808,waypoint,117,81,"{'waypoint': 112, 'turn_point': 4, 'stop_point': 1}",turn_point,81,False,24.548688596335225,0.943189369840154,turn_point
243,258,23.208333759630765,112.8068354659738,waypoint,117,50,"{'turn_point': 8, 'stop_point': 3, 'waypoint': 106}",turn_point,50,False,14.220515388702763,0.29964755261897336,turn_point
244,22,22.62379326156222,115.56232647874292,waypoint,116,116,{'waypoint': 116},waypoint,116,False,233.11361938450264,0.24021123791580895,waypoint
245,228,23.13074208551929,113.69880220922296,waypoint,116,68,{'waypoint': 116},turn_point,68,False,54.77985828686953,0.43144259699168613,turn_point
246,128,23.09781298532399,112.20837561898888,waypoint,115,46,"{'waypoint': 110, 'turn_point': 4, 'stop_point': 1}",turn_point,46,False,13.368209226148316,0.3623492993865529,turn_point
247,210,23.65523219588355,112.97027147729682,waypoint,114,51,"{'waypoint': 106, 'turn_point': 7, 'stop_point': 1}",turn_point,51,False,20.224541919720703,0.5587466946707618,turn_point
248,129,23.01584625823579,112.83018504652884,waypoint,109,75,"{'waypoint': 99, 'stop_point': 4, 'turn_point': 6}",turn_point,75,False,304.9132131914114,0.2318315141435322,turn_point
249,116,23.085770688850268,112.121786274373,waypoint,109,36,{'waypoint': 109},turn_point,34,False,79.17870629898987,0.3409130522834875,turn_point
250,187,22.786887916720826,113.30479363483386,waypoint,107,78,{'waypoint': 107},turn_point,78,False,46.79635208186728,0.2924239109402867,turn_point
251,16,22.71644182944518,109.3277724596951,waypoint,106,75,"{'turn_point': 7, 'waypoint': 98, 'stop_point': 1}",turn_point,75,False,48.1699867151936,0.3375586008273539,turn_point
252,156,22.614623437130568,113.70504512886107,waypoint,106,95,"{'waypoint': 103, 'turn_point': 2, 'stop_point': 1}",waypoint,95,False,301.84487609874174,0.12066834674206867,waypoint
253,84,23.285751269705788,111.55526532634262,waypoint,104,51,{'waypoint': 104},turn_point,51,False,336.7479125664809,0.0854207466348839,turn_point
254,114,23.129944648424324,112.39319375015612,waypoint,104,39,{'waypoint': 104},waypoint,39,False,122.43385030275896,0.14744603035427073,waypoint
255,-1,22.989444943101542,113.14425626507338,waypoint,104,2,{'waypoint': 104},turn_point,1,True,267.7216725233792,0.9997016805411962,turn_point
256,32,22.50869092701708,112.91131353908872,waypoint,103,95,{'waypoint': 103},turn_point,95,False,214.68053408767662,0.04566568913033452,turn_point
257,346,23.052754755769037,113.52571880321403,waypoint,102,37,"{'waypoint': 99, 'stop_point': 2, 'turn_point': 1}",turn_point,37,False,52.414510881285004,0.3346693582375266,turn_point
258,77,23.179453049344303,111.64064189726253,waypoint,101,56,{'waypoint': 101},waypoint,56,False,294.475373478602,0.21367886722530566,waypoint
259,286,23.048330084771788,112.97813828852216,waypoint,101,36,"{'waypoint': 100, 'stop_point': 1}",turn_point,36,False,194.96396075963628,0.12547430565950884,turn_point
260,47,22.290958919999596,113.18144761728172,waypoint,100,80,{'waypoint': 100},turn_point,80,False,333.63980528203837,0.13181139195009187,turn_point
261,218,23.252338428039412,113.09598809838444,waypoint,98,54,{'waypoint': 98},turn_point,54,False,80.73462765363335,0.11506237167875362,turn_point
262,212,23.128557861520243,113.77533774929398,waypoint,97,68,{'waypoint': 97},waypoint,68,False,87.62619426532319,0.24975635394986287,waypoint
263,353,23.02045014108004,113.5125878461829,waypoint,97,27,"{'waypoint': 70, 'turn_point': 19, 'stop_point': 8}",turn_point,27,False,124.97421059634891,0.14777158642823815,turn_point
264,6,22.24528183235063,114.37870683812612,waypoint,96,96,"{'waypoint': 94, 'turn_point': 2}",waypoint,96,False,264.1058278279009,0.06946301493150851,waypoint
265,95,23.133197004954383,111.94726281861658,waypoint,96,44,{'waypoint': 96},turn_point,44,False,0.5279963735744858,0.18073937463718615,turn_point
266,41,22.51403734962544,113.16871979569046,waypoint,95,95,{'waypoint': 95},turn_point,95,False,9.913923537856807,0.19238939411682882,turn_point
267,119,22.281059043375947,113.7324472937305,waypoint,95,93,{'waypoint': 95},turn_point,93,False,358.8856739731729,0.02660786368016837,turn_point
268,143,22.591543036704472,113.59746682073816,waypoint,95,90,"{'turn_point': 3, 'stop_point': 2, 'waypoint': 90}",turn_point,90,False,341.1407918609684,0.3818651334699071,turn_point
269,278,23.165341008020707,112.5982605418718,waypoint,95,31,{'waypoint': 95},waypoint,31,False,62.755820651272934,0.6437647378271832,waypoint
270,350,23.08524030824808,113.4682413602809,waypoint,95,57,"{'turn_point': 15, 'waypoint': 79, 'stop_point': 1}",turn_point,57,False,32.211053851004465,0.07149733164257246,turn_point
271,-1,22.98916937703629,113.14176346891853,waypoint,95,89,{'waypoint': 95},turn_point,1,True,258.0468315333489,0.3466347854738655,turn_point
272,-1,23.00773012226699,113.16024225911931,waypoint,94,85,{'waypoint': 94},turn_point,1,True,215.63662034410072,0.25403493151775,turn_point
273,150,22.73777452210986,113.15966872550376,waypoint,93,78,{'waypoint': 93},turn_point,78,False,121.78055415231518,0.20978479670842745,turn_point
274,59,22.34071364226533,114.12261856448968,waypoint,92,79,"{'turn_point': 6, 'waypoint': 81, 'stop_point': 5}",merge_point,79,False,309.3084603668884,0.1588396232549274,merge_point
275,63,23.203511127988538,111.56094955475336,waypoint,92,77,{'waypoint': 92},waypoint,77,False,304.83801874492724,0.31902051769239903,waypoint
276,71,23.192098772287792,111.60623485881206,waypoint,92,50,"{'waypoint': 90, 'turn_point': 2}",turn_point,50,False,285.1340923205431,0.07427679367162235,turn_point
277,-1,23.006264426810567,113.15972373554916,waypoint,91,85,{'waypoint': 91},turn_point,1,True,199.2328785462437,0.1447462817253056,turn_point
278,202,23.353216262889845,112.88674907692318,waypoint,88,54,"{'waypoint': 85, 'turn_point': 2, 'stop_point': 1}",turn_point,54,False,28.032613258039067,0.23319139447702336,turn_point
279,240,22.72378384869361,113.70534565734692,waypoint,88,56,"{'waypoint': 81, 'stop_point': 4, 'turn_point': 3}",turn_point,56,False,7.454838140991223,0.32118762716868604,turn_point
280,155,22.5428162499938,113.63750512441716,waypoint,87,84,{'waypoint': 87},turn_point,84,False,314.4394171597533,0.4656702010852341,turn_point
281,194,22.731578805394992,113.2274050629521,waypoint,87,78,{'waypoint': 87},waypoint,78,False,1.7063872633808286,0.07911156094433863,waypoint
282,19,22.097987609243205,114.01376896327608,waypoint,85,58,"{'turn_point': 6, 'waypoint': 75, 'stop_point': 4}",turn_point,58,False,38.85296438636335,0.2895039730616112,turn_point
283,21,22.483067278250797,114.97754083538229,waypoint,84,84,{'waypoint': 84},waypoint,84,False,107.16974296371107,0.13606892603815698,waypoint
284,100,23.13296143326803,111.9566838845054,waypoint,84,30,"{'waypoint': 75, 'turn_point': 8, 'stop_point': 1}",turn_point,30,False,95.05845849587607,0.9486569997623194,turn_point
285,149,22.73568092875197,113.18840726783176,waypoint,84,57,{'waypoint': 84},turn_point,57,False,108.45209546056192,0.20733231437829075,turn_point
286,20,23.22112790542804,116.8678022109372,waypoint,82,82,{'waypoint': 82},waypoint,82,False,231.31800522106676,0.194746182663643,waypoint
287,27,22.069887229875448,113.08727127393075,waypoint,82,77,{'waypoint': 82},waypoint,77,False,227.1757479900967,0.06392499255160508,waypoint
288,31,22.50311244757785,112.97679522966776,waypoint,82,79,{'waypoint': 82},turn_point,79,False,153.95595257510274,0.062382881810910625,turn_point
289,51,22.612458607355,113.15796486935665,waypoint,82,61,"{'waypoint': 75, 'turn_point': 5, 'stop_point': 2}",turn_point,61,False,328.05938861624855,0.09906616114127002,turn_point
290,56,23.469940725308685,111.4107862617001,waypoint,82,40,"{'waypoint': 81, 'stop_point': 1}",turn_point,40,False,293.3422456778253,0.09825838671362983,turn_point
291,30,23.39354891605949,110.94278446038312,waypoint,80,71,"{'waypoint': 78, 'stop_point': 1, 'turn_point': 1}",waypoint,71,False,238.75183908829922,0.23248801965278082,waypoint
292,178,23.82684836675197,113.25489830721766,waypoint,80,51,"{'stop_point': 5, 'waypoint': 71, 'turn_point': 4}",turn_point,51,False,74.5408087874134,0.16530953213057853,turn_point
293,359,23.0482870235403,113.5077773997557,waypoint,80,34,"{'turn_point': 5, 'waypoint': 71, 'stop_point': 4}",turn_point,34,False,339.0629151474071,0.4918699181165719,turn_point
294,-1,23.050828125636635,113.27447688968007,waypoint,80,2,"{'waypoint': 74, 'turn_point': 5, 'stop_point': 1}",turn_point,1,True,334.18949570233696,0.8156304014356545,turn_point
295,13,23.844926163122373,117.85461558476992,waypoint,79,79,{'waypoint': 79},waypoint,79,False,44.34025486367785,0.9923603884014353,waypoint
296,23,22.745580885913075,115.98771174471216,waypoint,76,75,{'waypoint': 76},waypoint,75,False,239.32112927018258,0.15826188190009507,waypoint
297,-1,23.000733610572382,113.16275102736742,waypoint,76,74,{'waypoint': 76},turn_point,1,True,132.22326005000016,0.188833947894502,turn_point
298,142,23.15421148719348,112.28230801158044,waypoint,75,40,{'waypoint': 75},waypoint,40,False,200.32451701700114,0.630852563450736,waypoint
299,-1,22.98899066773987,113.1412817985152,waypoint,75,2,{'waypoint': 75},turn_point,1,True,250.34257464273597,0.2541239266408861,turn_point
300,206,23.419875585242263,112.88725631399922,waypoint,74,44,"{'waypoint': 72, 'stop_point': 1, 'turn_point': 1}",turn_point,44,False,27.88831019899558,0.26650644544042573,turn_point
301,222,23.267433259922104,113.14101454916052,waypoint,71,54,{'waypoint': 71},turn_point,54,False,323.9577807249617,0.12737480540253474,turn_point
302,-1,23.00228042734273,113.05323892729584,waypoint,71,62,{'waypoint': 71},turn_point,1,True,256.474750718908,0.1839237939419703,turn_point
303,-1,23.004707190965537,113.15978979921192,waypoint,71,66,{'waypoint': 71},turn_point,1,True,166.7908265919115,0.3508780009846782,turn_point
304,28,23.528318565765552,117.401617337689,waypoint,70,70,{'waypoint': 70},waypoint,70,False,60.609365176690744,0.13956797977059965,waypoint
305,220,23.23448371816937,113.06713800691678,waypoint,70,28,"{'waypoint': 54, 'turn_point': 10, 'stop_point': 6}",turn_point,28,False,350.5038323525107,0.42432627794973116,turn_point
306,29,23.421772701113216,117.19678395565816,waypoint,69,68,{'waypoint': 69},waypoint,68,False,243.15710608013703,0.15846593854805402,waypoint
307,48,23.448517088420537,111.05571591410028,waypoint,69,58,{'waypoint': 69},waypoint,58,False,247.82900648827354,0.1827892877210521,waypoint
308,-1,23.00280979753063,113.05521612538725,waypoint,68,62,{'waypoint': 68},turn_point,1,True,235.2946845847557,0.0283515410874393,turn_point
309,-1,22.989051956854496,113.14718274182894,waypoint,67,2,{'waypoint': 67},turn_point,1,True,284.50479793580905,0.7318321975908173,turn_point
310,163,22.527896840333057,113.72474993166728,waypoint,66,61,{'waypoint': 66},turn_point,61,False,215.99499374401205,0.18549002275474952,turn_point
311,236,23.107836314798085,113.6132444257454,waypoint,66,9,"{'waypoint': 47, 'turn_point': 13, 'stop_point': 6}",turn_point,5,False,8.076191259827162,0.842730217052743,turn_point
312,165,22.589701595240832,113.7704610530258,waypoint,65,62,{'waypoint': 65},turn_point,62,False,144.37004568675988,0.13866938908806434,turn_point
313,234,22.66366874272458,113.66348290205696,waypoint,65,30,"{'waypoint': 49, 'turn_point': 9, 'stop_point': 7}",turn_point,30,False,231.39243819849526,0.20503579661410823,turn_point
314,154,22.748405576491493,113.55528524638612,waypoint,64,45,"{'waypoint': 57, 'stop_point': 2, 'turn_point': 5}",turn_point,45,False,350.3938789707176,0.4736248358498278,turn_point
315,171,22.440138819117077,113.88184342143138,waypoint,64,62,{'waypoint': 64},turn_point,62,False,149.24461979222954,0.2102051751872006,turn_point
316,158,22.903362516472647,113.06938125316316,waypoint,63,51,{'waypoint': 63},turn_point,51,False,127.4866832941755,0.2772748185333157,turn_point
317,12,22.66320369004824,109.27902174246496,waypoint,62,55,"{'waypoint': 56, 'turn_point': 1, 'stop_point': 5}",turn_point,55,False,70.11485335328491,0.6777123790673014,turn_point
318,122,23.192866044083605,111.61927615039504,waypoint,62,39,{'waypoint': 62},turn_point,39,False,60.6891316467367,0.16617606497730378,turn_point
319,160,22.894156678798943,113.15816561632457,waypoint,62,55,{'waypoint': 62},turn_point,55,False,171.40821894152808,0.07775673653602674,turn_point
320,-1,22.98922635501559,113.14222212563084,waypoint,62,60,{'waypoint': 62},turn_point,1,True,262.0712880795938,0.2901962824451385,turn_point
321,-1,22.99325112290189,113.16122149938916,waypoint,62,60,{'waypoint': 62},turn_point,1,True,12.99145943690715,0.0963242051043555,turn_point
322,-1,22.99921707397243,113.16327910704864,waypoint,62,54,"{'waypoint': 61, 'turn_point': 1}",turn_point,1,True,191.5674145174203,0.1603810715745733,turn_point
323,-1,23.002720978365964,113.0547919435847,waypoint,62,59,{'waypoint': 62},turn_point,1,True,243.38701251706425,0.2575319584216635,turn_point
324,-1,23.005061239173774,113.06025379215303,waypoint,62,2,{'waypoint': 62},turn_point,1,True,247.46743512205165,0.483926328342777,turn_point
325,-1,23.00579318011612,113.15973191064246,waypoint,62,57,{'waypoint': 62},turn_point,1,True,352.81379290400776,0.1306440710355945,turn_point
326,-1,23.05831228021352,113.28443083639664,waypoint,62,1,"{'waypoint': 56, 'turn_point': 5, 'stop_point': 1}",turn_point,1,True,3.492307044124469,0.9811889917467612,turn_point
327,2,22.649940601096137,108.98957409067825,waypoint,61,61,{'waypoint': 61},waypoint,61,False,83.12062982150756,0.8141658900261562,waypoint
328,204,23.05684325038476,113.59710407218792,waypoint,61,40,"{'turn_point': 7, 'waypoint': 51, 'stop_point': 3}",turn_point,40,False,14.499382006137152,0.5823380762222364,turn_point
329,-1,22.98944694283277,113.1447308098243,waypoint,61,2,{'waypoint': 61},turn_point,1,True,93.85039851232774,0.4426805648142217,turn_point
330,98,24.17277610980199,113.41538469143832,waypoint,60,44,"{'waypoint': 57, 'stop_point': 3}",waypoint,44,False,33.2740008409227,0.9399287730339368,waypoint
331,-1,22.989432574299627,113.14375946313152,waypoint,60,2,{'waypoint': 60},turn_point,1,True,99.64639610631848,0.5027621343770592,turn_point
332,-1,23.007291820924102,113.16021595956128,waypoint,60,56,"{'waypoint': 59, 'turn_point': 1}",turn_point,1,True,31.507846446584896,0.464810152275491,turn_point
333,-1,23.01226131141701,113.1652591687108,waypoint,60,55,{'waypoint': 60},turn_point,1,True,231.73324617645235,0.2995597091129836,turn_point
334,36,22.149719205812545,113.1034015739025,waypoint,59,59,{'waypoint': 59},waypoint,59,False,338.01062236189733,0.017746818599314887,waypoint
335,-1,22.987791511552494,113.1382615498176,waypoint,59,58,{'waypoint': 59},turn_point,1,True,248.91772964698475,0.0516512099427661,turn_point
336,-1,22.98025589475037,113.12924117065523,waypoint,58,52,{'waypoint': 58},turn_point,1,True,223.9955300902621,0.378949450437074,turn_point
337,-1,22.98371805819837,113.13231708475128,waypoint,58,54,{'waypoint': 58},turn_point,1,True,231.8320513913648,0.2096479230104468,turn_point
338,-1,23.002242086115388,113.05278224726024,waypoint,58,56,{'waypoint': 58},turn_point,1,True,262.07537643400656,0.2399388491869293,turn_point
339,-1,23.00429119408735,113.15983520541516,waypoint,58,52,{'waypoint': 58},turn_point,1,True,159.50217107686353,0.5149804982640793,turn_point
340,-1,23.044295492203837,113.22176067073606,waypoint,58,54,{'waypoint': 58},turn_point,1,True,86.10192476547866,0.5157178873299294,turn_point
341,-1,22.989239567930365,113.1467278410008,waypoint,57,54,{'waypoint': 57},turn_point,1,True,281.57527941016696,0.5084635568590337,turn_point
342,-1,30.50302101187708,111.42390820157922,waypoint,57,1,"{'waypoint': 50, 'turn_point': 6, 'stop_point': 1}",turn_point,1,True,353.08135415065817,0.9997352408032938,turn_point
343,8,22.61941981793575,109.14303726864772,waypoint,55,52,{'waypoint': 55},waypoint,52,False,80.02470960313833,0.6829266754205809,waypoint
344,-1,22.98825850377612,113.1392112532699,waypoint,55,50,{'waypoint': 55},turn_point,1,True,242.6626031986856,0.2361056560439705,turn_point
345,-1,23.0022776592783,113.05077033459536,waypoint,55,51,{'waypoint': 55},turn_point,1,True,139.44958065230384,0.0216366771498083,turn_point
346,-1,23.00825693366684,113.16075140707449,waypoint,55,53,"{'waypoint': 54, 'turn_point': 1}",turn_point,1,True,20.104547875296333,0.0182012881919178,turn_point
347,15,22.73583365476733,109.39469196587322,waypoint,54,51,{'waypoint': 54},waypoint,51,False,85.1924235365315,0.7159389686377258,waypoint
348,96,24.202871384809484,113.43210369447188,waypoint,54,37,{'waypoint': 54},waypoint,37,False,33.79322998736662,0.9862761691518644,waypoint
349,157,22.90886535568973,113.11582453520847,waypoint,54,32,"{'waypoint': 52, 'turn_point': 2}",turn_point,32,False,259.4439705449436,0.07325256253611837,turn_point
350,-1,23.01269022779127,113.16578238280472,waypoint,54,51,{'waypoint': 54},turn_point,1,True,235.6141235508358,0.6658859449550614,turn_point
351,-1,23.029227617739547,112.99279583694704,waypoint,54,53,{'waypoint': 54},turn_point,1,True,235.25918375543608,0.33042908374683,turn_point
352,-1,23.033293344250477,112.99771923401391,waypoint,54,50,"{'waypoint': 52, 'turn_point': 1, 'stop_point': 1}",turn_point,1,True,278.265803644734,0.0431815646837624,turn_point
353,10,22.80817694109704,108.46440207777746,waypoint,53,52,{'waypoint': 53},waypoint,52,False,75.37941084234842,0.7561251338020467,waypoint
354,257,23.25658771056878,112.83028560109764,waypoint,53,36,"{'waypoint': 48, 'turn_point': 4, 'stop_point': 1}",turn_point,36,False,55.66479185366526,0.2547951821907279,turn_point
355,107,23.090732027633283,112.09070242890238,waypoint,53,30,{'waypoint': 53},waypoint,7,False,239.58048780553355,0.9997341830121271,waypoint
356,-1,22.99877485590196,113.16324587745494,waypoint,53,50,"{'waypoint': 52, 'turn_point': 1}",turn_point,1,True,195.88287838443463,0.017518168967632,turn_point
357,188,22.759153689523995,113.21244945132123,waypoint,52,36,{'waypoint': 52},turn_point,36,False,354.8032448080454,0.4810842407321498,turn_point
358,-1,22.988159376458555,113.13881560049744,waypoint,52,50,{'waypoint': 52},turn_point,1,True,241.60648217077411,0.5760265014511561,turn_point
359,-1,23.002252193347243,113.0512019552495,waypoint,52,49,{'waypoint': 52},turn_point,1,True,78.87286679920749,0.0412757973882228,turn_point
360,-1,23.00676660587406,113.15976245981804,waypoint,52,48,{'waypoint': 52},turn_point,1,True,199.3883405500052,0.4212434293578467,turn_point
361,-1,23.009754585682604,113.16218378815825,waypoint,52,52,"{'waypoint': 51, 'turn_point': 1}",turn_point,1,True,40.16691471577031,0.0386364886937371,turn_point
362,-1,23.02873494446827,112.98573669241472,waypoint,52,51,{'waypoint': 52},turn_point,1,True,297.7806262580527,0.3428800870358505,turn_point
363,-1,23.03226622243432,112.99626989230478,waypoint,52,49,{'waypoint': 52},turn_point,1,True,51.456509034407695,0.1922020109372932,turn_point
364,-1,23.047790929770727,113.25023659430884,waypoint,52,47,{'waypoint': 52},turn_point,1,True,66.32681528456784,0.2321806168057438,turn_point
365,-1,23.048222577206072,113.25030029532267,waypoint,52,52,{'waypoint': 52},turn_point,1,True,240.6418692981184,0.8453691171293128,turn_point
366,-1,23.0557560097952,113.26307803955964,waypoint,52,1,"{'turn_point': 17, 'waypoint': 34, 'stop_point': 1}",turn_point,1,True,0.2949153192340363,0.9999994701190256,turn_point
367,7,22.8132838067527,108.56775532305278,waypoint,51,44,"{'waypoint': 48, 'turn_point': 1, 'stop_point': 2}",turn_point,44,False,52.57041139123535,0.8134413094334955,turn_point
368,-1,22.984191730955654,113.13276485411892,waypoint,51,44,{'waypoint': 51},turn_point,1,True,229.123394146785,0.6057204309169008,turn_point
369,-1,23.004247046713196,113.16015493820908,waypoint,51,49,{'waypoint': 51},turn_point,1,True,336.00005942754626,0.4508203467119443,turn_point
370,-1,23.01927541928493,113.1777635487818,waypoint,51,48,{'waypoint': 51},turn_point,1,True,239.07974766887065,0.1763917690014435,turn_point
371,0,22.838254117848813,108.72834408128128,waypoint,50,48,{'waypoint': 50},waypoint,48,False,74.97065528856919,0.8670948089957976,waypoint
372,4,22.681657935706557,108.90938137137871,waypoint,50,46,{'waypoint': 50},waypoint,46,False,150.40291784389197,0.7913404751944207,waypoint
373,211,23.141545801321985,113.72044351921996,waypoint,50,29,{'waypoint': 50},turn_point,29,False,100.86439170678861,0.2331602456112649,turn_point
374,-1,22.97577316320424,113.10474760171506,waypoint,50,48,{'waypoint': 50},turn_point,1,True,276.3445915937368,0.040440402433038,turn_point
375,-1,22.976748321281733,113.1017420465421,waypoint,50,50,{'waypoint': 50},turn_point,1,True,299.4477168713902,0.2777208426791839,turn_point
376,-1,22.97627419533947,113.10226009622794,waypoint,49,49,{'waypoint': 49},turn_point,1,True,118.88144229127508,0.345342414392749,turn_point
377,148,22.758930508684426,113.10664541157163,waypoint,48,41,{'waypoint': 48},turn_point,41,False,99.81801049051217,0.29638182608381564,turn_point
378,164,22.554122870226404,113.72445653119414,waypoint,48,47,{'waypoint': 48},turn_point,47,False,170.55568233908227,0.12927139473144345,turn_point
379,-1,22.978768140308176,113.12678421323795,waypoint,48,45,{'waypoint': 48},turn_point,1,True,251.81770521916485,0.4149539579314025,turn_point
380,-1,22.97927039644698,113.12774824179128,waypoint,48,47,{'waypoint': 48},turn_point,1,True,239.52536128369823,0.4553957814728679,turn_point
381,-1,23.008750821809357,113.16123098805888,waypoint,48,47,{'waypoint': 48},turn_point,1,True,47.29316982148275,0.1253563752726518,turn_point
382,-1,23.01234388652573,113.16571482754,waypoint,48,47,{'waypoint': 48},turn_point,1,True,54.76039815237065,0.6246042706120717,turn_point
383,-1,23.01571101049608,113.17172595237824,waypoint,48,47,{'waypoint': 48},turn_point,1,True,65.32194483614322,0.0417300346734597,turn_point
384,-1,23.018763310744845,113.17676117197875,waypoint,48,48,{'waypoint': 48},turn_point,1,True,241.32366905650545,0.0828830772274202,turn_point
385,-1,23.03369834020351,112.99830099690234,waypoint,48,45,{'waypoint': 48},turn_point,1,True,246.80512125709677,0.2901627514693042,turn_point
386,-1,23.075125885095314,113.38274311500912,waypoint,48,2,"{'waypoint': 45, 'turn_point': 2, 'stop_point': 1}",turn_point,1,True,102.29405821547492,0.1285406736583189,turn_point
387,85,23.27746183583628,111.56519148831164,waypoint,47,28,"{'waypoint': 46, 'stop_point': 1}",waypoint,28,False,328.586851986254,0.15084075796010793,waypoint
388,-1,22.979206386050983,113.12723926351646,waypoint,47,47,{'waypoint': 47},turn_point,1,True,246.1066869075664,0.8678779354788994,turn_point
389,-1,22.98926523835539,113.14627487787548,waypoint,47,45,{'waypoint': 47},turn_point,1,True,281.50048462781785,0.4039451008787615,turn_point
390,-1,23.02776543983259,112.988802156944,waypoint,47,44,{'waypoint': 47},merge_point,1,True,88.18825030495856,0.1070104725763617,merge_point
391,-1,23.03277230784719,112.9967483205477,waypoint,47,42,{'waypoint': 47},turn_point,1,True,235.1759593456117,0.1894724140548593,turn_point
392,-1,23.045707570545336,113.22724955134886,waypoint,47,43,{'waypoint': 47},turn_point,1,True,259.6903196160033,0.1494892220855251,turn_point
393,-1,23.11382127390861,113.25670767192103,waypoint,46,1,"{'waypoint': 34, 'turn_point': 10, 'stop_point': 2}",turn_point,1,True,359.2574118315691,0.8630002279259301,turn_point
394,1,22.83166270673742,108.64198096829072,waypoint,45,45,{'waypoint': 45},waypoint,45,False,85.6324305453071,0.9542293754897342,waypoint
395,138,23.12074028837061,112.23816173621968,waypoint,45,23,{'waypoint': 45},waypoint,23,False,328.14147517386783,0.054187185139343494,waypoint
396,-1,22.97877298555306,113.12774534908668,waypoint,45,42,"{'waypoint': 44, 'turn_point': 1}",turn_point,1,True,60.44676650189419,0.7303826066132312,turn_point
397,-1,22.98787343498264,113.13869106634762,waypoint,45,43,{'waypoint': 45},turn_point,1,True,59.60590655729943,0.3775490564081907,turn_point
398,-1,22.989000547281417,113.14772690782488,waypoint,45,2,{'waypoint': 45},turn_point,1,True,288.4477545709228,0.1565992848693404,turn_point
399,-1,23.00224854373653,113.05174855364208,waypoint,45,43,{'waypoint': 45},turn_point,1,True,290.37481654773035,0.1152430411050548,turn_point
400,-1,23.002276205092965,113.05371415321504,waypoint,45,42,{'waypoint': 45},turn_point,1,True,74.83793728971753,0.1103206682754987,turn_point
401,-1,23.00529370425608,113.06071961322016,waypoint,45,45,{'waypoint': 45},turn_point,1,True,53.47800406002781,0.0233292888653524,turn_point
402,-1,23.02825641563693,112.9867250768152,waypoint,45,42,{'waypoint': 45},turn_point,1,True,284.7242236451664,0.2877667943104055,turn_point
403,-1,23.029231228296965,112.99323861625751,waypoint,45,43,{'waypoint': 45},turn_point,1,True,46.81978083303869,0.3284091159271304,turn_point
404,-1,23.07977091747549,113.38128607236943,waypoint,45,1,"{'waypoint': 42, 'turn_point': 2, 'stop_point': 1}",turn_point,1,True,358.7899180078548,0.9320134850472824,turn_point
405,-1,23.08486626505661,113.24566890737547,waypoint,45,1,"{'turn_point': 5, 'waypoint': 39, 'stop_point': 1}",turn_point,1,True,61.332075401685216,0.6276264867543068,turn_point
406,24,22.826756762817716,116.24828400495964,waypoint,44,44,{'waypoint': 44},waypoint,44,False,63.885547855379286,0.2230429106734066,waypoint
407,299,23.043771689453685,112.9796448831246,waypoint,44,20,"{'waypoint': 43, 'stop_point': 1}",turn_point,20,False,78.0070958954266,0.04157672532442431,turn_point
408,-1,22.97924402551477,113.1281795787716,waypoint,44,43,{'waypoint': 44},turn_point,1,True,53.74993224406282,0.2729267363030232,turn_point
409,-1,23.028259587141488,112.98723842764817,waypoint,44,44,{'waypoint': 44},turn_point,1,True,284.0755498800546,0.5884032259326801,turn_point
410,-1,23.02826754572861,112.99127720017462,waypoint,44,44,{'waypoint': 44},turn_point,1,True,73.5378751569908,0.2270691705627718,turn_point
411,-1,23.034910310746238,113.00170609634355,waypoint,44,2,{'waypoint': 44},turn_point,1,True,254.66636557011705,0.9995226867615314,turn_point
412,-1,23.04466130513977,113.2222511519676,waypoint,44,44,{'waypoint': 44},turn_point,1,True,261.1317503537166,0.6793739491229325,turn_point
413,-1,23.05577810678613,113.2682368470385,waypoint,44,39,{'waypoint': 44},turn_point,1,True,253.6222811917151,0.2700131991041021,turn_point
414,-1,23.079950597913324,113.381941200434,waypoint,44,2,"{'waypoint': 29, 'turn_point': 13, 'stop_point': 2}",turn_point,1,True,280.9303353065068,0.99136062228334,turn_point
415,-1,23.090679515699502,113.57661997388782,waypoint,44,1,"{'waypoint': 33, 'turn_point': 10, 'stop_point': 1}",turn_point,1,True,0.0,1.0,turn_point
416,11,22.76033828734135,108.49740982447769,waypoint,43,40,{'waypoint': 43},waypoint,40,False,110.73419465535572,0.32323700307919856,waypoint
417,-1,22.993716320350472,113.16125377185996,waypoint,43,41,{'waypoint': 43},turn_point,1,True,196.9038549128745,0.4394101218292556,turn_point
418,-1,23.01277997889256,113.16623272870213,waypoint,43,41,{'waypoint': 43},turn_point,1,True,61.317281053871525,0.1174883933889783,turn_point
419,-1,23.09224761275384,113.4282162902385,waypoint,43,2,{'waypoint': 43},turn_point,1,True,323.9802065593452,0.945386139987935,turn_point
420,-1,22.975763766473104,113.1052527567115,waypoint,42,37,{'waypoint': 42},turn_point,1,True,269.0016710495803,0.1427695412127283,turn_point
421,-1,22.980251786906827,113.1288026957032,waypoint,42,41,{'waypoint': 42},turn_point,1,True,224.7846946597352,0.7126727600172533,turn_point
422,-1,22.997738574406316,113.16317709995276,waypoint,42,41,{'waypoint': 42},turn_point,1,True,19.515612248549026,0.4768276130017118,turn_point
423,-1,23.00521828974903,113.15971454073376,waypoint,42,38,{'waypoint': 42},turn_point,1,True,341.2680302402744,0.0989839497128417,turn_point
424,-1,23.013245052371847,113.16673880419737,waypoint,42,40,{'waypoint': 42},turn_point,1,True,239.8983928670665,0.5227881463227502,turn_point
425,-1,23.02778605584926,112.98825530065156,waypoint,42,41,"{'waypoint': 41, 'stop_point': 1}",merge_point,1,True,98.6771927957884,0.4290053223563869,merge_point
426,-1,23.027771532003108,112.98924915197895,waypoint,42,41,{'waypoint': 42},merge_point,1,True,86.1969019459126,0.6641618942136389,merge_point
427,-1,23.02824166470644,112.99075862925535,waypoint,42,41,{'waypoint': 42},turn_point,1,True,255.97450487261096,0.33269163072733,turn_point
428,-1,23.044668206702458,113.2217671691653,waypoint,42,42,{'waypoint': 42},turn_point,1,True,263.9529372353575,0.8546744474689744,turn_point
429,-1,23.109025364066085,113.60979581724432,waypoint,42,1,"{'waypoint': 36, 'turn_point': 4, 'stop_point': 2}",turn_point,1,True,32.31398416385488,0.9960686810472176,turn_point
430,81,24.251453111278472,113.42272852671582,waypoint,41,27,"{'waypoint': 39, 'stop_point': 2}",turn_point,27,False,308.37740126111,0.9345691205347624,turn_point
431,169,22.91516728209736,113.27771212405686,waypoint,41,38,"{'waypoint': 39, 'turn_point': 1, 'stop_point': 1}",turn_point,38,False,151.40588852580936,0.26138611146788115,turn_point
432,-1,23.018671448315803,113.17627793118524,waypoint,41,40,{'waypoint': 41},turn_point,1,True,239.04729497310575,0.6094353297613044,turn_point
433,-1,23.02828878014992,112.99171602942916,waypoint,41,37,{'waypoint': 41},turn_point,1,True,68.6214571860924,0.4645811165752653,turn_point
434,-1,23.02920480864079,113.02328237400128,waypoint,41,38,{'waypoint': 41},turn_point,1,True,139.1571041460526,0.1708104742393906,turn_point
435,-1,23.02967593668508,112.99327338308106,waypoint,41,41,{'waypoint': 41},turn_point,1,True,222.6209420331947,0.6063190702595243,turn_point
436,-1,23.030771793652264,113.0212778096836,waypoint,41,40,{'waypoint': 41},turn_point,1,True,114.51623795483034,0.1248500082812505,turn_point
437,-1,23.032211072173315,112.99580663070108,waypoint,41,39,"{'waypoint': 39, 'turn_point': 1, 'stop_point': 1}",turn_point,1,True,225.5942164663777,0.7019256171428057,turn_point
438,-1,23.03471177943232,113.00122605402834,waypoint,41,39,{'waypoint': 41},turn_point,1,True,254.69479099169712,0.4143412570835393,turn_point
439,-1,23.05380954278572,113.26070965323336,waypoint,41,39,{'waypoint': 41},turn_point,1,True,247.8513836888178,0.8040863644643604,turn_point
440,-1,23.009152485714253,113.16127928453884,waypoint,40,38,{'waypoint': 40},turn_point,1,True,228.22915719274275,0.7998783212335359,turn_point
441,-1,23.02826091157771,112.98626847609462,waypoint,40,38,"{'waypoint': 39, 'stop_point': 1}",turn_point,1,True,125.72523405260516,0.3010652309859147,turn_point
442,-1,23.02824401624237,112.99026063909884,waypoint,40,39,"{'waypoint': 39, 'stop_point': 1}",turn_point,1,True,259.4458078926333,0.580058442968182,turn_point
443,-1,23.033229791600256,112.99727708415416,waypoint,40,38,{'waypoint': 40},turn_point,1,True,243.9260718364748,0.3477605851356264,turn_point
444,-1,22.97576470838894,113.10428642614006,waypoint,39,38,{'waypoint': 39},turn_point,1,True,93.06090162084956,0.1294840224480499,turn_point
445,-1,22.976665557170392,113.10222769174244,waypoint,39,35,{'waypoint': 39},turn_point,1,True,294.80746458096934,0.6912092970966934,turn_point
446,-1,22.97973280113699,113.1287741651437,waypoint,39,36,{'waypoint': 39},turn_point,1,True,44.76652779442816,0.0780937444421571,turn_point
447,-1,23.160210371793124,112.86726863361312,waypoint,39,39,{'waypoint': 39},turn_point,1,True,293.36165378686684,0.9992058675651893,turn_point
448,-1,22.97827092397737,113.12675135502434,waypoint,38,34,{'waypoint': 38},turn_point,1,True,70.94370173284781,0.691864090780768,turn_point
449,-1,22.985266788957848,113.13429972977606,waypoint,38,37,{'waypoint': 38},turn_point,1,True,56.34946028115924,0.2105868626742339,turn_point
450,-1,22.98940288615361,113.14522181128228,waypoint,38,2,{'waypoint': 38},turn_point,1,True,94.660598359571,0.736850413351015,turn_point
451,-1,22.99821494277508,113.1632316869282,waypoint,38,36,{'waypoint': 38},turn_point,1,True,359.25143694616446,0.0564488229574038,turn_point
452,-1,23.00926019025162,113.1617135697863,waypoint,38,36,{'waypoint': 38},turn_point,1,True,44.612696379748215,0.2633247974507903,turn_point
453,-1,23.019197007603324,113.17731190342852,waypoint,38,36,{'waypoint': 38},turn_point,1,True,241.44511182756364,0.4735719152390342,turn_point
454,-1,23.051732243330036,113.25673023174733,waypoint,38,37,{'waypoint': 38},turn_point,1,True,59.432995648169936,0.3153319609119979,turn_point
455,-1,23.0572674056401,113.27274561315626,waypoint,38,37,{'waypoint': 38},turn_point,1,True,80.0670499951347,0.2006498706068618,turn_point
456,-1,22.976261204130854,113.10276022883303,waypoint,37,37,{'waypoint': 37},turn_point,1,True,125.68113095644766,0.0825584191630082,turn_point
457,-1,22.98431433016426,113.1331740616966,waypoint,37,36,{'waypoint': 37},turn_point,1,True,232.1508546268988,0.134498552056373,turn_point
458,-1,23.006759247155312,113.06725936889042,waypoint,37,34,{'waypoint': 37},turn_point,1,True,267.428038912876,0.6738548277225095,turn_point
459,-1,23.01824813441624,113.17575411017413,waypoint,37,35,{'waypoint': 37},turn_point,1,True,53.772793783893,0.0812034288586345,turn_point
460,-1,23.03431926998137,113.0002585417224,waypoint,37,34,{'waypoint': 37},turn_point,1,True,252.96549923618204,0.0810073619736287,turn_point
461,-1,23.04431433256917,113.22127341436162,waypoint,37,33,{'waypoint': 37},turn_point,1,True,91.05541965612092,0.2434566293146261,turn_point
462,-1,23.04470563918468,113.22327026539922,waypoint,37,35,{'waypoint': 37},turn_point,1,True,255.5854114058872,0.2434911977288528,turn_point
463,-1,22.97972100713122,113.12826920619534,waypoint,36,36,{'waypoint': 36},turn_point,1,True,233.10541730711444,0.9397596573572432,turn_point
464,-1,22.98569418447538,113.1348207568617,waypoint,36,36,{'waypoint': 36},turn_point,1,True,235.4758245391628,0.3331560805679798,turn_point
465,-1,23.0007369480514,113.1631477868893,waypoint,36,32,{'waypoint': 36},turn_point,1,True,328.7053585608604,0.5619540076633737,turn_point
466,-1,23.01931599959328,113.17821402177847,waypoint,36,34,{'waypoint': 36},turn_point,1,True,60.4149803927673,0.3344205661173094,turn_point
467,-1,23.02819167667396,112.98771409572971,waypoint,36,34,{'waypoint': 36},merge_point,1,True,278.03595118135934,0.5533317761731747,merge_point
468,-1,23.03027341994053,113.02227557964076,waypoint,36,33,{'waypoint': 36},turn_point,1,True,311.4740240932399,0.6093762933549289,turn_point
469,-1,23.030734151749748,113.0217449535016,waypoint,36,35,{'waypoint': 36},turn_point,1,True,307.5322727034861,0.6653356481111806,turn_point
470,-1,23.03375330917401,112.9987252967862,waypoint,36,34,{'waypoint': 36},turn_point,1,True,65.30291110079618,0.1114232555918778,turn_point
471,-1,23.051746486593096,113.2562366912777,waypoint,36,36,{'waypoint': 36},turn_point,1,True,240.1278600160584,0.5550215869925119,turn_point
472,-1,23.055779834781827,113.26784340650688,waypoint,36,35,{'waypoint': 36},turn_point,1,True,253.50816191571383,0.8316483727969124,turn_point
473,-1,23.09172424932324,113.4282371072746,waypoint,36,5,"{'waypoint': 35, 'turn_point': 1}",turn_point,1,True,358.247528010536,0.0695392593695146,turn_point
474,-1,22.97876768847648,113.12633485479492,waypoint,35,33,{'waypoint': 35},turn_point,1,True,254.88782114273573,0.6559579901084308,turn_point
475,-1,22.98385448620849,113.13265679243408,waypoint,35,34,{'waypoint': 35},turn_point,1,True,40.61641654941408,0.3716414226536843,turn_point
476,-1,22.98626380039248,113.13572616344128,waypoint,35,32,{'waypoint': 35},turn_point,1,True,233.47734653370023,0.3714335655407231,turn_point
477,-1,23.002346156190708,113.050282681895,waypoint,35,33,{'waypoint': 35},turn_point,1,True,106.76207090417796,0.5994160524669738,turn_point
478,-1,23.00724670493472,113.15983583340706,waypoint,35,32,{'waypoint': 35},turn_point,1,True,206.5133002456726,0.7698851070682738,turn_point
479,-1,23.0277779791496,112.98777444249508,waypoint,35,33,{'waypoint': 35},merge_point,1,True,101.14728036732642,0.7055008602271691,merge_point
480,-1,23.02783126593967,112.98977843218876,waypoint,35,34,{'waypoint': 35},turn_point,1,True,80.93981294214997,0.4278246638786414,turn_point
481,-1,23.028185743084062,112.98926024033749,waypoint,35,35,{'waypoint': 35},merge_point,1,True,264.513612797217,0.8252083239978241,merge_point
482,-1,23.02873600421359,112.9922271495096,waypoint,35,34,{'waypoint': 35},turn_point,1,True,249.28763994398457,0.1427123461045177,turn_point
483,-1,23.028738950996217,113.02382525277594,waypoint,35,34,{'waypoint': 35},turn_point,1,True,296.0832907984589,0.0315724889222343,turn_point
484,-1,23.05326995914121,113.25925724253078,waypoint,35,33,{'waypoint': 35},turn_point,1,True,245.2351428525344,0.6581688573599808,turn_point
485,-1,23.153304612866968,112.81361743925711,waypoint,35,2,{'waypoint': 35},turn_point,1,True,204.57871863822285,0.9999978845707252,turn_point
486,-1,22.97874351717639,113.12721514721386,waypoint,34,30,{'waypoint': 34},turn_point,1,True,65.39727706489792,0.0589769151756682,turn_point
487,-1,22.98925509577782,113.1427394111671,waypoint,34,32,{'waypoint': 34},turn_point,1,True,348.8432870739932,0.0054092944107422,turn_point
488,-1,23.00278327132144,113.04926581134993,waypoint,34,33,{'waypoint': 34},turn_point,1,True,289.53638544640944,0.2349203810092597,turn_point
489,-1,23.00376031233871,113.1602724783964,waypoint,34,32,{'waypoint': 34},turn_point,1,True,238.52691884771417,0.0156020210416558,turn_point
490,-1,23.01969920535167,113.17827597324862,waypoint,34,32,{'waypoint': 34},turn_point,1,True,244.88184053770044,0.8226106145967901,turn_point
491,-1,23.027863326432648,112.9872329136986,waypoint,34,33,{'waypoint': 34},turn_point,1,True,102.62718252938096,0.6451948558623561,turn_point
492,-1,23.02818889356636,112.98826271318192,waypoint,34,33,{'waypoint': 34},merge_point,1,True,276.0919575921862,0.8782841624543816,merge_point
493,-1,23.028809913621547,112.99272997759437,waypoint,34,30,{'waypoint': 34},turn_point,1,True,60.407386978730045,0.7614210495307991,turn_point
494,-1,23.07991056493153,113.38419366750772,waypoint,34,2,"{'waypoint': 28, 'turn_point': 5, 'stop_point': 1}",turn_point,1,True,280.7662573218333,0.9406518887889556,turn_point
495,-1,22.97980670722681,113.12913649002412,waypoint,33,32,{'waypoint': 33},turn_point,1,True,44.21236841521775,0.8770003435764236,turn_point
496,-1,22.98849218779708,113.15028618478756,waypoint,33,2,{'waypoint': 33},turn_point,1,True,51.50575420456159,0.1309875992268009,turn_point
497,-1,23.006707741747363,113.06772959520858,waypoint,33,32,{'waypoint': 33},turn_point,1,True,271.99204239467764,0.7544716740273414,turn_point
498,-1,23.009639439348245,113.16180726261516,waypoint,33,33,{'waypoint': 33},turn_point,1,True,229.0898637605543,0.9386397551268048,turn_point
499,-1,23.01569093535141,113.17128065113825,waypoint,33,33,{'waypoint': 33},turn_point,1,True,237.98849523138935,0.8174045366769827,turn_point
500,-1,23.028270368603263,113.02423781066022,waypoint,33,33,{'waypoint': 33},turn_point,1,True,294.3765726061793,0.0338431657101567,turn_point
501,-1,23.03421667992904,112.9997884386492,waypoint,33,32,{'waypoint': 33},turn_point,1,True,64.33545841675084,0.0308596199924957,turn_point
502,-1,23.05374800266299,113.26126001399533,waypoint,33,32,{'waypoint': 33},turn_point,1,True,73.5656942958726,0.2116590499834545,turn_point
503,-1,22.975750411468827,113.10375391455082,waypoint,32,30,{'waypoint': 32},turn_point,1,True,104.60175410269925,0.4366984556680043,turn_point
504,-1,22.98896880422303,113.14823530211814,waypoint,32,2,{'waypoint': 32},turn_point,1,True,101.8366471216098,0.3750272288114538,turn_point
505,-1,22.98926842938063,113.14328141172112,waypoint,32,31,"{'waypoint': 31, 'stop_point': 1}",turn_point,1,True,86.79210498847267,0.1847875494189303,turn_point
506,-1,22.99281305873285,113.16124515117544,waypoint,32,29,{'waypoint': 32},turn_point,1,True,10.611454726318124,0.6242733007542903,turn_point
507,-1,23.01165118367306,113.16426562327774,waypoint,32,31,{'waypoint': 32},turn_point,1,True,227.89601919718623,0.5619220290316779,turn_point
508,-1,23.02825327992062,112.98975303963846,waypoint,32,31,{'waypoint': 32},turn_point,1,True,260.66950370146014,0.4348027230236164,turn_point
509,-1,23.044713601733434,113.2227479042822,waypoint,32,30,{'waypoint': 32},turn_point,1,True,251.41404226847607,0.3127936196287913,turn_point
510,-1,23.053489938967477,113.30617891929462,waypoint,32,2,"{'waypoint': 28, 'turn_point': 4}",turn_point,1,True,177.69456838069448,0.9961445036104102,turn_point
511,-1,23.057769252534392,113.27525512093516,waypoint,32,32,{'waypoint': 32},turn_point,1,True,252.97215909297728,0.0629479259350745,turn_point
512,78,23.14575962178961,111.86130135753804,waypoint,31,14,"{'waypoint': 29, 'turn_point': 2}",waypoint,14,False,268.47671214737034,0.8042356565739532,waypoint
513,-1,22.976284902395403,113.1032788504743,waypoint,31,30,{'waypoint': 31},turn_point,1,True,286.0924902791363,0.5483258027578317,turn_point
514,-1,22.984799138119342,113.13370757238188,waypoint,31,30,{'waypoint': 31},turn_point,1,True,52.38713669113525,0.4193278187743022,turn_point
515,-1,22.997731672309826,113.16282043949872,waypoint,31,30,{'waypoint': 31},turn_point,1,True,205.34923488114416,0.6119937021636478,turn_point
516,-1,23.000762305053573,113.1622859628155,waypoint,31,31,{'waypoint': 31},turn_point,1,True,142.162487281276,0.8019821548473902,turn_point
517,-1,23.00329468295229,113.1603311952569,waypoint,31,29,{'waypoint': 31},turn_point,1,True,141.54938680732673,0.8029146648403153,turn_point
518,-1,23.00328951540535,113.16065883096977,waypoint,31,29,{'waypoint': 31},turn_point,1,True,314.32831920631963,0.2268451642420198,turn_point
519,-1,23.010237595699323,113.16269336376598,waypoint,31,31,{'waypoint': 31},turn_point,1,True,227.9208808141494,0.2904192593337734,turn_point
520,-1,23.02783715013519,112.99027409904836,waypoint,31,30,{'waypoint': 31},turn_point,1,True,78.58767650601285,0.7403222316166467,turn_point
521,-1,23.048242621940727,113.25075380936318,waypoint,31,30,{'waypoint': 31},turn_point,1,True,240.0382914649484,0.4510515739970769,turn_point
522,-1,23.05377032041287,113.30475651491815,waypoint,31,3,"{'waypoint': 26, 'turn_point': 5}",turn_point,1,True,174.51643070130064,0.4941292483742724,turn_point
523,-1,23.057705605440688,113.27373554218195,waypoint,31,31,{'waypoint': 31},turn_point,1,True,255.50030767271988,0.4210926418050364,turn_point
524,-1,23.15577165978292,112.81723214648012,waypoint,31,30,{'waypoint': 31},turn_point,1,True,60.65177852089624,0.9345461505608972,turn_point
525,-1,23.16119070845342,112.86277935679604,waypoint,31,31,{'waypoint': 31},turn_point,1,True,274.5415728289639,0.9989762734478408,turn_point
526,-1,22.98073070717543,113.12967777990106,waypoint,30,30,{'waypoint': 30},turn_point,1,True,220.45994972619064,0.5317249379241805,turn_point
527,-1,22.98698169898241,113.13676968692984,waypoint,30,2,{'waypoint': 30},turn_point,1,True,236.6163613547813,0.999313955128576,turn_point
528,-1,22.98929728862397,113.14574629180402,waypoint,30,30,{'waypoint': 30},turn_point,1,True,277.7984256631541,0.1333139479502541,turn_point
529,-1,22.99821978779202,113.1627793048337,waypoint,30,30,{'waypoint': 30},turn_point,1,True,200.8713205315611,0.7987412038875332,turn_point
530,-1,23.00032982229808,113.1627511228899,waypoint,30,28,{'waypoint': 30},turn_point,1,True,148.45168939994542,0.726277591204195,turn_point
531,-1,23.00237651168704,113.05426300827318,waypoint,30,30,{'waypoint': 30},turn_point,1,True,67.74953006995153,0.5304186452395638,turn_point
532,-1,23.02868998693883,112.99178090680915,waypoint,30,30,{'waypoint': 30},turn_point,1,True,246.6471640851368,0.3309454196701566,turn_point
533,-1,23.03179300557997,112.99578170657016,waypoint,30,29,{'waypoint': 30},turn_point,1,True,40.27604410124002,0.598530130190494,turn_point
534,-1,23.04436141966357,113.2222425570573,waypoint,30,26,{'waypoint': 30},turn_point,1,True,80.76949513720514,0.3989709071445092,turn_point
535,-1,23.1532378562296,112.88521868628308,waypoint,30,28,{'waypoint': 30},turn_point,1,True,296.7267432860614,0.9991592015804304,turn_point
536,-1,23.15982729754985,112.86675368846736,waypoint,30,30,{'waypoint': 30},turn_point,1,True,111.19948206965822,0.9964209591362542,turn_point
537,-1,23.160453263910984,112.86671426370012,waypoint,30,2,{'waypoint': 30},turn_point,1,True,292.2112579871838,0.999998079316279,turn_point
538,-1,24.305642501463826,113.42642021433105,waypoint,30,1,"{'turn_point': 5, 'waypoint': 24, 'stop_point': 1}",turn_point,1,True,152.69839336580992,0.0637510541407588,turn_point
539,-1,22.98462638001513,113.13327945382272,waypoint,29,27,{'waypoint': 29},turn_point,1,True,233.50701210971252,0.5166612724610301,turn_point
540,-1,22.98583555459781,113.13516328133971,waypoint,29,28,{'waypoint': 29},turn_point,1,True,57.90122027781229,0.3783072006422441,turn_point
541,-1,22.986719596463665,113.13626685208334,waypoint,29,27,{'waypoint': 29},turn_point,1,True,233.91542233548049,0.8613318497855494,turn_point
542,-1,23.00222901860474,113.05228370207443,waypoint,29,28,{'waypoint': 29},turn_point,1,True,266.3603068029792,0.241082235259959,turn_point
543,-1,23.00268068792013,113.05425688589447,waypoint,29,29,{'waypoint': 29},turn_point,1,True,250.8806306934117,0.5149782082069696,turn_point
544,-1,23.004732407634517,113.1602098353658,waypoint,29,28,"{'waypoint': 27, 'turn_point': 2}",turn_point,1,True,336.24025902029217,0.3803350624158592,turn_point
545,-1,23.00671565900119,113.0667694355508,waypoint,29,29,{'waypoint': 29},turn_point,1,True,263.95377877150247,0.5846578424494642,turn_point
546,-1,23.018890037337226,113.1772034563202,waypoint,29,29,{'waypoint': 29},turn_point,1,True,61.78864992676025,0.585639779324517,turn_point
547,-1,23.0297210114998,113.0227469738071,waypoint,29,28,{'waypoint': 29},turn_point,1,True,146.6435476176214,0.1056725779720553,turn_point
548,-1,23.032664104239636,112.99625616434436,waypoint,29,29,{'waypoint': 29},turn_point,1,True,232.8131343219826,0.7219427033177531,turn_point
549,-1,23.154700614020538,112.81529031650986,waypoint,29,28,{'waypoint': 29},turn_point,1,True,36.34037399588088,0.1736064649044998,turn_point
550,-1,23.16078111772721,112.85326856354888,waypoint,29,29,{'waypoint': 29},turn_point,1,True,256.982606693678,0.999319049095973,turn_point
551,-1,23.161185009329536,112.8632200539212,waypoint,29,28,{'waypoint': 29},turn_point,1,True,275.88252729870715,0.9994653477276156,turn_point
552,113,23.45366115332345,111.47075638682276,waypoint,28,15,"{'waypoint': 27, 'stop_point': 1}",waypoint,15,False,28.08795398841401,0.13401860914262273,waypoint
553,-1,22.97616862807147,113.10422981096264,waypoint,28,27,"{'waypoint': 27, 'stop_point': 1}",turn_point,1,True,278.9819800055992,0.7098259342960861,turn_point
554,-1,22.978748461809392,113.1257476554776,waypoint,28,28,{'waypoint': 28},turn_point,1,True,260.2311311815041,0.7868169627758709,turn_point
555,-1,22.98339598320705,113.13218641248542,waypoint,28,28,{'waypoint': 28},turn_point,1,True,36.63522061710621,0.5688137598292213,turn_point
556,-1,22.999728377054712,113.16327751865272,waypoint,28,27,"{'waypoint': 27, 'turn_point': 1}",turn_point,1,True,334.9211615104592,0.1534123117131488,turn_point
557,-1,23.00266901297957,113.05022136624645,waypoint,28,27,{'waypoint': 28},turn_point,1,True,287.56795551464865,0.9989096178906518,turn_point
558,-1,23.005621768576077,113.0612759645073,waypoint,28,28,{'waypoint': 28},turn_point,1,True,250.6721665429945,0.9273241600401978,turn_point
559,-1,23.00780002070761,113.16066395840402,waypoint,28,27,"{'waypoint': 27, 'stop_point': 1}",turn_point,1,True,35.977802868498536,0.4171301040346711,turn_point
560,-1,23.011802308994845,113.16471559415548,waypoint,28,26,{'waypoint': 28},turn_point,1,True,236.94491261060733,0.144124089454832,turn_point
561,-1,23.031203116833463,113.02072676751584,waypoint,28,28,{'waypoint': 28},merge_point,1,True,29.715228117102725,0.0070555436530352,merge_point
562,-1,23.05531454311142,113.26177099719835,waypoint,28,2,"{'waypoint': 22, 'turn_point': 5, 'stop_point': 1}",turn_point,1,True,49.78307367157003,0.7670278985153939,turn_point
563,-1,23.05726294978573,113.27226281646712,waypoint,28,28,"{'waypoint': 27, 'turn_point': 1}",turn_point,1,True,253.31301798140728,0.570036089420258,turn_point
564,-1,23.057788107949765,113.27474447064402,waypoint,28,28,{'waypoint': 28},turn_point,1,True,255.0679896032797,0.142146462128937,turn_point
565,-1,23.07780019427728,113.46514408978328,waypoint,28,3,"{'waypoint': 20, 'turn_point': 8}",turn_point,1,True,63.98041007755965,0.5594867633387053,turn_point
566,-1,23.15322375469585,112.81428444138211,waypoint,28,28,{'waypoint': 28},turn_point,1,True,19.56992600603738,0.2847309660141661,turn_point
567,-1,22.97824436611895,113.12571548761048,waypoint,27,24,{'waypoint': 27},turn_point,1,True,80.38266383225015,0.2592352816375248,turn_point
568,-1,22.980658080236207,113.12928927139885,waypoint,27,27,{'waypoint': 27},turn_point,1,True,223.9457486164602,0.7035765441189763,turn_point
569,-1,22.9872258307,113.13727412970758,waypoint,27,24,{'waypoint': 27},turn_point,1,True,51.45652668374128,0.1116750290083317,turn_point
570,-1,22.988545368383196,113.1497687550584,waypoint,27,2,"{'waypoint': 26, 'stop_point': 1}",turn_point,1,True,281.7299190278394,0.7037120792141522,turn_point
571,-1,22.99726794618651,113.16280482764638,waypoint,27,26,{'waypoint': 27},turn_point,1,True,228.3017824115946,0.0403665824336378,turn_point
572,-1,23.002699201290085,113.04972162332948,waypoint,27,27,{'waypoint': 27},turn_point,1,True,287.9651685824016,0.2592611713343005,turn_point
573,-1,23.01538062980083,113.17126210929813,waypoint,27,26,{'waypoint': 27},turn_point,1,True,59.28120757781566,0.4071728520081563,turn_point
574,-1,23.018322471855324,113.17620804626488,waypoint,27,26,{'waypoint': 27},turn_point,1,True,59.60024834531447,0.5553612997793087,turn_point
575,-1,23.028705112436292,112.98621401827114,waypoint,27,27,"{'waypoint': 26, 'stop_point': 1}",turn_point,1,True,291.64517367217115,0.4845942959429762,turn_point
576,-1,23.033839339485983,112.99917537472813,waypoint,27,25,"{'waypoint': 26, 'stop_point': 1}",turn_point,1,True,69.93409565433416,0.4092870885021816,turn_point
577,-1,23.034805045510343,113.00223118576416,waypoint,27,26,"{'waypoint': 26, 'stop_point': 1}",turn_point,1,True,278.7735202485204,0.0394380092781223,turn_point
578,-1,23.05218661404209,113.25680206975824,waypoint,27,27,{'waypoint': 27},turn_point,1,True,239.55640181385263,0.9250965810372922,turn_point
579,-1,23.052246761723357,113.25725045157226,waypoint,27,26,{'waypoint': 27},turn_point,1,True,238.4116940386961,0.7042686262498263,turn_point
580,-1,23.08281847052436,113.48401401349231,waypoint,27,2,"{'waypoint': 22, 'turn_point': 3, 'stop_point': 2}",turn_point,1,True,340.2417543672616,0.99673153411529,turn_point
581,-1,23.152701613763927,112.88623534655692,waypoint,27,26,{'waypoint': 27},turn_point,1,True,301.206897155299,0.9989502029274812,turn_point
582,-1,23.153422568799627,112.88469453365248,waypoint,27,2,{'waypoint': 27},turn_point,1,True,296.91099744833923,0.9998077543168846,turn_point
583,-1,23.15477692784305,112.81476740916058,waypoint,27,27,{'waypoint': 27},turn_point,1,True,226.02115614662603,0.997219088422144,turn_point
584,-1,23.16057125085927,112.86217028997028,waypoint,27,2,{'waypoint': 27},turn_point,1,True,94.34230557204768,0.9999801192321812,turn_point
585,-1,23.161265330503163,112.86224256646432,waypoint,27,26,{'waypoint': 27},turn_point,1,True,271.891456388525,0.9990029799261012,turn_point
586,-1,22.976219743813715,113.1037408004008,waypoint,26,25,{'waypoint': 26},turn_point,1,True,283.58436769298925,0.3842934947658278,turn_point
587,-1,22.97760941817366,113.12365737752884,waypoint,26,2,{'waypoint': 26},turn_point,1,True,80.60675743126107,0.9998746381454482,turn_point
588,-1,22.983208584935195,113.1317780358877,waypoint,26,25,{'waypoint': 26},turn_point,1,True,308.092944704276,0.0303538024891036,turn_point
589,-1,22.98880356854797,113.14871132821902,waypoint,26,25,{'waypoint': 26},turn_point,1,True,101.80058285424994,0.1538529141182822,turn_point
590,-1,22.999268593021075,113.16363149847795,waypoint,26,22,{'waypoint': 26},turn_point,1,True,5.468246023547466,0.3803864400257847,turn_point
591,-1,23.029749523837005,112.99376116570676,waypoint,26,26,{'waypoint': 26},turn_point,1,True,42.45666311957993,0.4612244766176931,turn_point
592,-1,23.03361768600862,112.99770404347332,waypoint,26,26,{'waypoint': 26},turn_point,1,True,244.53968600565992,0.9962662529916294,turn_point
593,-1,23.03418839625317,112.99930704909454,waypoint,26,26,{'waypoint': 26},turn_point,1,True,252.53109616997904,0.6151655606144638,turn_point
594,-1,23.04559326175972,113.22671844145242,waypoint,26,2,{'waypoint': 26},turn_point,1,True,262.30543524164887,0.5402199632841354,turn_point
595,-1,23.053723877004437,113.29622292657024,waypoint,26,26,"{'waypoint': 25, 'turn_point': 1}",turn_point,1,True,286.4450673520883,0.7698307100903322,turn_point
596,-1,23.057333907938023,113.27325262660727,waypoint,26,26,{'waypoint': 26},turn_point,1,True,67.80415974830149,0.2305064777930151,turn_point
597,-1,23.15522647299889,112.81528927636606,waypoint,26,25,{'waypoint': 26},turn_point,1,True,232.4158548244565,0.9985211459409138,turn_point
598,-1,23.15524325994525,112.81628852387723,waypoint,26,26,{'waypoint': 26},turn_point,1,True,54.57828441882321,0.6906500981174574,turn_point
599,-1,23.16126893254017,112.86177471541524,waypoint,26,24,{'waypoint': 26},turn_point,1,True,271.1530451432543,0.998994448743584,turn_point
600,-1,22.978283864849317,113.12472428345356,waypoint,25,25,{'waypoint': 25},turn_point,1,True,264.8895622367594,0.4424748543830497,turn_point
601,-1,23.00267605081375,113.053784735812,waypoint,25,24,{'waypoint': 25},turn_point,1,True,253.4528515150883,0.7569562414703298,turn_point
602,-1,23.00533655632387,113.06122039023384,waypoint,25,25,{'waypoint': 25},turn_point,1,True,70.82981305285399,0.3596868045291478,turn_point
603,-1,23.00577164979492,113.06225819262686,waypoint,25,24,"{'waypoint': 24, 'turn_point': 1}",turn_point,1,True,49.10480347475824,0.0419430020595987,turn_point
604,-1,23.027884698169515,112.9907314319998,waypoint,25,24,{'waypoint': 25},turn_point,1,True,76.31277516804174,0.7594766626093106,turn_point
605,-1,23.028658876717014,112.9907450704518,waypoint,25,23,"{'waypoint': 24, 'turn_point': 1}",turn_point,1,True,253.28167010654064,0.5966815220970159,turn_point
606,-1,23.033350547777815,112.99818561174288,waypoint,25,25,{'waypoint': 25},turn_point,1,True,66.76184158144343,0.5182662623870947,turn_point
607,-1,23.03432294319681,113.000744332248,waypoint,25,24,{'waypoint': 25},turn_point,1,True,74.48886065452241,0.3597068502467543,turn_point
608,-1,23.034805914639268,113.0027365957494,waypoint,25,25,{'waypoint': 25},turn_point,1,True,73.12757294906474,0.2806606330046102,turn_point
609,-1,23.04428288470504,113.22016547162622,waypoint,25,23,{'waypoint': 25},turn_point,1,True,96.99115377455972,0.6755760503048887,turn_point
610,-1,23.044304119223995,113.3432468821028,waypoint,25,25,{'waypoint': 25},turn_point,1,True,137.41202221929214,0.3604493306373395,turn_point
611,-1,23.053707568965407,113.2602757845486,waypoint,25,25,{'waypoint': 25},turn_point,1,True,247.5677859818312,0.9991776297172776,turn_point
612,-1,23.055666033699914,113.26726413606757,waypoint,25,24,{'waypoint': 25},turn_point,1,True,255.016476027062,0.7570468202932763,turn_point
613,-1,23.05768831678639,113.27424092001176,waypoint,25,24,{'waypoint': 25},turn_point,1,True,254.1233338375764,0.202840878909678,turn_point
614,-1,23.05769797044258,113.28379138972622,waypoint,25,24,"{'waypoint': 24, 'stop_point': 1}",turn_point,1,True,284.77379959949894,0.829221040968191,turn_point
615,-1,23.091447332873905,113.57564666906612,waypoint,25,2,"{'waypoint': 19, 'turn_point': 5, 'stop_point': 1}",turn_point,1,True,7.479028886343259,0.9662211423060572,turn_point
616,-1,23.15270905609897,112.88524188894846,waypoint,25,25,{'waypoint': 25},turn_point,1,True,116.26914507210918,0.6016585564975688,turn_point
617,-1,23.15479509479866,112.81575669366975,waypoint,25,23,"{'waypoint': 24, 'stop_point': 1}",turn_point,1,True,49.04119625278332,0.8296144317619275,turn_point
618,-1,23.15804115900677,112.83871842290569,waypoint,25,2,{'waypoint': 25},turn_point,1,True,266.1125249239281,0.9999975996690144,turn_point
619,-1,23.15805699247258,112.84025969830708,waypoint,25,2,{'waypoint': 25},turn_point,1,True,266.20381841752084,0.9998716916499156,turn_point
620,-1,23.159674343355466,112.86721318307204,waypoint,25,24,{'waypoint': 25},turn_point,1,True,113.09637158046188,0.9974466542040462,turn_point
621,-1,23.16080866791517,112.86519797047735,waypoint,25,25,{'waypoint': 25},turn_point,1,True,284.4018466057389,0.998196940416622,turn_point
622,-1,22.976702348052115,113.10266957578033,waypoint,24,24,{'waypoint': 24},turn_point,1,True,294.6658463791231,0.8897957849177709,turn_point
623,-1,22.97829959266969,113.12422352739064,waypoint,24,24,{'waypoint': 24},turn_point,1,True,261.22023766926003,0.832052592569797,turn_point
624,-1,22.97829707707791,113.12520328975856,waypoint,24,23,{'waypoint': 24},turn_point,1,True,261.0529279916007,0.249282561922755,turn_point
625,-1,22.98610545208363,113.13531567489248,waypoint,24,23,{'waypoint': 24},turn_point,1,True,231.83054521076616,0.5830094891638862,turn_point
626,-1,22.99877268229428,113.16283751737842,waypoint,24,23,{'waypoint': 24},turn_point,1,True,196.22070608993317,0.9111113493979174,turn_point
627,-1,23.003177242393217,113.0557228794008,waypoint,24,24,{'waypoint': 24},turn_point,1,True,240.1886662511462,0.8317808304051574,turn_point
628,-1,23.005827784043927,113.06271043690536,waypoint,24,23,{'waypoint': 24},turn_point,1,True,77.747112569298,0.1686045533136721,turn_point
629,-1,23.006764350346103,113.16014603138156,waypoint,24,24,"{'waypoint': 23, 'turn_point': 1}",turn_point,1,True,21.007328183804947,0.3318983993545641,turn_point
630,-1,23.0081431775624,113.16033787915956,waypoint,24,23,{'waypoint': 24},turn_point,1,True,220.5770035017945,0.6871626111837923,turn_point
631,-1,23.008681834965387,113.16080663229252,waypoint,24,23,{'waypoint': 24},turn_point,1,True,224.14073304599344,0.9154940795230336,turn_point
632,-1,23.010736366135813,113.16325493941322,waypoint,24,24,{'waypoint': 24},turn_point,1,True,227.2025278453084,0.3329645629820253,turn_point
633,-1,23.015434378706697,113.1708466130381,waypoint,24,2,{'waypoint': 24},turn_point,1,True,238.0814687229779,0.9999616799318914,turn_point
634,-1,23.028229919127103,112.98871538350318,waypoint,24,24,{'waypoint': 24},merge_point,1,True,268.1440138913167,0.7454247568705239,merge_point
635,-1,23.032793837710987,112.99720101152154,waypoint,24,24,{'waypoint': 24},turn_point,1,True,59.32326002221012,0.6660271278469323,turn_point
636,-1,23.03466516612348,113.00080203299304,waypoint,24,23,{'waypoint': 24},turn_point,1,True,255.7579987631265,0.4994397272794198,turn_point
637,-1,23.039282869619427,113.34876534136778,waypoint,24,24,{'waypoint': 24},turn_point,1,True,124.5666574922854,0.3314162779022582,turn_point
638,-1,23.05278062728982,113.259246976058,waypoint,24,23,{'waypoint': 24},merge_point,1,True,66.76079802966153,0.7497946792259619,merge_point
639,-1,23.05279224838038,113.32321640798882,waypoint,24,24,{'waypoint': 24},turn_point,1,True,280.1945532262894,0.9983625659744148,turn_point
640,-1,23.053246907094785,113.26021586850712,waypoint,24,24,{'waypoint': 24},merge_point,1,True,68.14394872882934,0.6663107164900613,merge_point
641,-1,23.054255988183343,113.26170600426092,waypoint,24,24,{'waypoint': 24},turn_point,1,True,251.67294337816423,0.9157566760646546,turn_point
642,-1,23.054263302452885,113.26225901911472,waypoint,24,24,{'waypoint': 24},turn_point,1,True,254.94574406712587,0.7240726997142403,turn_point
643,-1,23.05575528094228,113.26871171782204,waypoint,24,24,{'waypoint': 24},turn_point,1,True,71.66185268394314,0.5773403798634117,turn_point
644,-1,23.057642592457928,113.27323968887454,waypoint,24,24,{'waypoint': 24},turn_point,1,True,256.099576181046,0.4993453531755953,turn_point
645,-1,23.05772019790465,113.28276677347944,waypoint,24,23,"{'waypoint': 23, 'turn_point': 1}",turn_point,1,True,291.8946355318906,0.2689223847869078,turn_point
646,-1,23.05765942787366,113.28318489006658,waypoint,24,23,"{'waypoint': 23, 'stop_point': 1}",turn_point,1,True,284.5810881115054,0.6667587613795104,turn_point
647,-1,23.09130226324353,113.42830275751751,waypoint,24,5,"{'waypoint': 23, 'turn_point': 1}",turn_point,1,True,137.82398162553974,0.7359186299536099,turn_point
648,-1,23.09122974495152,113.42870493253092,waypoint,24,2,{'waypoint': 24},turn_point,1,True,86.1307743476013,0.200565745893119,turn_point
649,-1,23.156178756390275,112.81775412380767,waypoint,24,23,"{'waypoint': 23, 'stop_point': 1}",turn_point,1,True,61.10165034494814,0.7483095643690062,turn_point
650,-1,23.15895274796312,112.8452848630877,waypoint,24,2,{'waypoint': 24},turn_point,1,True,257.775119600285,0.99999945508831,turn_point
651,-1,23.160508461496736,112.85227578464264,waypoint,24,1,{'waypoint': 24},turn_point,1,True,255.0355695885429,0.99998868436718,turn_point
652,-1,22.977765484446792,113.12328244113633,waypoint,23,23,{'waypoint': 23},turn_point,1,True,80.93300259958575,0.5645235337980065,turn_point
653,-1,22.97827276682799,113.12626297092694,waypoint,23,23,{'waypoint': 23},turn_point,1,True,73.5897462261185,0.6499315099005797,turn_point
654,-1,22.98735149307549,113.13770740590893,waypoint,23,22,{'waypoint': 23},turn_point,1,True,56.82667365573666,0.6520181156228789,turn_point
655,-1,22.98875883474737,113.14921731293514,waypoint,23,23,{'waypoint': 23},turn_point,1,True,279.26049008057294,0.2172842809149511,turn_point
656,-1,23.00484076423649,113.0597102990678,waypoint,23,23,{'waypoint': 23},turn_point,1,True,66.46858217576242,0.5647153031095192,turn_point
657,-1,23.005164030467203,113.05979695662732,waypoint,23,22,{'waypoint': 23},turn_point,1,True,247.3046651929729,0.9123356287943266,turn_point
658,-1,23.00571895889498,113.15938380132413,waypoint,23,23,{'waypoint': 23},turn_point,1,True,184.57809783904727,0.9923468305327708,turn_point
659,-1,23.018176595742688,113.17536668467544,waypoint,23,23,{'waypoint': 23},turn_point,1,True,238.31225721513263,0.6520218446907616,turn_point
660,-1,23.044654504482992,113.22130983767974,waypoint,23,23,{'waypoint': 23},turn_point,1,True,266.4383407112445,0.6511229103962727,turn_point
661,-1,23.04922839031732,113.25052056374912,waypoint,23,1,"{'waypoint': 20, 'turn_point': 2, 'stop_point': 1}",turn_point,1,True,39.51349744593762,0.9970883734079464,turn_point
662,-1,23.052263228096084,113.25768648076811,waypoint,23,22,{'waypoint': 23},turn_point,1,True,234.06334421677465,0.1312305195858704,turn_point
663,-1,23.052212243233672,113.32627445250026,waypoint,23,23,{'waypoint': 23},turn_point,1,True,286.0520579283853,0.999430942149293,turn_point
664,-1,23.053233416105776,113.25974901445358,waypoint,23,22,{'waypoint': 23},turn_point,1,True,76.54008637856165,0.0443857787656904,turn_point
665,-1,23.05429172982388,113.2627340991615,waypoint,23,23,{'waypoint': 23},turn_point,1,True,251.5970705499089,0.0434050721452407,turn_point
666,-1,23.054670380228934,113.26323482804264,waypoint,23,23,{'waypoint': 23},turn_point,1,True,254.62900859951705,0.9941392298260556,turn_point
667,-1,23.0567854656183,113.26922463521475,waypoint,23,14,"{'waypoint': 18, 'turn_point': 4, 'stop_point': 1}",turn_point,1,True,213.88381484878437,0.1447753755414565,turn_point
668,-1,23.064757932006057,113.4197441788431,waypoint,23,23,{'waypoint': 23},turn_point,1,True,229.39601291645116,0.1474302292400351,turn_point
669,-1,23.067785934857817,113.47926166380807,waypoint,23,1,"{'waypoint': 17, 'turn_point': 4, 'stop_point': 2}",turn_point,1,True,109.35755496469172,0.5268543027656134,turn_point
670,-1,23.154287247466453,112.8152358389133,waypoint,23,22,{'waypoint': 23},turn_point,1,True,44.003582830409705,0.733090808987485,turn_point
671,-1,23.155260022401748,112.81574762089252,waypoint,23,23,{'waypoint': 23},turn_point,1,True,234.206963055119,0.5667579257748039,turn_point
672,-1,23.15671595243045,112.81772239894656,waypoint,23,23,"{'waypoint': 22, 'turn_point': 1}",turn_point,1,True,240.7732430270964,0.8247064538004508,turn_point
673,-1,23.15713696481997,112.81825790524292,waypoint,23,23,{'waypoint': 23},turn_point,1,True,241.74747468501985,0.9993185387798283,turn_point
674,-1,23.157466277137598,112.81926594280216,waypoint,23,2,"{'waypoint': 22, 'turn_point': 1}",turn_point,1,True,247.70137955528963,0.999580837342868,turn_point
675,-1,23.157313796857853,112.82067068899208,waypoint,23,19,{'waypoint': 23},turn_point,1,True,69.76145095845013,0.9963486472699322,turn_point
676,-1,23.15792432558814,112.82022170920314,waypoint,23,2,{'waypoint': 23},turn_point,1,True,247.9065709424021,0.9998439835474034,turn_point
677,-1,23.158714515940527,112.84474538579116,waypoint,23,23,{'waypoint': 23},turn_point,1,True,259.60000468900137,0.999675167997288,turn_point
678,-1,23.160665647461936,112.86279162017142,waypoint,23,23,{'waypoint': 23},turn_point,1,True,95.62287576795416,0.7389417328374823,turn_point
679,316,23.175076012190605,112.74841023685504,waypoint,23,1,"{'waypoint': 20, 'turn_point': 2, 'stop_point': 1}",turn_point,1,False,244.26244832732368,1.0,turn_point
680,-1,22.97632754130053,113.10177190102836,waypoint,22,22,{'waypoint': 22},turn_point,1,True,116.65322074662436,0.7203993382279575,turn_point
681,-1,22.97967757358389,113.1277999758735,waypoint,22,22,{'waypoint': 22},turn_point,1,True,239.510171392704,0.7214184805754374,turn_point
682,-1,23.00113996747793,113.1627633934902,waypoint,22,21,{'waypoint': 22},turn_point,1,True,321.6330182174799,0.6336646698594914,turn_point
683,-1,23.00478641806476,113.0592345029568,waypoint,22,20,{'waypoint': 22},turn_point,1,True,53.49034194337527,0.0924776331933091,turn_point
684,-1,23.006168166839743,113.063280584672,waypoint,22,22,{'waypoint': 22},turn_point,1,True,256.15247251431435,0.6366876235555875,turn_point
685,-1,23.02870855428308,112.99130873440004,waypoint,22,22,{'waypoint': 22},turn_point,1,True,252.86249410807372,0.7252431840496106,turn_point
686,-1,23.044282090065625,113.34368361046822,waypoint,22,21,{'waypoint': 22},turn_point,1,True,226.390097075592,0.0099373705078631,turn_point
687,-1,23.0513234772936,113.25577284727228,waypoint,22,22,{'waypoint': 22},turn_point,1,True,56.83690120041853,0.2727020709129969,turn_point
688,-1,23.056258929902512,113.26970236779604,waypoint,22,19,"{'waypoint': 21, 'turn_point': 1}",turn_point,1,True,48.08947500074799,0.3924199365847199,turn_point
689,-1,23.075696485569345,113.43330714330196,waypoint,22,22,{'waypoint': 22},turn_point,1,True,55.66755958805357,0.5453946940801936,turn_point
690,-1,23.152758335321327,112.88577134927073,waypoint,22,22,{'waypoint': 22},turn_point,1,True,300.86500976926885,0.6353609164687662,turn_point
691,-1,23.153842490583862,112.88377307695404,waypoint,22,22,{'waypoint': 22},turn_point,1,True,294.59025960318286,0.9082556316998291,turn_point
692,-1,23.15575368294321,112.81618108253096,waypoint,22,22,"{'waypoint': 21, 'turn_point': 1}",turn_point,1,True,238.64293701731825,0.8189043343780146,turn_point
693,-1,23.155716499915115,112.81676319148028,waypoint,22,21,{'waypoint': 22},turn_point,1,True,50.12666742479823,0.1823996091438591,turn_point
694,-1,23.15623788038113,112.81677190431591,waypoint,22,21,{'waypoint': 22},turn_point,1,True,239.02345915948635,0.9084278487658412,turn_point
695,-1,23.15767926803403,112.82175292742856,waypoint,22,21,{'waypoint': 22},turn_point,1,True,69.13996914227923,0.9967094750733628,turn_point
696,-1,22.963302775205246,113.15313711056604,waypoint,21,3,"{'waypoint': 16, 'turn_point': 4, 'stop_point': 1}",turn_point,1,True,41.22075888820862,0.3770208520178078,turn_point
697,-1,22.97821559031858,113.1237156167015,waypoint,21,21,{'waypoint': 21},turn_point,1,True,261.545552557051,0.8086857872559647,turn_point
698,-1,23.028670726827357,112.98667463407804,waypoint,21,21,"{'waypoint': 19, 'turn_point': 1, 'stop_point': 1}",turn_point,1,True,282.91003418651155,0.527578778950632,turn_point
699,-1,23.02921374084216,112.99227384042342,waypoint,21,21,{'waypoint': 21},turn_point,1,True,237.99687064694456,0.6128139675576334,turn_point
700,-1,23.029654271339155,112.99279817778822,waypoint,21,21,"{'waypoint': 20, 'turn_point': 1}",turn_point,1,True,230.2418308267153,0.7962155034153,turn_point
701,-1,23.03462472665873,113.00029828751111,waypoint,21,21,{'waypoint': 21},turn_point,1,True,253.73339503561152,0.9995850246243212,turn_point
702,-1,23.044725981730803,113.34317625960348,waypoint,21,20,{'waypoint': 21},turn_point,1,True,312.8511284524927,0.4283088884208644,turn_point
703,-1,23.05073729487188,113.3307122510852,waypoint,21,20,{'waypoint': 21},turn_point,1,True,295.0172995718269,0.9114193419763816,turn_point
704,-1,23.05275623999335,113.32375541786516,waypoint,21,21,{'waypoint': 21},turn_point,1,True,280.3580304940552,0.9040517269604093,turn_point
705,-1,23.053266799157,113.29777982288424,waypoint,21,20,{'waypoint': 21},turn_point,1,True,289.9211273302073,0.4363447635931808,turn_point
706,-1,23.053671466590504,113.29669145498376,waypoint,21,21,{'waypoint': 21},turn_point,1,True,285.9427492330906,0.9051741866086304,turn_point
707,-1,23.05609459840879,113.26703103189308,waypoint,21,1,"{'turn_point': 7, 'waypoint': 13, 'stop_point': 1}",turn_point,1,True,45.60957093787896,0.9298541120584664,turn_point
708,-1,23.057250161307884,113.28273888987074,waypoint,21,19,{'waypoint': 21},turn_point,1,True,106.55431174756325,0.8087424952972289,turn_point
709,-1,23.057249095669373,113.284215020265,waypoint,21,20,{'waypoint': 21},turn_point,1,True,268.5927396343872,0.0493402871064577,turn_point
710,-1,23.0855628509527,113.40557641890676,waypoint,21,1,"{'waypoint': 18, 'turn_point': 2, 'stop_point': 1}",turn_point,1,True,197.5,1.0,turn_point
711,-1,23.15276307063302,112.81421505310075,waypoint,21,18,{'waypoint': 21},turn_point,1,True,18.66788031450151,0.997162881983454,turn_point
712,-1,23.1573030895729,112.81875450071624,waypoint,21,20,{'waypoint': 21},turn_point,1,True,244.3773942162061,0.9974657155398536,turn_point
713,-1,23.158067129627028,112.83919414533064,waypoint,21,2,{'waypoint': 21},turn_point,1,True,266.18435078889763,0.9999879863655248,turn_point
714,-1,23.159770483608945,112.86775726902384,waypoint,21,19,{'waypoint': 21},turn_point,1,True,300.6595029327677,0.1439518211588077,turn_point
715,-1,23.16054682811486,112.86323859562634,waypoint,21,2,{'waypoint': 21},turn_point,1,True,97.0871546165447,0.999652917786582,turn_point
716,304,23.092307652962244,113.46013488559788,waypoint,20,13,"{'turn_point': 9, 'waypoint': 11}",turn_point,13,False,163.75111521999497,0.11558015195986489,turn_point
717,-1,22.97617536942893,113.10476471052218,waypoint,20,20,{'waypoint': 20},turn_point,1,True,276.6856582242949,0.7993142371024445,turn_point
718,-1,22.978208752296915,113.1232571326317,waypoint,20,20,{'waypoint': 20},turn_point,1,True,261.72208657461243,0.8992369288660208,turn_point
719,-1,22.9802628352267,113.12960662784532,waypoint,20,18,{'waypoint': 20},turn_point,1,True,40.56676919579754,0.5997235437267808,turn_point
720,-1,23.00029175529952,113.16320293544668,waypoint,20,18,{'waypoint': 20},turn_point,1,True,355.134832837022,0.2072014143878182,turn_point
721,-1,23.002409876759945,113.04977395425696,waypoint,20,20,{'waypoint': 20},turn_point,1,True,108.32317121473734,0.8983107925912573,turn_point
722,-1,23.01330168035105,113.16717239347454,waypoint,20,20,{'waypoint': 20},turn_point,1,True,60.324314993464704,0.4975601016651527,turn_point
723,-1,23.013736620642884,113.16777001943484,waypoint,20,19,{'waypoint': 20},turn_point,1,True,71.55320884666331,0.0850617945936541,turn_point
724,-1,23.02837693444113,112.99216835127888,waypoint,20,19,{'waypoint': 20},turn_point,1,True,65.06451557909266,0.6986058082571996,turn_point
725,-1,23.05225663143243,113.30473649612824,waypoint,20,17,{'waypoint': 20},turn_point,1,True,271.2644023640425,0.3046586164607429,turn_point
726,-1,23.0523084549772,113.32571457476172,waypoint,20,20,{'waypoint': 20},turn_point,1,True,285.4827581535853,0.7988470558484395,turn_point
727,-1,23.06578845260465,113.420729761788,waypoint,20,20,{'waypoint': 20},turn_point,1,True,132.0631368438248,0.0174314578984805,turn_point
728,-1,23.145212880730792,112.80426062405364,waypoint,20,19,{'waypoint': 20},turn_point,1,True,67.06811470993145,0.9979499828956624,turn_point
729,-1,23.152769229898773,112.88473788293956,waypoint,20,20,{'waypoint': 20},turn_point,1,True,118.24963664424529,0.998976622987438,turn_point
730,-1,23.15373141893971,112.81471591876962,waypoint,20,18,{'waypoint': 20},turn_point,1,True,23.576698662288607,0.4019733819388442,turn_point
731,-1,23.156739313933763,112.81925673502036,waypoint,20,20,{'waypoint': 20},turn_point,1,True,64.37429749316881,0.8979476843267166,turn_point
732,-1,23.158000557325416,112.83775246895442,waypoint,20,2,{'waypoint': 20},turn_point,1,True,266.0082329123111,0.9990520017036112,turn_point
733,-1,23.15875160940271,112.84428151181594,waypoint,20,20,{'waypoint': 20},turn_point,1,True,259.3651603241914,0.9994064620801634,turn_point
734,-1,23.16077773382641,112.86025067014768,waypoint,20,19,{'waypoint': 20},turn_point,1,True,91.13522157006092,0.9993616618057424,turn_point
735,-1,23.16065334897575,112.86577505636458,waypoint,20,20,{'waypoint': 20},turn_point,1,True,287.7732450924088,0.9976865630723152,turn_point
736,-1,23.16061379588046,112.86624082923548,waypoint,20,20,{'waypoint': 20},turn_point,1,True,288.964984040204,0.9986579027612024,turn_point
737,-1,23.215979954657055,112.8058154823271,waypoint,20,1,"{'waypoint': 12, 'turn_point': 7, 'stop_point': 1}",turn_point,1,True,295.74846738919484,0.9797157717658248,turn_point
738,-1,22.975854375589435,113.10325325160318,waypoint,19,17,{'waypoint': 19},turn_point,1,True,107.860493366387,0.5787737657281348,turn_point
739,-1,22.97775584522351,113.12278271215214,waypoint,19,18,{'waypoint': 19},turn_point,1,True,76.95415241677324,0.0522211423333037,turn_point
740,-1,22.978693162619955,113.12518835681408,waypoint,19,19,{'waypoint': 19},turn_point,1,True,259.3037392914316,0.892391372473425,turn_point
741,-1,22.979200505343783,113.12672496058332,waypoint,19,19,{'waypoint': 19},turn_point,1,True,251.10759827415032,0.7901079682054133,turn_point
742,-1,22.979342269073296,113.12868248155604,waypoint,19,19,{'waypoint': 19},turn_point,1,True,47.727171225359164,0.6815532058749332,turn_point
743,-1,22.997345485429783,113.16309515813433,waypoint,19,19,{'waypoint': 19},turn_point,1,True,21.936893263927487,0.9983406537243756,turn_point
744,-1,23.00632949681676,113.16013182595132,waypoint,19,18,"{'waypoint': 18, 'turn_point': 1}",turn_point,1,True,7.6783944993991184,0.4714156896636089,turn_point
745,-1,23.011270084487798,113.16375555378237,waypoint,19,19,{'waypoint': 19},turn_point,1,True,228.4791797267463,0.7885592550993633,turn_point
746,-1,23.0131102738817,113.1663171550664,waypoint,19,19,{'waypoint': 19},turn_point,1,True,237.1630308887713,0.9990356769077916,turn_point
747,-1,23.02915630358923,113.0237468064847,waypoint,19,19,{'waypoint': 19},turn_point,1,True,318.8471248026848,0.8943617267208813,turn_point
748,-1,23.048734952159325,113.25174450518156,waypoint,19,18,"{'waypoint': 18, 'stop_point': 1}",turn_point,1,True,231.52089669251365,0.5763638302448668,turn_point
749,-1,23.051274980085772,113.25619496412295,waypoint,19,18,{'waypoint': 19},turn_point,1,True,58.92282172804689,0.8938547546707257,turn_point
750,-1,23.05274252920823,113.2587690697422,waypoint,19,19,{'waypoint': 19},merge_point,1,True,64.98520388810182,0.3683416484578693,merge_point
751,-1,23.05360183377619,113.2597660698626,waypoint,19,19,{'waypoint': 19},turn_point,1,True,249.13395468327565,0.9684775639543934,turn_point
752,-1,23.05373153914006,113.2617325968872,waypoint,19,17,{'waypoint': 19},turn_point,1,True,70.88292658228384,0.8940003687821975,turn_point
753,-1,23.054659447801654,113.26271939354848,waypoint,19,18,{'waypoint': 19},turn_point,1,True,253.36036070403875,0.7889993749015335,turn_point
754,-1,23.05722746024852,113.2692190410389,waypoint,19,7,"{'waypoint': 15, 'turn_point': 3, 'stop_point': 1}",turn_point,1,True,224.50495919695183,0.2333131533197249,turn_point
755,-1,23.057244449737663,113.2697542222094,waypoint,19,15,"{'waypoint': 18, 'stop_point': 1}",turn_point,1,True,299.0448722803197,0.2632508460321582,turn_point
756,-1,23.057286798368725,113.28376762513471,waypoint,19,15,{'waypoint': 19},turn_point,1,True,287.46593620326576,0.1578311387753564,turn_point
757,-1,23.05775408040735,113.28595137045612,waypoint,19,2,"{'waypoint': 13, 'turn_point': 5, 'stop_point': 1}",turn_point,1,True,169.5978470097382,0.9998902483697848,turn_point
758,-1,23.06423511367767,113.41929637498792,waypoint,19,19,{'waypoint': 19},merge_point,1,True,36.67489891997,0.0528950230159447,merge_point
759,-1,23.069257188195436,113.42423422289828,waypoint,19,19,{'waypoint': 19},turn_point,1,True,226.78495414936663,0.3687296247426658,turn_point
760,-1,23.072724766434693,113.42823661243654,waypoint,19,19,{'waypoint': 19},turn_point,1,True,230.7172033672221,0.8943804323779677,turn_point
761,-1,23.07316121195125,113.4287754217,waypoint,19,19,{'waypoint': 19},turn_point,1,True,231.1007309544526,0.788862106632228,turn_point
762,-1,23.074818274298973,113.4312350503224,waypoint,19,18,{'waypoint': 19},turn_point,1,True,233.997954981468,0.5787638266017886,turn_point
763,-1,23.09223327206306,113.4278350388973,waypoint,19,3,{'waypoint': 19},turn_point,1,True,321.5233540994,0.7874105897014013,turn_point
764,-1,23.10718661558024,113.38789982892486,waypoint,19,1,"{'waypoint': 15, 'turn_point': 3, 'stop_point': 1}",turn_point,1,True,102.31280365391927,0.2326284168916419,turn_point
765,-1,23.152272125635943,112.88575217842885,waypoint,19,19,{'waypoint': 19},turn_point,1,True,120.78266666939356,0.9981705061281978,turn_point
766,-1,23.157122504600583,112.8381972748044,waypoint,19,19,{'waypoint': 19},turn_point,1,True,84.99455107829964,0.9988342897145284,turn_point
767,-1,23.157305709671544,112.8407123691094,waypoint,19,19,{'waypoint': 19},turn_point,1,True,82.79611103542913,0.9984677105762634,turn_point
768,-1,23.15867147807533,112.82219970753088,waypoint,19,19,{'waypoint': 19},turn_point,1,True,246.1604110425093,0.9921393163138132,turn_point
769,-1,23.160738129693726,112.86124456625956,waypoint,19,19,{'waypoint': 19},turn_point,1,True,94.5400956566073,0.6849551958918473,turn_point
770,-1,23.16076167058786,112.86424850601406,waypoint,19,18,{'waypoint': 19},turn_point,1,True,280.06242761484896,0.4709727209082718,turn_point
771,-1,23.161391813595635,112.85972314515352,waypoint,19,2,{'waypoint': 19},turn_point,1,True,270.15326472137383,0.9999212356924784,turn_point
772,-1,22.977756074687463,113.1241866271954,waypoint,18,17,{'waypoint': 18},turn_point,1,True,81.75616452324124,0.8877152331073392,turn_point
773,-1,22.977865302698287,113.12476234326289,waypoint,18,17,{'waypoint': 18},turn_point,1,True,81.430183549922,0.6657246594473452,turn_point
774,-1,22.987648003762992,113.1377858295787,waypoint,18,17,{'waypoint': 18},turn_point,1,True,237.6805978612796,0.5556590139088556,turn_point
775,-1,22.99879667846984,113.07476052122216,waypoint,18,18,{'waypoint': 18},turn_point,1,True,332.372125679735,0.1122188654639638,turn_point
776,-1,23.00263885410426,113.05322110209754,waypoint,18,17,{'waypoint': 18},turn_point,1,True,257.45053193547835,0.5560946224367084,turn_point
777,-1,23.01013409612424,113.16238388621586,waypoint,18,18,{'waypoint': 18},turn_point,1,True,227.71669073398203,0.9994232927419704,turn_point
778,-1,23.011352566038884,113.16426112214742,waypoint,18,18,{'waypoint': 18},turn_point,1,True,45.55438577116762,0.6670493898503062,turn_point
779,-1,23.030317737778645,113.02178815293398,waypoint,18,18,{'waypoint': 18},turn_point,1,True,132.13780844199437,0.5561505736835819,turn_point
780,-1,23.031148797832994,113.02120191066528,waypoint,18,18,{'waypoint': 18},turn_point,1,True,305.3850694824398,0.997409729891518,turn_point
781,-1,23.04430985179906,113.2227381240451,waypoint,18,17,{'waypoint': 18},turn_point,1,True,75.0061539419801,0.7763971285883128,turn_point
782,-1,23.05029189557375,113.33176618274412,waypoint,18,17,{'waypoint': 18},turn_point,1,True,294.13556829868514,0.7775837757875966,turn_point
783,-1,23.05184421237236,113.25719827676264,waypoint,18,18,{'waypoint': 18},turn_point,1,True,59.98772959355142,0.887860069687939,turn_point
784,-1,23.052132631316848,113.30778033737434,waypoint,18,17,{'waypoint': 18},turn_point,1,True,265.4306197928453,0.4456558216952801,turn_point
785,-1,23.053199954038003,113.2588321642506,waypoint,18,18,{'waypoint': 18},turn_point,1,True,241.74334423239208,0.8154798106485881,turn_point
786,-1,23.054151668024566,113.26132579240031,waypoint,18,17,{'waypoint': 18},turn_point,1,True,250.3120883179145,0.8883366964683527,turn_point
787,-1,23.05480282342327,113.26371408530456,waypoint,18,18,{'waypoint': 18},turn_point,1,True,256.8471228375776,0.7766279648683241,turn_point
788,-1,23.057309574511905,113.28475966725507,waypoint,18,18,{'waypoint': 18},turn_point,1,True,286.23442435057376,0.8889998540983725,turn_point
789,-1,23.0631960194226,113.41832335230298,waypoint,18,17,{'waypoint': 18},turn_point,1,True,215.20189271844768,0.3334075427441342,turn_point
790,-1,23.066288354667407,113.42121910943636,waypoint,18,18,{'waypoint': 18},turn_point,1,True,44.25380746641496,0.1111525566830248,turn_point
791,-1,23.0665387035669,113.47748525573314,waypoint,18,2,"{'waypoint': 14, 'turn_point': 3, 'stop_point': 1}",turn_point,1,True,58.90104274215153,0.011103253549861,turn_point
792,-1,23.06820225830237,113.42272788582186,waypoint,18,18,{'waypoint': 18},turn_point,1,True,226.0789998647913,0.7773370910546853,turn_point
793,-1,23.076558508308374,113.48825719323668,turn_point,18,2,"{'turn_point': 10, 'waypoint': 8}",turn_point,1,True,252.22774218053405,0.9299032571937388,turn_point
794,-1,23.07842372976317,113.38227237663848,waypoint,18,1,"{'waypoint': 12, 'turn_point': 6}",turn_point,1,True,248.5287695013663,0.2708081575794238,turn_point
795,-1,23.151769031687287,112.88672898304668,waypoint,18,18,{'waypoint': 18},turn_point,1,True,124.3386200519972,0.8904353793025578,turn_point
796,-1,23.15227544378912,112.88622998820372,waypoint,18,18,{'waypoint': 18},turn_point,1,True,321.71291261025607,0.1140663291508644,turn_point
797,-1,23.15232406896443,112.8866914797235,waypoint,18,18,{'waypoint': 18},turn_point,1,True,304.35554568647075,0.8882989792569527,turn_point
798,-1,23.15327032398093,112.81470911388404,waypoint,18,18,{'waypoint': 18},turn_point,1,True,25.850121998398013,0.9901054112956008,turn_point
799,-1,23.15377073511776,112.81419479130189,waypoint,18,18,{'waypoint': 18},turn_point,1,True,210.92200769952305,0.9936575678149434,turn_point
800,-1,23.156315060789268,112.81824902541484,waypoint,18,16,{'waypoint': 18},turn_point,1,True,64.82667305299411,0.997197034060586,turn_point
801,-1,23.157699152123868,112.81977890858435,waypoint,18,17,"{'waypoint': 17, 'stop_point': 1}",turn_point,1,True,248.72240731275684,0.7743205454690474,turn_point
802,-1,23.160173298857355,112.8657464995269,waypoint,18,18,{'waypoint': 18},turn_point,1,True,101.57183729927696,0.777332813710248,turn_point
803,-1,23.160860879120403,112.86475334225209,waypoint,18,18,{'waypoint': 18},turn_point,1,True,282.5830546705811,0.9991690205506008,turn_point
804,-1,23.161127848396426,112.86376985207409,waypoint,18,17,{'waypoint': 18},turn_point,1,True,277.08122129610007,0.8878814455678815,turn_point
805,-1,22.891222985401416,113.36066979069868,waypoint,17,1,"{'waypoint': 15, 'turn_point': 1, 'stop_point': 1}",turn_point,1,True,220.79841706854404,0.4403312408319874,turn_point
806,-1,22.97666929597686,113.10320798877504,waypoint,17,17,{'waypoint': 17},turn_point,1,True,287.64203227978487,0.997627388202827,turn_point
807,-1,22.9888773144531,113.14169021893568,waypoint,17,17,{'waypoint': 17},turn_point,1,True,72.25074448937742,0.2960486210474755,turn_point
808,-1,23.002642280377387,113.0507204574158,waypoint,17,17,{'waypoint': 17},turn_point,1,True,288.3324383582791,0.6504454867867097,turn_point
809,-1,23.004318153121726,113.05822437311096,waypoint,17,16,{'waypoint': 17},turn_point,1,True,218.98100414202477,0.0647638600314719,turn_point
810,-1,23.028376938575125,113.02379318360812,waypoint,17,15,{'waypoint': 17},turn_point,1,True,141.61335592184267,0.8820390640260658,turn_point
811,-1,23.029666529006736,113.02314387322292,waypoint,17,17,{'waypoint': 17},turn_point,1,True,316.97762028218824,0.880415912509758,turn_point
812,-1,23.030832577874072,113.02078510494486,waypoint,17,17,{'waypoint': 17},turn_point,1,True,122.23116924146366,0.6442097413224572,turn_point
813,-1,23.03926768558415,113.34972944263454,waypoint,17,17,{'waypoint': 17},turn_point,1,True,303.624085790507,0.528155830396832,turn_point
814,-1,23.044582862732657,113.22021898982638,waypoint,17,17,{'waypoint': 17},turn_point,1,True,276.1691138309619,0.7641673537151908,turn_point
815,-1,23.04474652313549,113.2237014149968,waypoint,17,17,{'waypoint': 17},turn_point,1,True,252.9887267838565,0.4114331517361912,turn_point
816,-1,23.047806080547076,113.2507127614162,waypoint,17,17,{'waypoint': 17},turn_point,1,True,60.39823229112233,0.9982684408439768,turn_point
817,-1,23.04825570429673,113.2512573450764,waypoint,17,17,{'waypoint': 17},turn_point,1,True,56.65825195305062,0.410093196194059,turn_point
818,-1,23.051657943913234,113.25574750631264,waypoint,17,17,{'waypoint': 17},turn_point,1,True,238.6237354381479,0.9992593767164788,turn_point
819,-1,23.051856401054792,113.32472820352706,waypoint,17,16,{'waypoint': 17},turn_point,1,True,102.18091729944274,0.9976765412508976,turn_point
820,-1,23.052199477343184,113.3073139591821,waypoint,17,17,{'waypoint': 17},turn_point,1,True,267.70187236566863,0.645267355239667,turn_point
821,-1,23.052176044047187,113.30879056239378,waypoint,17,17,{'waypoint': 17},turn_point,1,True,267.5690212377329,0.764417758734576,turn_point
822,-1,23.052193861006646,113.32671273099103,waypoint,17,17,{'waypoint': 17},turn_point,1,True,286.0704096999413,0.9989856619102556,turn_point
823,-1,23.05274064999395,113.25822320810038,waypoint,17,17,{'waypoint': 17},turn_point,1,True,241.5456587386044,0.5294872396956588,turn_point
824,-1,23.05326746419525,113.29680062500788,waypoint,17,16,{'waypoint': 17},turn_point,1,True,100.83430489011926,0.4085537368068151,turn_point
825,-1,23.053321153332377,113.29718696676004,waypoint,17,16,{'waypoint': 17},turn_point,1,True,290.9876036255352,0.2970625525395612,turn_point
826,-1,23.05616513728645,113.26873061795789,waypoint,17,17,"{'waypoint': 15, 'turn_point': 2}",turn_point,1,True,246.483732448875,0.5215828233921453,turn_point
827,-1,23.05729665824893,113.27425315774518,waypoint,17,17,{'waypoint': 17},turn_point,1,True,75.65205688603517,0.4096155527907664,turn_point
828,-1,23.057651575077248,113.27272528734514,waypoint,17,16,{'waypoint': 17},turn_point,1,True,251.0307620706176,0.9989041452877652,turn_point
829,-1,23.05798378197435,113.28540546044484,waypoint,17,1,"{'turn_point': 5, 'waypoint': 12}",turn_point,1,True,260.08891421445566,0.9959409737442164,turn_point
830,-1,23.06027062194613,113.26825397772735,waypoint,17,15,{'waypoint': 17},turn_point,1,True,351.6365699625015,0.0733042430367366,turn_point
831,-1,23.06130663944625,113.41720213539192,waypoint,17,17,{'waypoint': 17},turn_point,1,True,22.046986547572757,0.0582471359153176,turn_point
832,-1,23.061812152854557,113.41766933559992,waypoint,17,17,{'waypoint': 17},turn_point,1,True,221.8170356034552,0.0600782866754554,turn_point
833,-1,23.06274395772138,113.41824394948334,waypoint,17,17,{'waypoint': 17},turn_point,1,True,34.54274265542604,0.4110110305399618,turn_point
834,-1,23.06870603348178,113.42374685249284,waypoint,17,17,{'waypoint': 17},turn_point,1,True,49.79246921153042,0.1768535409519223,turn_point
835,-1,23.07224893146993,113.428235914731,waypoint,17,17,{'waypoint': 17},turn_point,1,True,54.80734485686937,0.2957441002287961,turn_point
836,-1,23.078497483519797,113.46338968957704,waypoint,17,2,{'waypoint': 17},turn_point,1,True,357.30405994072385,0.5950450610424866,turn_point
837,-1,23.09176114110555,112.09920915333414,waypoint,17,17,{'waypoint': 17},turn_point,1,True,94.27327357716588,0.996198680651598,turn_point
838,-1,23.10673707776933,113.60826106198024,waypoint,17,15,{'waypoint': 17},turn_point,1,True,34.96536367758571,0.0892305093651282,turn_point
839,-1,23.142240210673528,112.79875167762764,waypoint,17,15,"{'waypoint': 16, 'turn_point': 1}",merge_point,1,True,85.92548045922244,0.9859123387203864,merge_point
840,-1,23.15366930514884,112.88429608103668,waypoint,17,17,{'waypoint': 17},turn_point,1,True,295.2927595165545,0.8814930205888927,turn_point
841,-1,23.157036552333416,112.82017266235556,waypoint,17,2,{'waypoint': 17},turn_point,1,True,67.6340405804318,0.9999812431943804,turn_point
842,-1,23.15721641516875,112.84028825881484,waypoint,17,17,{'waypoint': 17},turn_point,1,True,84.67083251486272,0.9994153624785344,turn_point
843,-1,23.15804530353753,112.8456965768759,waypoint,17,2,{'waypoint': 17},turn_point,1,True,77.5058052986604,0.999915470811329,turn_point
844,-1,23.15989410895415,112.8663011366202,waypoint,17,16,{'waypoint': 17},turn_point,1,True,108.75013740066952,0.8774694212597847,turn_point
845,-1,23.16024524296203,112.86623517820792,waypoint,17,17,{'waypoint': 17},turn_point,1,True,318.2951008848581,0.0686877714381246,turn_point
846,-1,23.160773235547147,112.86073387417672,waypoint,17,17,{'waypoint': 17},turn_point,1,True,90.38101876347784,0.8803314599674653,turn_point
847,-1,22.80928114169976,113.5845373777812,waypoint,16,1,"{'turn_point': 4, 'waypoint': 11, 'stop_point': 1}",turn_point,1,True,149.3279747667058,0.9950312612456088,turn_point
848,-1,22.98548386534848,113.13455879900566,waypoint,16,2,{'waypoint': 16},turn_point,1,True,51.06690334006451,0.5006241599911937,turn_point
849,-1,22.999163357053117,113.07466923414673,waypoint,16,16,{'waypoint': 16},turn_point,1,True,338.3912677944522,0.6245699817134179,turn_point
850,-1,23.004712849989488,113.05879323584703,waypoint,16,15,{'waypoint': 16},turn_point,1,True,244.639263471155,0.6242545540878633,turn_point
851,-1,23.00525345391404,113.16014157522244,waypoint,16,16,{'waypoint': 16},turn_point,1,True,0.6274767568897093,0.2593044328021622,turn_point
852,-1,23.01285171172581,113.16668456188935,waypoint,16,16,{'waypoint': 16},turn_point,1,True,57.16189683689712,0.7499330159101373,turn_point
853,-1,23.017867332640733,113.1752640143604,waypoint,16,16,{'waypoint': 16},turn_point,1,True,56.175288709119066,0.5000716794908917,turn_point
854,-1,23.027328170301253,113.0251769817012,waypoint,16,16,{'waypoint': 16},turn_point,1,True,322.8419158728816,0.8734485058754718,turn_point
855,-1,23.027738502895996,113.0247297666136,waypoint,16,16,{'waypoint': 16},turn_point,1,True,147.50806988983754,0.1259188791092557,turn_point
856,-1,23.028385018681394,112.98582586848757,waypoint,16,16,{'waypoint': 16},turn_point,1,True,125.29698211053812,0.622969885123714,turn_point
857,-1,23.02814111362055,113.0246419434348,waypoint,16,16,{'waypoint': 16},turn_point,1,True,322.0685143653447,0.9992572380742254,turn_point
858,-1,23.02863302704012,113.02419405805745,waypoint,16,16,{'waypoint': 16},turn_point,1,True,320.399985042358,0.8744752434849785,turn_point
859,-1,23.039678803987044,113.34878416974976,waypoint,16,16,{'waypoint': 16},turn_point,1,True,307.0411075371234,0.6237160439992607,turn_point
860,-1,23.04882443388877,113.25031714252262,waypoint,16,3,"{'waypoint': 14, 'turn_point': 1, 'stop_point': 1}",turn_point,1,True,50.05270277851433,0.4646222101568322,turn_point
861,-1,23.05071764615944,113.3312621366826,waypoint,16,16,{'waypoint': 16},turn_point,1,True,294.6778321908851,0.8737999751175227,turn_point
862,-1,23.05125091802156,113.32719483907628,waypoint,16,14,{'waypoint': 16},turn_point,1,True,109.91154720338486,0.6401862805210824,turn_point
863,-1,23.051671938769523,113.32630621573072,waypoint,16,15,{'waypoint': 16},turn_point,1,True,104.77210320716443,0.6249783192380733,turn_point
864,-1,23.052300267482348,113.3252875376316,waypoint,16,16,{'waypoint': 16},turn_point,1,True,284.2936477711226,0.8734585898504389,turn_point
865,-1,23.05372775365266,113.29581953176525,waypoint,16,15,{'waypoint': 16},turn_point,1,True,14.205781383603492,0.0168915697724493,turn_point
866,-1,23.055294179523656,113.26777112730642,waypoint,16,16,{'waypoint': 16},merge_point,1,True,71.90813093293514,0.6249067011418532,merge_point
867,-1,23.058976629862133,113.36464375224443,waypoint,16,1,"{'waypoint': 14, 'stop_point': 1, 'turn_point': 1}",turn_point,1,True,252.8243017794007,0.388869722802765,turn_point
868,-1,23.06519872719705,113.42019952785054,waypoint,16,16,{'waypoint': 16},turn_point,1,True,131.29657157446374,0.018097834885544,turn_point
869,-1,23.06775134852841,113.422376297102,waypoint,16,15,{'waypoint': 16},turn_point,1,True,223.9844274413249,0.3752067049426466,turn_point
870,-1,23.06828310738192,113.42319106281894,waypoint,16,16,{'waypoint': 16},turn_point,1,True,225.13346084071117,0.3749458064383115,turn_point
871,-1,23.06869069347485,113.42332282303828,waypoint,16,16,{'waypoint': 16},turn_point,1,True,225.55003550718183,0.8745810805654171,turn_point
872,-1,23.07183192057986,113.42720606296832,waypoint,16,16,{'waypoint': 16},turn_point,1,True,228.19030506632708,0.624681863121487,turn_point
873,-1,23.074251063753948,113.43119099318766,waypoint,16,16,{'waypoint': 16},turn_point,1,True,52.97857269239875,0.8747408906686712,turn_point
874,-1,23.0747038700538,113.430786769995,waypoint,16,16,{'waypoint': 16},turn_point,1,True,232.0560801756565,0.9991572686157628,turn_point
875,-1,23.076756707441632,113.46623589934023,waypoint,16,15,{'waypoint': 16},turn_point,1,True,285.3372358480742,0.4992763540127586,turn_point
876,-1,23.09157400543024,113.58320665895042,waypoint,16,2,"{'waypoint': 15, 'turn_point': 1}",turn_point,1,True,249.5327471345512,0.7506644675726258,turn_point
877,-1,23.10988131113384,113.38990943723536,waypoint,16,2,"{'waypoint': 10, 'turn_point': 5, 'stop_point': 1}",turn_point,1,True,293.5332335589298,0.9801103779907572,turn_point
878,-1,23.14573155731757,112.80378152056784,waypoint,16,15,{'waypoint': 16},turn_point,1,True,252.47062060682129,0.8737905081592093,turn_point
879,-1,23.155665477520408,112.8156356298012,waypoint,16,2,{'waypoint': 16},turn_point,1,True,235.83342444913197,0.9999045407990936,turn_point
880,-1,23.156624226535403,112.81730799950802,waypoint,16,16,{'waypoint': 16},turn_point,1,True,238.85046753159,0.9981040106285248,turn_point
881,-1,23.15786075118255,112.84426701701072,waypoint,16,16,{'waypoint': 16},turn_point,1,True,78.42512545153218,0.9993957883809624,turn_point
882,-1,23.15824177528872,112.82123148934492,waypoint,16,15,{'waypoint': 16},turn_point,1,True,249.7452418007959,0.8710051249021639,turn_point
883,-1,23.159811355889424,112.86819479338244,waypoint,16,16,{'waypoint': 16},turn_point,1,True,294.2817972024683,0.9989268945351544,turn_point
884,-1,23.16036847282289,112.86423968398898,waypoint,16,15,{'waypoint': 16},turn_point,1,True,98.2439327479705,0.9994571259660626,turn_point
885,-1,24.09575431644545,113.26813859316808,waypoint,16,1,"{'turn_point': 2, 'waypoint': 13, 'stop_point': 1}",turn_point,1,True,320.96869876817755,0.9999349514953988,turn_point
886,50,22.63441831084076,113.1274329216756,waypoint,15,15,{'waypoint': 15},turn_point,15,False,314.36713536930137,0.33455381982936316,turn_point
887,-1,22.976765853834586,113.10126859916689,waypoint,15,15,{'waypoint': 15},turn_point,1,True,121.70689708916258,0.5964328419816868,turn_point
888,-1,22.98513331934738,113.13386810778192,waypoint,15,15,{'waypoint': 15},turn_point,1,True,238.4576589517345,0.3335793435749142,turn_point
889,-1,22.98639180798564,113.1361674177656,waypoint,15,15,{'waypoint': 15},turn_point,1,True,229.30867139695889,0.2003135559050189,turn_point
890,-1,23.000238156407114,113.07419274288416,waypoint,15,15,{'waypoint': 15},turn_point,1,True,338.2582609295148,0.4662853437669771,turn_point
891,-1,23.00289222093464,113.1605818791918,waypoint,15,2,{'waypoint': 15},turn_point,1,True,135.7845921024692,0.999573064292862,turn_point
892,-1,23.003199956930363,113.05532567376204,waypoint,15,15,{'waypoint': 15},turn_point,1,True,240.4201821774967,0.8650364824540155,turn_point
893,-1,23.00382983332842,113.1598513075636,waypoint,15,14,{'waypoint': 15},turn_point,1,True,150.99680489710934,0.9949825323579914,turn_point
894,-1,23.00556903359494,113.06082691643408,waypoint,15,15,{'waypoint': 15},turn_point,1,True,250.3849196678593,0.8660428465968547,turn_point
895,-1,23.0057329529795,113.16013432976315,waypoint,15,14,"{'waypoint': 14, 'turn_point': 1}",turn_point,1,True,356.7108823830662,0.1982693846217701,turn_point
896,-1,23.00617361556768,113.1594104779959,waypoint,15,15,{'waypoint': 15},turn_point,1,True,190.35282565721505,0.9980701139541112,turn_point
897,-1,23.044248937724536,113.21975803854208,waypoint,15,15,{'waypoint': 15},turn_point,1,True,100.37283109676758,0.7328342117034801,turn_point
898,-1,23.04881834452108,113.33082342791788,waypoint,15,3,"{'waypoint': 11, 'turn_point': 4}",turn_point,1,True,0.3254543058954081,0.2657228550079353,turn_point
899,-1,23.05220982961663,113.30419596129016,waypoint,15,15,{'waypoint': 15},turn_point,1,True,239.66804244167835,0.0918834175774371,turn_point
900,-1,23.052216123953528,113.30922734657705,waypoint,15,15,{'waypoint': 15},turn_point,1,True,268.1907280976494,0.7320802331362809,turn_point
901,-1,23.05263973768044,113.2577623634473,waypoint,15,14,{'waypoint': 15},turn_point,1,True,241.1840930504673,0.8652598113071793,turn_point
902,-1,23.05353809968826,113.30437580287077,waypoint,15,2,"{'waypoint': 10, 'turn_point': 4, 'stop_point': 1}",turn_point,1,True,183.1553080465437,0.9999260798717156,turn_point
903,-1,23.05721061933846,113.27187516706772,waypoint,15,15,{'waypoint': 15},merge_point,1,True,254.35883862733468,0.3345263608098766,merge_point
904,-1,23.05733214036121,113.28230132966516,waypoint,15,15,{'waypoint': 15},turn_point,1,True,103.13340081439772,0.9994019852008184,turn_point
905,-1,23.05730419753388,113.28324648391214,waypoint,15,15,{'waypoint': 15},turn_point,1,True,106.42878495179114,0.4661912443476113,turn_point
906,-1,23.062300239948005,113.41774796826334,waypoint,15,15,{'waypoint': 15},turn_point,1,True,223.5351721583591,0.0685969452639175,turn_point
907,-1,23.063244578637185,113.41870095414784,waypoint,15,14,{'waypoint': 15},turn_point,1,True,205.36596114803655,0.0645548540011843,turn_point
908,-1,23.064752815438904,113.4192951039744,waypoint,15,15,{'waypoint': 15},turn_point,1,True,219.12774475381747,0.7330256203921054,turn_point
909,-1,23.072257167996774,113.42767482501633,waypoint,15,14,{'waypoint': 15},turn_point,1,True,229.22828860077132,0.7322249848198394,turn_point
910,-1,23.07424158686452,113.43025462969034,waypoint,15,15,{'waypoint': 15},turn_point,1,True,233.11513254072415,0.8659425519100169,turn_point
911,-1,23.075219191676634,113.43228829636952,waypoint,15,15,{'waypoint': 15},turn_point,1,True,240.9891975824973,0.066850655796873,turn_point
912,-1,23.07723250028008,113.46420672129896,waypoint,15,13,{'waypoint': 15},turn_point,1,True,270.8515201266537,0.8611085308077518,turn_point
913,-1,23.14471939237661,112.803224849546,waypoint,15,14,{'waypoint': 15},turn_point,1,True,55.74086079315536,0.8653655071922758,turn_point
914,-1,23.15625682699188,112.8172528201464,waypoint,15,15,{'waypoint': 15},turn_point,1,True,235.5506373116764,0.3339449565262134,turn_point
915,-1,23.15726460357929,112.83972766201144,waypoint,15,15,{'waypoint': 15},turn_point,1,True,83.63249474958822,0.9984837332517188,turn_point
916,-1,23.15820333397572,112.82082339174828,waypoint,15,15,"{'waypoint': 14, 'turn_point': 1}",turn_point,1,True,247.33191913068245,0.9922741919803938,turn_point
917,-1,23.158340285807657,112.84323994137436,waypoint,15,15,{'waypoint': 15},turn_point,1,True,260.11851442452485,0.9983025550640304,turn_point
918,-1,23.158786816302797,112.84575380914843,waypoint,15,14,{'waypoint': 15},turn_point,1,True,256.54700928577586,0.9988209385881148,turn_point
919,-1,23.159822810389144,112.8522341842786,waypoint,15,14,{'waypoint': 15},turn_point,1,True,74.85395277454907,0.9982551588384704,turn_point
920,-1,23.16045594941477,112.85172692597372,waypoint,15,2,{'waypoint': 15},turn_point,1,True,256.8659401714624,0.9999479209428768,turn_point
921,-1,23.16020917489204,112.85273593774042,waypoint,15,15,{'waypoint': 15},turn_point,1,True,69.99442290647349,0.0679627433002712,turn_point
922,-1,23.160193294174267,112.8532463626264,waypoint,15,14,{'waypoint': 15},turn_point,1,True,74.39106099747333,0.7331884314566485,turn_point
923,-1,23.16034540379132,112.86473404528952,waypoint,15,15,{'waypoint': 15},turn_point,1,True,99.700119525527,0.9992663447177677,turn_point
924,-1,23.16065950833368,112.86174741487916,waypoint,15,15,{'waypoint': 15},turn_point,1,True,93.47277016580492,0.9991878207744808,turn_point
925,-1,23.174965421939696,112.75003290153047,waypoint,15,1,"{'turn_point': 2, 'waypoint': 12, 'stop_point': 1}",turn_point,1,True,356.24694460160805,0.998928004643158,turn_point
926,-1,23.33552424074553,113.14670727026125,waypoint,15,1,"{'waypoint': 13, 'stop_point': 1, 'turn_point': 1}",turn_point,1,True,357.41818744800094,0.9994925239522005,turn_point
927,-1,22.97607642218936,113.10524353760252,waypoint,14,14,{'waypoint': 14},turn_point,1,True,271.542572885681,0.4295221322327304,turn_point
928,-1,22.99422279699001,113.1612305530494,waypoint,14,14,{'waypoint': 14},turn_point,1,True,195.60024763235612,0.8571192993308645,turn_point
929,-1,23.0028955456083,113.05563311438196,waypoint,14,13,{'waypoint': 14},turn_point,1,True,58.86497909400546,0.5715234730715382,turn_point
930,-1,23.005266901635984,113.1593580758248,waypoint,14,13,"{'waypoint': 13, 'turn_point': 1}",turn_point,1,True,178.4739637192986,0.9939270250431588,turn_point
931,-1,23.005730495693346,113.06171822430916,waypoint,14,13,{'waypoint': 14},turn_point,1,True,254.4120918013708,0.57050384583492,turn_point
932,-1,23.006119246977534,113.0628582417592,waypoint,14,14,{'waypoint': 14},turn_point,1,True,254.9770704785408,0.856547786238214,turn_point
933,-1,23.01078347998362,113.16368383420011,waypoint,14,14,{'waypoint': 14},turn_point,1,True,46.55978494651722,0.7134347620403158,turn_point
934,-1,23.017772428606303,113.17478537328748,waypoint,14,14,{'waypoint': 14},turn_point,1,True,326.9617924809472,0.0250331829545581,turn_point
935,-1,23.027869629252507,112.98678658316352,waypoint,14,13,{'waypoint': 14},turn_point,1,True,109.55043681416012,0.9988572009075372,turn_point
936,-1,23.029180476796064,112.98571970733336,waypoint,14,13,"{'waypoint': 13, 'turn_point': 1}",turn_point,1,True,309.4003749798091,0.8472680201497111,turn_point
937,-1,23.032295458392948,112.99667329006124,waypoint,14,14,{'waypoint': 14},turn_point,1,True,54.447523821261726,0.5759638142646527,turn_point
938,-1,23.03410342283698,112.99885714835467,waypoint,14,14,{'waypoint': 14},turn_point,1,True,250.6749307511909,0.856797798402352,turn_point
939,-1,23.0343842640884,113.00126514300976,waypoint,14,13,{'waypoint': 14},turn_point,1,True,75.25025560173461,0.7139711087549742,turn_point
940,-1,23.03882907664784,113.3493347958117,waypoint,14,13,{'waypoint': 14},turn_point,1,True,123.7977427346301,0.7131840450282562,turn_point
941,-1,23.050792703941408,113.2552530198054,waypoint,14,14,{'waypoint': 14},turn_point,1,True,55.04105275073879,0.7133452768904903,turn_point
942,-1,23.051791125509933,113.3077626456094,waypoint,14,14,{'waypoint': 14},turn_point,1,True,92.1664376244088,0.5710986874569622,turn_point
943,-1,23.05180703537204,113.30869043300514,waypoint,14,14,{'waypoint': 14},turn_point,1,True,93.2817753992026,0.2852227620614262,turn_point
944,-1,23.05180858858122,113.30932180233448,waypoint,14,14,{'waypoint': 14},turn_point,1,True,94.14824510912165,0.4295181609577329,turn_point
945,-1,23.051814268818845,113.31074985240456,waypoint,14,14,{'waypoint': 14},merge_point,1,True,87.8485715187314,0.1428999256590009,merge_point
946,-1,23.052959006683235,113.32276502043482,waypoint,14,2,{'waypoint': 14},turn_point,1,True,276.8929237484745,0.999935048566124,turn_point
947,-1,23.05375053339406,113.29528495365264,waypoint,14,14,{'waypoint': 14},turn_point,1,True,103.17347811310717,0.284868858421665,turn_point
948,-1,23.05363351663055,113.29720488422308,waypoint,14,14,{'waypoint': 14},turn_point,1,True,283.8643894792221,0.9983050432086542,turn_point
949,-1,23.05528024510775,113.26725160399783,waypoint,14,14,{'waypoint': 14},turn_point,1,True,77.14420866421457,0.4564866965527788,turn_point
950,-1,23.05627190859367,113.26920391430586,waypoint,14,13,"{'waypoint': 13, 'turn_point': 1}",turn_point,1,True,226.5115414891208,0.2689500988956992,turn_point
951,-1,23.06376951209156,113.41884758015908,waypoint,14,14,{'waypoint': 14},turn_point,1,True,221.13585452541213,0.4296590472316279,turn_point
952,-1,23.066712091296058,113.42131058925423,waypoint,14,14,{'waypoint': 14},turn_point,1,True,223.4679470690129,0.4281366249132695,turn_point
953,-1,23.066793616211648,113.47974472883575,waypoint,14,2,"{'waypoint': 8, 'turn_point': 5, 'stop_point': 1}",turn_point,1,True,44.503735966722246,0.2393903186341021,turn_point
954,-1,23.07074157905614,113.42575972858972,waypoint,14,14,{'waypoint': 14},turn_point,1,True,228.17134639132604,0.9991450726333194,turn_point
955,-1,23.07113814665458,113.42624562203729,waypoint,14,14,{'waypoint': 14},turn_point,1,True,227.9164965789576,0.8565993230776089,turn_point
956,-1,23.07120777027024,113.42675880994533,waypoint,14,14,{'waypoint': 14},turn_point,1,True,320.8297553530959,0.0067301113334033,turn_point
957,-1,23.071666364028697,113.42683508967632,waypoint,14,14,{'waypoint': 14},turn_point,1,True,229.54160817666084,0.8568186003037829,turn_point
958,-1,23.07219311225618,113.4272821267408,waypoint,14,14,{'waypoint': 14},turn_point,1,True,230.05797972402223,0.9989859089547882,turn_point
959,-1,23.07523445543652,113.43168660846996,waypoint,14,13,{'waypoint': 14},turn_point,1,True,233.40769911905065,0.9991350444305316,turn_point
960,-1,23.08624257225436,113.2462575173538,waypoint,14,14,{'waypoint': 14},turn_point,1,True,246.79387490981068,0.015432426754409,turn_point
961,-1,23.09007902530858,113.66511813034845,waypoint,14,1,"{'waypoint': 11, 'turn_point': 2, 'stop_point': 1}",turn_point,1,True,55.13931987377897,0.6950386120868327,turn_point
962,-1,23.091709704805996,112.09672985541224,waypoint,14,14,{'waypoint': 14},turn_point,1,True,75.31410010572363,0.9977047731274664,turn_point
963,-1,23.09464187033497,113.68212330599997,waypoint,14,2,"{'waypoint': 9, 'turn_point': 4, 'stop_point': 1}",turn_point,1,True,50.21377170873902,0.1197500761624138,turn_point
964,-1,23.134732528247167,112.57322682420924,waypoint,14,13,{'waypoint': 14},turn_point,1,True,14.479874540760704,0.7278501466308919,turn_point
965,-1,23.14521278679552,112.8037828092698,waypoint,14,14,{'waypoint': 14},turn_point,1,True,61.69136969378651,0.2845384425697807,turn_point
966,-1,23.15366379957262,112.81383779947475,waypoint,14,14,{'waypoint': 14},turn_point,1,True,207.413282681254,0.9958489399337505,turn_point
967,-1,23.15738479601946,112.82122893644866,waypoint,14,14,{'waypoint': 14},turn_point,1,True,69.3081006347348,0.9981086866422476,turn_point
968,-1,23.15785833645196,112.84479930188232,waypoint,14,13,{'waypoint': 14},turn_point,1,True,78.0570799952186,0.9995386793101207,turn_point
969,-1,23.158310564887444,112.82174952140896,waypoint,14,14,{'waypoint': 14},turn_point,1,True,252.0970465469918,0.7123014141617391,turn_point
970,-1,23.158762268701487,112.84624908365508,waypoint,14,14,{'waypoint': 14},turn_point,1,True,256.7184596527624,0.85615456939779,turn_point
971,-1,23.16066150761948,112.85275588404888,waypoint,14,14,{'waypoint': 14},turn_point,1,True,254.6213574164936,0.9987514707277438,turn_point
972,-1,23.16079208332164,112.8597374050696,waypoint,14,14,{'waypoint': 14},turn_point,1,True,90.65818082527952,0.8566571945604619,turn_point
973,-1,23.16076143515232,112.86377436840635,waypoint,14,14,{'waypoint': 14},turn_point,1,True,10.668629376873236,0.0053537813190003,turn_point
974,-1,23.16131799651915,112.86024963941334,waypoint,14,14,{'waypoint': 14},turn_point,1,True,270.9688300621674,0.99803953542603,turn_point
975,-1,22.98130555154773,113.13021736686431,waypoint,13,13,{'waypoint': 13},turn_point,1,True,221.7747817700688,0.0771116799340319,turn_point
976,-1,23.00240973050973,113.05475365129118,waypoint,13,12,{'waypoint': 13},turn_point,1,True,67.87726414599375,0.9981749813353742,turn_point
977,-1,23.0121241748438,113.16486578228,waypoint,13,13,{'waypoint': 13},turn_point,1,True,230.3307329189996,0.9988413528178568,turn_point
978,-1,23.02782641988909,113.02434758675166,waypoint,13,13,"{'waypoint': 12, 'stop_point': 1}",turn_point,1,True,141.1701002374647,0.2302930032430124,turn_point
979,-1,23.03934722909417,113.34825722521455,waypoint,13,12,{'waypoint': 13},turn_point,1,True,129.79981648089716,0.9991682039357562,turn_point
980,-1,23.05063481430963,113.32830491063352,waypoint,13,6,"{'waypoint': 11, 'turn_point': 2}",turn_point,1,True,37.87598256808681,0.3245021065114649,turn_point
981,-1,23.05124614060644,113.25526588360262,waypoint,13,10,{'waypoint': 13},turn_point,1,True,237.53204185980644,0.6913754005758223,turn_point
982,-1,23.05183968635447,113.30977505717746,waypoint,13,13,{'waypoint': 13},turn_point,1,True,91.31447288615249,0.3852536530173063,turn_point
983,-1,23.052325860499977,113.25820116236864,waypoint,13,13,{'waypoint': 13},turn_point,1,True,66.92296962502478,0.5389764070729252,turn_point
984,-1,23.05219036219699,113.30675508195408,waypoint,13,13,{'waypoint': 13},turn_point,1,True,266.76753916956267,0.539675501130023,turn_point
985,-1,23.053298050352243,113.29628687697954,waypoint,13,13,{'waypoint': 13},turn_point,1,True,105.13270533137526,0.6912833263065785,turn_point
986,-1,23.056709205428398,113.27019790410594,waypoint,13,11,{'waypoint': 13},turn_point,1,True,357.2527111423122,0.6227599635813823,turn_point
987,-1,23.057256542839447,113.2852386459926,waypoint,13,13,{'waypoint': 13},turn_point,1,True,286.8395352915138,0.9986412062031031,turn_point
988,-1,23.058175961240547,113.27523343875929,waypoint,13,13,{'waypoint': 13},turn_point,1,True,262.1276815616544,0.6909367333366387,turn_point
989,-1,23.06280513994896,113.41869010084386,waypoint,13,12,{'waypoint': 13},turn_point,1,True,32.2376819864046,0.3838274381159368,turn_point
990,-1,23.066363838833126,113.42178014621756,waypoint,13,13,{'waypoint': 13},turn_point,1,True,45.599062802781006,0.5536319273690042,turn_point
991,-1,23.06681046581313,113.42172343396292,waypoint,13,13,{'waypoint': 13},turn_point,1,True,38.27393818115068,0.0764221878114699,turn_point
992,-1,23.06731976046757,113.42216286473143,waypoint,13,12,{'waypoint': 13},turn_point,1,True,218.1012367739349,0.0741940753685061,turn_point
993,-1,23.0702764078067,113.42531611781304,waypoint,13,13,{'waypoint': 13},turn_point,1,True,225.1203826109233,0.3847429441622491,turn_point
994,-1,23.073253995475657,113.4292586168816,waypoint,13,13,{'waypoint': 13},turn_point,1,True,230.8212672876352,0.3846967392544098,turn_point
995,-1,23.07529547367641,113.43272246755322,waypoint,13,13,{'waypoint': 13},turn_point,1,True,52.93403359703051,0.6921663141469045,turn_point
996,-1,23.075813197824875,113.43277805142242,waypoint,13,13,{'waypoint': 13},turn_point,1,True,235.83601739071008,0.8451774480779135,turn_point
997,-1,23.08948079897712,112.39372835735848,waypoint,13,2,{'waypoint': 13},turn_point,1,True,266.5073622184351,0.6418677441436812,turn_point
998,-1,23.09125282060286,112.09471345905357,waypoint,13,13,{'waypoint': 13},turn_point,1,True,67.92329008709478,0.9988960419933064,turn_point
999,-1,23.09170313750555,112.09977652167808,waypoint,13,13,{'waypoint': 13},turn_point,1,True,101.90360912609532,0.8485089892469992,turn_point
1000,-1,23.09177868743241,113.42781672599654,waypoint,13,5,{'waypoint': 13},turn_point,1,True,155.24732708672042,0.1341028259476054,turn_point
1001,-1,23.092489023847914,113.42601184007589,waypoint,13,2,{'waypoint': 13},merge_point,1,True,142.8176586057745,0.910022084544457,merge_point
1002,-1,23.09839558637316,113.59674884049358,waypoint,13,1,"{'waypoint': 10, 'turn_point': 2, 'stop_point': 1}",turn_point,1,True,70.0,1.0,turn_point
1003,-1,23.14270188566778,112.79920172421087,waypoint,13,13,{'waypoint': 13},turn_point,1,True,75.44166464413496,0.9842817333646686,turn_point
1004,-1,23.143712806766796,112.79975325480532,waypoint,13,13,{'waypoint': 13},turn_point,1,True,239.11228744161585,0.6744124270100115,turn_point
1005,-1,23.154173307828817,112.88322160130276,waypoint,13,13,{'waypoint': 13},turn_point,1,True,292.56160012565937,0.9994352735390492,turn_point
1006,-1,23.156763597323383,112.8182355535126,waypoint,13,12,{'waypoint': 13},turn_point,1,True,240.6164013574769,0.2295302952763904,turn_point
1007,-1,23.1576602170046,112.82121616016624,waypoint,13,12,{'waypoint': 13},turn_point,1,True,66.75701256952264,0.8474637330501349,turn_point
1008,-1,23.157762597455115,112.8222244949452,waypoint,13,13,{'waypoint': 13},turn_point,1,True,76.26477025303647,0.8369564863089451,turn_point
1009,-1,23.160769485752617,112.85925410088966,waypoint,13,13,{'waypoint': 13},turn_point,1,True,89.19094201410948,0.8459911282948782,turn_point
1010,-1,23.387913854581377,112.89996804209684,waypoint,13,3,{'waypoint': 13},turn_point,1,True,346.9378797545958,0.9997669826221174,turn_point
1011,-1,23.691351408956653,112.9971806606158,waypoint,13,1,"{'waypoint': 10, 'turn_point': 2, 'stop_point': 1}",turn_point,1,True,218.93650872126096,0.8462613058602695,turn_point
1012,283,23.04259100714594,112.9888891572696,waypoint,12,12,{'waypoint': 12},waypoint,12,False,273.11569200538156,0.15443858794233192,waypoint
1013,-1,22.97833372592966,113.12716879290429,waypoint,12,12,"{'waypoint': 11, 'turn_point': 1}",turn_point,1,True,66.13991403833855,0.9895369269373168,turn_point
1014,-1,22.999801536179515,113.16276552404868,waypoint,12,12,{'waypoint': 12},turn_point,1,True,169.19374264087622,0.6606976545006066,turn_point
1015,-1,23.000213152955705,113.16234230837009,waypoint,12,12,"{'waypoint': 11, 'turn_point': 1}",turn_point,1,True,153.67334639956667,0.8223443725935984,turn_point
1016,-1,23.009391302542067,113.16211012140953,waypoint,12,12,{'waypoint': 12},turn_point,1,True,45.70132619532513,0.9987598201325852,turn_point
1017,-1,23.01910118581326,113.1768188814352,waypoint,12,12,{'waypoint': 12},turn_point,1,True,240.29976102356477,0.9996332735342848,turn_point
1018,-1,23.027962958229125,113.51383908157533,waypoint,12,2,"{'turn_point': 4, 'waypoint': 8}",turn_point,1,True,198.3641401730295,0.9976584162966886,turn_point
1019,-1,23.038773919301505,113.34975466542892,waypoint,12,12,{'waypoint': 12},turn_point,1,True,61.6272184761476,0.0009988097604862,turn_point
1020,-1,23.03973366717977,113.34827966002923,waypoint,12,12,{'waypoint': 12},turn_point,1,True,312.6705965892785,0.4990428383493209,turn_point
1021,-1,23.04010776584749,113.3486716110346,waypoint,12,12,{'waypoint': 12},turn_point,1,True,310.6244766741184,0.9976461482667592,turn_point
1022,-1,23.044353922514876,113.22322481008872,waypoint,12,12,{'waypoint': 12},turn_point,1,True,72.49157210164174,0.999261597789302,turn_point
1023,-1,23.044241601451404,113.3441488684162,waypoint,12,11,{'waypoint': 12},turn_point,1,True,313.158429757282,0.99901412565149,turn_point
1024,-1,23.0446131767724,113.21975829480915,waypoint,12,12,{'waypoint': 12},turn_point,1,True,278.0795731389712,0.8329159820248937,turn_point
1025,-1,23.048683029876997,113.2507546635934,waypoint,12,11,"{'waypoint': 11, 'turn_point': 1}",turn_point,1,True,236.46409931369675,0.6889378331519255,turn_point
1026,-1,23.04917786852919,113.25219270425956,waypoint,12,12,{'waypoint': 12},turn_point,1,True,235.10775078374783,0.831141897687836,turn_point
1027,-1,23.05016401410578,113.33019828770452,waypoint,12,7,"{'waypoint': 11, 'turn_point': 1}",turn_point,1,True,136.02669347352938,0.5195006262717843,turn_point
1028,-1,23.05074616359985,113.33018559902636,waypoint,12,12,{'waypoint': 12},turn_point,1,True,296.2611357829076,0.3673621696433228,turn_point
1029,-1,23.05138964866401,113.25663330833636,waypoint,12,12,{'waypoint': 12},turn_point,1,True,60.33470393723079,0.9988169044183098,turn_point
1030,-1,23.051864812584,113.30672767352162,waypoint,12,12,{'waypoint': 12},turn_point,1,True,95.69091817541994,0.1670751178304095,turn_point
1031,-1,23.051669880350516,113.32574613869338,waypoint,12,12,"{'waypoint': 11, 'turn_point': 1}",turn_point,1,True,108.44810914232008,0.7918270269793208,turn_point
1032,-1,23.052220255387848,113.3233377628986,waypoint,12,12,{'waypoint': 12},turn_point,1,True,96.17583739438498,0.6666314574933991,turn_point
1033,-1,23.0521728475221,113.32370167718712,waypoint,12,11,{'waypoint': 12},turn_point,1,True,98.60123510973936,0.998083823109149,turn_point
1034,-1,23.052318334902093,113.32481016158496,waypoint,12,12,{'waypoint': 12},turn_point,1,True,284.4679798983962,0.4987812295899987,turn_point
1035,-1,23.05283194563297,113.25976875557976,waypoint,12,12,{'waypoint': 12},turn_point,1,True,67.14941822482518,0.999356401597886,turn_point
1036,-1,23.0530360909187,113.30823057870228,waypoint,12,2,"{'waypoint': 8, 'turn_point': 3, 'stop_point': 1}",turn_point,1,True,271.29974347778284,0.9887371072281698,turn_point
1037,-1,23.053384884670336,113.26077247918698,waypoint,12,12,{'waypoint': 12},turn_point,1,True,69.30998991287798,0.8330844771693027,turn_point
1038,-1,23.053291806216432,113.29831049289936,waypoint,12,11,{'waypoint': 12},turn_point,1,True,283.9395929818806,0.8321093878225594,turn_point
1039,-1,23.053730550379026,113.25921590590268,waypoint,12,7,"{'waypoint': 8, 'turn_point': 2, 'stop_point': 2}",turn_point,1,True,277.8586094740814,0.6231211871172385,turn_point
1040,-1,23.05377264894805,113.26221014435836,waypoint,12,12,{'waypoint': 12},turn_point,1,True,70.85915958247585,0.9988347668254232,turn_point
1041,-1,23.05577458653703,113.26923456628153,waypoint,12,12,{'waypoint': 12},turn_point,1,True,70.85345279790647,0.6847215023236706,turn_point
1042,-1,23.05730535484992,113.2737654886792,waypoint,12,11,{'waypoint': 12},turn_point,1,True,68.62238256461809,0.5007322645230099,turn_point
1043,-1,23.0578200331804,113.26971620122686,waypoint,12,10,"{'waypoint': 11, 'turn_point': 1}",turn_point,1,True,323.8021692152834,0.3433652185602812,turn_point
1044,-1,23.058265270788752,113.2697071587858,waypoint,12,12,{'waypoint': 12},turn_point,1,True,323.4559124479344,0.2647237805581905,turn_point
1045,-1,23.05926013206532,113.26926888288916,waypoint,12,9,"{'waypoint': 8, 'turn_point': 3, 'stop_point': 1}",turn_point,1,True,37.388110057712,0.304839015048765,turn_point
1046,-1,23.062191785774527,113.4173554815967,waypoint,12,12,{'waypoint': 12},turn_point,1,True,213.2334048265884,0.9993768497259218,turn_point
1047,-1,23.06272702388337,113.41780625876972,waypoint,12,11,{'waypoint': 12},turn_point,1,True,216.19903394589696,0.6652255932688257,turn_point
1048,-1,23.063230674509004,113.41777545329636,waypoint,12,12,{'waypoint': 12},turn_point,1,True,217.37608952307977,0.9977114834448167,turn_point
1049,-1,23.06518536705974,113.41970787914396,waypoint,12,12,{'waypoint': 12},turn_point,1,True,225.953369874586,0.6915865685642084,turn_point
1050,-1,23.06582386040402,113.42125015558209,waypoint,12,12,{'waypoint': 12},turn_point,1,True,41.90914503128225,0.8310914073543016,turn_point
1051,-1,23.06777302001713,113.42271892197743,waypoint,12,12,{'waypoint': 12},turn_point,1,True,218.7459778815061,0.32363662423945,turn_point
1052,-1,23.06976594081121,113.42472040600852,waypoint,12,12,{'waypoint': 12},turn_point,1,True,225.17578907172535,0.3332240539152795,turn_point
1053,-1,23.070748002900576,113.4261920795937,waypoint,12,12,{'waypoint': 12},turn_point,1,True,320.36875963471385,0.0052364666199238,turn_point
1054,-1,23.074764066325287,113.4317844650504,waypoint,12,12,{'waypoint': 12},turn_point,1,True,238.7171271533069,0.1664225424789225,turn_point
1055,-1,23.075730317622924,113.4323290957221,waypoint,12,12,{'waypoint': 12},turn_point,1,True,234.59977916930683,0.8332705651053529,turn_point
1056,-1,23.07623382977974,113.46778780345198,waypoint,12,11,{'waypoint': 12},turn_point,1,True,288.76695869954835,0.499425300080987,turn_point
1057,-1,23.07674318184102,113.46423292080378,waypoint,12,12,{'waypoint': 12},merge_point,1,True,104.76612005727462,0.999283089186242,merge_point
1058,-1,23.076773243863823,113.46524523189906,waypoint,12,11,{'waypoint': 12},turn_point,1,True,351.6424659838694,0.0045302439281568,turn_point
1059,-1,23.087646331292166,112.1287490742907,waypoint,12,12,{'waypoint': 12},turn_point,1,True,76.30731718412216,0.9953209295193932,turn_point
1060,-1,23.090545521230705,113.41226430041569,waypoint,12,2,{'waypoint': 12},merge_point,1,True,108.37384873552288,0.9930453864292356,merge_point
1061,-1,23.091288040022487,112.09570426296408,waypoint,12,11,{'waypoint': 12},turn_point,1,True,71.97491083740334,0.9989882456768224,turn_point
1062,-1,23.092538820804076,113.58521777122502,waypoint,12,2,{'waypoint': 12},turn_point,1,True,58.82364852555476,0.9999580426186152,turn_point
1063,-1,23.09461180763409,112.10015421864638,waypoint,12,1,{'waypoint': 12},turn_point,1,True,68.4,1.0,turn_point
1064,-1,23.09578788022043,113.59070025430144,waypoint,12,12,{'waypoint': 12},turn_point,1,True,52.059822642800654,0.1668881321610552,turn_point
1065,-1,23.113812873300663,113.25634570842053,waypoint,12,1,"{'waypoint': 6, 'turn_point': 6}",turn_point,1,True,352.3556186424749,0.9431285490872996,turn_point
1066,-1,23.1186002193872,112.94033680230922,waypoint,12,2,{'waypoint': 12},turn_point,1,True,139.2253127200618,0.9999894068005248,turn_point
1067,-1,23.13731900074653,113.17506867741436,waypoint,12,1,"{'waypoint': 10, 'turn_point': 1, 'stop_point': 1}",turn_point,1,True,328.92491065670947,0.9997915859815149,turn_point
1068,-1,23.142748322262232,112.79772516183972,waypoint,12,12,"{'waypoint': 11, 'turn_point': 1}",turn_point,1,True,100.17267109606156,0.9722382803644688,turn_point
1069,-1,23.14321273904341,112.79820742600924,waypoint,12,12,"{'waypoint': 11, 'turn_point': 1}",turn_point,1,True,112.00245564285802,0.3285231797865802,turn_point
1070,-1,23.143308905931107,112.80024566300044,waypoint,12,11,{'waypoint': 12},turn_point,1,True,66.08349017617068,0.9872180330913402,turn_point
1071,-1,23.150166676479085,113.67859259818128,waypoint,12,1,"{'waypoint': 7, 'turn_point': 5}",turn_point,1,True,298.2198173759741,0.9439598956003452,turn_point
1072,-1,23.15173183549646,112.887733763195,waypoint,12,12,{'waypoint': 12},turn_point,1,True,307.1664662313779,0.9982781371390368,turn_point
1073,-1,23.152210248481957,112.88722594811809,waypoint,12,11,{'waypoint': 12},turn_point,1,True,301.7584788564454,0.998948930692297,turn_point
1074,-1,23.15275711667149,112.81375261972306,waypoint,12,11,{'waypoint': 12},turn_point,1,True,194.3707255209824,0.4973167888253054,turn_point
1075,-1,23.15370890639108,112.88324625460176,waypoint,12,11,{'waypoint': 12},turn_point,1,True,115.15017073845569,0.4998655310595581,turn_point
1076,-1,23.154863436661813,112.81619873351816,waypoint,12,12,{'waypoint': 12},turn_point,1,True,52.48217676783954,0.9940351659789473,turn_point
1077,-1,23.15675829895552,112.81877941018432,waypoint,12,12,{'waypoint': 12},turn_point,1,True,69.11647382741799,0.3339936075586685,turn_point
1078,-1,23.157841304511575,112.84174816943435,waypoint,12,11,{'waypoint': 12},turn_point,1,True,352.3661519978751,0.0502532335201461,turn_point
1079,-1,23.158253376751244,112.84477421945478,waypoint,12,12,{'waypoint': 12},turn_point,1,True,353.2075141812945,0.0127083986188234,turn_point
1080,-1,23.15928929576192,112.28439623701678,waypoint,12,2,{'waypoint': 12},turn_point,1,True,358.100861572901,0.998647370165282,turn_point
1081,-1,23.161212793956693,112.86069223150332,waypoint,12,12,{'waypoint': 12},turn_point,1,True,269.13045508547293,0.8330512343752878,turn_point
1082,-1,23.161259445703564,112.86120430128015,waypoint,12,12,{'waypoint': 12},turn_point,1,True,271.7901575143692,0.8329416011998744,turn_point
1083,-1,23.693257372127327,113.00003139365369,waypoint,12,2,"{'waypoint': 9, 'turn_point': 2, 'stop_point': 1}",turn_point,1,True,337.2714062269532,0.7451746257189886,turn_point
1084,-1,23.695934926310635,113.0011311729684,waypoint,12,2,"{'waypoint': 9, 'turn_point': 2, 'stop_point': 1}",turn_point,1,True,250.07370434045453,0.8878958201871624,turn_point
1085,-1,22.317876454886868,113.94459350378102,waypoint,11,1,"{'waypoint': 7, 'turn_point': 2, 'stop_point': 2}",turn_point,1,True,294.1639657363635,0.9684798601586228,turn_point
1086,-1,22.977760805849883,113.12130371405092,waypoint,11,11,{'waypoint': 11},turn_point,1,True,258.5410434352981,0.273890142790914,turn_point
1087,-1,22.97782319112013,113.12519511184476,waypoint,11,10,{'waypoint': 11},turn_point,1,True,79.9332626335905,0.9981169495495176,turn_point
1088,-1,22.978193381014293,113.12233271592204,waypoint,11,10,{'waypoint': 11},turn_point,1,True,261.9329042373663,0.8172303413076684,turn_point
1089,-1,22.97823164011869,113.12267797681312,waypoint,11,11,{'waypoint': 11},turn_point,1,True,261.4726567954581,0.9995591974399228,turn_point
1090,-1,22.99923165689996,113.16285201957363,waypoint,11,11,{'waypoint': 11},turn_point,1,True,188.45722645445284,0.81445836757099,turn_point
1091,-1,23.002662944751474,113.05121698187814,waypoint,11,11,{'waypoint': 11},turn_point,1,True,283.39006912289915,0.2750141769243805,turn_point
1092,-1,23.007634327878847,113.1598762878178,waypoint,11,10,{'waypoint': 11},turn_point,1,True,209.56451586248667,0.9991250814135388,turn_point
1093,-1,23.010271413099154,113.16316918701764,waypoint,11,11,{'waypoint': 11},turn_point,1,True,47.78566167980447,0.6361240140245361,turn_point
1094,-1,23.019579364135428,113.17780443333142,waypoint,11,11,{'waypoint': 11},turn_point,1,True,243.1818289063499,0.9996829978843604,turn_point
1095,-1,23.02865806898581,112.98734916506476,waypoint,11,11,{'waypoint': 11},turn_point,1,True,280.97237397820624,0.8139009572439997,turn_point
1096,-1,23.02885117678609,113.02335401129312,waypoint,11,11,{'waypoint': 11},turn_point,1,True,142.02738611692354,0.6365289199414987,turn_point
1097,-1,23.029157525462104,112.9917424511194,waypoint,11,10,{'waypoint': 11},turn_point,1,True,246.3210287232833,0.8124032793843339,turn_point
1098,-1,23.02927343722241,113.02281172476238,waypoint,11,11,{'waypoint': 11},turn_point,1,True,138.71329101585857,0.4549220440229193,turn_point
1099,-1,23.029834196876514,113.02229600570054,waypoint,11,11,{'waypoint': 11},turn_point,1,True,130.97123254299223,0.2721658912808382,turn_point
1100,-1,23.03018766926527,112.99373376702891,waypoint,11,11,{'waypoint': 11},turn_point,1,True,215.91186871962356,0.6330725510208334,turn_point
1101,-1,23.044708876208443,113.34272752054048,waypoint,11,11,{'waypoint': 11},turn_point,1,True,298.76685755251765,0.0935677831951032,turn_point
1102,-1,23.0446455056924,113.34374107430718,waypoint,11,11,{'waypoint': 11},turn_point,1,True,311.6554783558302,0.8174625029844783,turn_point
1103,-1,23.04865465853848,113.25123350684122,waypoint,11,11,{'waypoint': 11},turn_point,1,True,240.044551436189,0.6348201124327798,turn_point
1104,-1,23.04874072036486,113.33535113093198,waypoint,11,11,{'waypoint': 11},turn_point,1,True,292.219899394183,0.4541873394152504,turn_point
1105,-1,23.04922877936068,113.33154383974052,waypoint,11,1,"{'turn_point': 3, 'waypoint': 7, 'stop_point': 1}",turn_point,1,True,204.79899198946453,0.8296479312783874,turn_point
1106,-1,23.050239648132035,113.33124215097732,waypoint,11,11,{'waypoint': 11},turn_point,1,True,297.69133178307567,0.27328971605436,turn_point
1107,-1,23.051318554347716,113.32670877308506,waypoint,11,10,{'waypoint': 11},turn_point,1,True,109.7382919280384,0.669174204384744,turn_point
1108,-1,23.05176948917465,113.3083347153504,waypoint,11,10,{'waypoint': 11},turn_point,1,True,88.65469236116553,0.9989195286012408,turn_point
1109,-1,23.0522955768044,113.30521892045736,waypoint,11,11,{'waypoint': 11},turn_point,1,True,144.3360992352768,0.1055473556569783,turn_point
1110,-1,23.05227375476256,113.30575274541748,waypoint,11,11,{'waypoint': 11},turn_point,1,True,269.096908738953,0.831933787966309,turn_point
1111,-1,23.052203387605804,113.30825956251802,waypoint,11,10,{'waypoint': 11},turn_point,1,True,266.15694697795016,0.63575464319548,turn_point
1112,-1,23.05266330381649,113.32418800175417,waypoint,11,10,{'waypoint': 11},turn_point,1,True,287.3646263873409,0.9307332969203944,turn_point
1113,-1,23.052681327534,113.32472265003544,waypoint,11,11,{'waypoint': 11},turn_point,1,True,282.4653465572844,0.8181624594786179,turn_point
1114,-1,23.05411588880527,113.29380956367277,waypoint,11,2,{'waypoint': 11},turn_point,1,True,113.16683200340093,0.997775755312707,turn_point
1115,-1,23.05410729663025,113.26083242496962,waypoint,11,10,{'waypoint': 11},turn_point,1,True,248.2006076494203,0.9985662912734676,turn_point
1116,-1,23.055870787645244,113.26970081050592,waypoint,11,11,{'waypoint': 11},turn_point,1,True,65.4817010366675,0.990657333342044,turn_point
1117,-1,23.056142346490947,113.268281474132,waypoint,11,11,"{'waypoint': 10, 'turn_point': 1}",turn_point,1,True,247.5477171783812,0.985809596091466,turn_point
1118,-1,23.06332948390188,113.4207048097433,waypoint,11,2,"{'waypoint': 6, 'turn_point': 5}",turn_point,1,True,193.5177648189324,0.0532076807941324,turn_point
1119,-1,23.064293031241203,113.4187707522523,waypoint,11,11,{'waypoint': 11},turn_point,1,True,219.83299446271707,0.8167604558644592,turn_point
1120,-1,23.064671156687368,113.42023866910156,waypoint,11,11,{'waypoint': 11},turn_point,1,True,38.732138764963125,0.6350677242921917,turn_point
1121,-1,23.065501395885438,113.48124658999724,waypoint,11,2,"{'waypoint': 10, 'turn_point': 1}",turn_point,1,True,6.106999313742132,0.9967593750305288,turn_point
1122,-1,23.06564747251191,113.42024192545811,waypoint,11,10,{'waypoint': 11},turn_point,1,True,220.89076657529907,0.8169417279147825,turn_point
1123,-1,23.066188361514005,113.42073033175174,waypoint,11,11,{'waypoint': 11},turn_point,1,True,223.03305500955585,0.8177588817163104,turn_point
1124,-1,23.067299163448823,113.42185535471828,waypoint,11,11,{'waypoint': 11},turn_point,1,True,224.8726667956456,0.999259373620579,turn_point
1125,-1,23.06717940447309,113.47875255993108,waypoint,11,1,"{'waypoint': 8, 'turn_point': 3}",turn_point,1,True,81.25391945302671,0.7437617912589187,turn_point
1126,-1,23.067285181927364,113.47919006844512,waypoint,11,2,"{'turn_point': 4, 'waypoint': 6, 'stop_point': 1}",turn_point,1,True,91.1094365958365,0.7179310332087266,turn_point
1127,-1,23.073688471831318,113.42928937012984,waypoint,11,10,{'waypoint': 11},turn_point,1,True,231.37751812882968,0.817573908405692,turn_point
1128,-1,23.073751095846657,113.4302140897821,waypoint,11,11,{'waypoint': 11},turn_point,1,True,65.2081682381394,0.0936130713163511,turn_point
1129,-1,23.074308936635585,113.43070593438978,waypoint,11,10,{'waypoint': 11},turn_point,1,True,234.55979376931495,0.4543284969715238,turn_point
1130,-1,23.07534502091876,112.04319638379798,waypoint,11,10,{'waypoint': 11},turn_point,1,True,255.72145305872328,0.8173996644964071,turn_point
1131,-1,23.07513445759258,113.43130403904046,waypoint,11,11,{'waypoint': 11},turn_point,1,True,231.85453067208104,0.9999132240927122,turn_point
1132,-1,23.075696389154185,113.46774489756098,waypoint,11,11,{'waypoint': 11},turn_point,1,True,110.306174959719,0.8169819576154346,turn_point
1133,-1,23.076985171202345,112.39586800759172,waypoint,11,2,"{'waypoint': 5, 'turn_point': 4, 'stop_point': 2}",turn_point,1,True,120.52541821613208,0.9328357584995328,turn_point
1134,-1,23.078478110618228,113.38328797791588,waypoint,11,1,"{'waypoint': 9, 'turn_point': 2}",turn_point,1,True,327.8999999999999,1.0,turn_point
1135,-1,23.084727558604303,113.39734962557992,waypoint,11,3,"{'waypoint': 7, 'turn_point': 3, 'stop_point': 1}",turn_point,1,True,63.42830036614896,0.2749020543238452,turn_point
1136,-1,23.08574113817668,113.24628530437953,waypoint,11,10,{'waypoint': 11},turn_point,1,True,159.016456315703,0.6339049912242839,turn_point
1137,-1,23.090457817055857,113.4127859754062,waypoint,11,2,{'waypoint': 11},turn_point,1,True,105.06344424562842,0.9798570611014484,turn_point
1138,-1,23.0913061850414,112.10126456788858,waypoint,11,10,{'waypoint': 11},turn_point,1,True,111.9990951063234,0.8219599091400912,turn_point
1139,-1,23.0917049308876,112.09830705436438,waypoint,11,11,{'waypoint': 11},turn_point,1,True,87.70783262843766,0.994682237401053,turn_point
1140,-1,23.093276288399498,113.42576614611728,waypoint,11,2,{'waypoint': 11},merge_point,1,True,149.9546521164548,0.9977926139668704,merge_point
1141,-1,23.10023227883333,112.95619085838872,waypoint,11,11,{'waypoint': 11},turn_point,1,True,326.92341170799483,0.99807025513619,turn_point
1142,-1,23.10946358342497,113.38910202846124,waypoint,11,1,"{'waypoint': 9, 'turn_point': 2}",turn_point,1,True,112.1,1.0,turn_point
1143,-1,23.13169609866218,112.5717178396735,waypoint,11,11,{'waypoint': 11},turn_point,1,True,28.2208815826344,0.9973524886651683,turn_point
1144,-1,23.13382822523833,113.749110893065,waypoint,11,1,"{'waypoint': 8, 'turn_point': 3}",turn_point,1,True,145.1,1.0,turn_point
1145,-1,23.143264660001524,112.7956651589042,waypoint,11,11,"{'waypoint': 10, 'turn_point': 1}",merge_point,1,True,130.0886812375972,0.98811480281529,merge_point
1146,-1,23.14330424806037,112.79779565212044,waypoint,11,11,"{'waypoint': 8, 'turn_point': 3}",turn_point,1,True,279.7022675519605,0.2680562877041492,turn_point
1147,-1,23.14329581147841,112.79925832422448,waypoint,11,11,{'waypoint': 11},turn_point,1,True,218.40329905819203,0.1081642572814837,turn_point
1148,-1,23.143736201898367,112.79925390543836,waypoint,11,11,{'waypoint': 11},turn_point,1,True,250.63099617222417,0.7976775029717015,turn_point
1149,-1,23.144816974675123,112.8036874450985,waypoint,11,11,{'waypoint': 11},turn_point,1,True,60.78547146260185,0.9965866298871624,turn_point
1150,-1,23.14530631274368,112.80323350451644,waypoint,11,11,{'waypoint': 11},turn_point,1,True,246.7669085649842,0.6355335356860815,turn_point
1151,-1,23.15531980822243,112.8166756783955,waypoint,11,11,{'waypoint': 11},turn_point,1,True,56.925446625969926,0.9978002911604016,turn_point
1152,-1,23.157737013570912,112.8432320796635,waypoint,11,11,{'waypoint': 11},turn_point,1,True,78.3185202244119,0.999259559923729,turn_point
1153,-1,23.157789206692478,112.8437839362668,waypoint,11,10,{'waypoint': 11},turn_point,1,True,78.49089513066059,0.9998043770674794,turn_point
1154,-1,23.15833738523798,112.846803229265,waypoint,11,10,{'waypoint': 11},turn_point,1,True,77.32725331907169,0.9994210939456586,turn_point
1155,-1,23.161093144995267,112.8642595284322,waypoint,11,11,{'waypoint': 11},turn_point,1,True,281.8456133399034,0.9994475438073032,turn_point
1156,-1,22.97776895706833,113.12228703221965,waypoint,10,10,{'waypoint': 10},turn_point,1,True,171.63821582459448,0.0251241553803544,turn_point
1157,-1,22.9788425338525,113.1281347301404,waypoint,10,10,{'waypoint': 10},turn_point,1,True,54.55902489822212,0.9972485558195516,turn_point
1158,-1,22.979103695347344,113.12631875252023,waypoint,10,10,{'waypoint': 10},turn_point,1,True,257.0218965468921,0.9979549955995533,turn_point
1159,-1,22.982787022930022,113.1314703825324,waypoint,10,1,{'waypoint': 10},turn_point,1,True,305.3080422297792,0.0161961031787957,turn_point
1160,-1,22.997243066988776,113.1620841800571,waypoint,10,2,{'waypoint': 10},turn_point,1,True,218.2063839257181,0.8424650866591751,turn_point
1161,-1,23.001703671076875,113.16219668606064,waypoint,10,8,"{'waypoint': 9, 'turn_point': 1}",turn_point,1,True,315.47924680267624,0.7959513906815588,turn_point
1162,-1,23.002678284852088,113.05221631432562,waypoint,10,10,{'waypoint': 10},turn_point,1,True,276.99228812650654,0.3993496755143926,turn_point
1163,-1,23.002715532697312,113.05266023145704,waypoint,10,10,"{'waypoint': 9, 'turn_point': 1}",turn_point,1,True,268.0904952175438,0.595898501810643,turn_point
1164,-1,23.004048474074622,113.0577599168328,waypoint,10,1,{'waypoint': 10},turn_point,1,True,152.77329965766452,0.0029063340504994,turn_point
1165,-1,23.00368408849228,113.16063383249583,waypoint,10,10,{'waypoint': 10},turn_point,1,True,308.8755781374943,0.2118670672279039,turn_point
1166,-1,23.008391507458168,113.16110156325536,waypoint,10,10,{'waypoint': 10},turn_point,1,True,40.04459200150828,0.3996278907721866,turn_point
1167,-1,23.00989442266311,113.16264258660048,waypoint,10,10,{'waypoint': 10},turn_point,1,True,46.53894127908588,0.9992030278185456,turn_point
1168,-1,23.011897352505724,113.16517030267048,waypoint,10,9,{'waypoint': 10},turn_point,1,True,50.21259797786329,0.7990409482759963,turn_point
1169,-1,23.01362289452305,113.16724667548564,waypoint,10,10,{'waypoint': 10},turn_point,1,True,241.84907210034405,0.9977485880842132,turn_point
1170,-1,23.01859690084084,113.17589319751816,waypoint,10,10,{'waypoint': 10},turn_point,1,True,238.84964183962137,0.9993055603921962,turn_point
1171,-1,23.028654580042662,112.99029715329876,waypoint,10,10,{'waypoint': 10},turn_point,1,True,257.6926984225671,0.7965844075889933,turn_point
1172,-1,23.029325847551792,112.99358247386176,waypoint,10,10,{'waypoint': 10},turn_point,1,True,44.27103828120093,0.6004524655972125,turn_point
1173,-1,23.044270185796098,113.22072524375056,waypoint,10,10,{'waypoint': 10},turn_point,1,True,94.6945563921754,0.4001553704655752,turn_point
1174,-1,23.049346290626133,113.3302015081922,waypoint,10,2,"{'waypoint': 5, 'turn_point': 4, 'stop_point': 1}",turn_point,1,True,238.9658907390228,0.8099904369318034,turn_point
1175,-1,23.049788894636443,113.33276468789455,waypoint,10,10,{'waypoint': 10},turn_point,1,True,294.47586297294123,0.4000164615761395,turn_point
1176,-1,23.050852239587503,113.25568179945476,waypoint,10,10,{'waypoint': 10},turn_point,1,True,58.22994832370552,0.9993960460324236,turn_point
1177,-1,23.050851530148837,113.32613079776384,waypoint,10,3,"{'waypoint': 9, 'turn_point': 1}",turn_point,1,True,146.2890379728547,0.7429320011224566,turn_point
1178,-1,23.05081723989949,113.32926084326692,waypoint,10,10,{'waypoint': 10},turn_point,1,True,105.55602721970008,0.2007006769534562,turn_point
1179,-1,23.050760964983457,113.32975078000833,waypoint,10,8,{'waypoint': 10},turn_point,1,True,74.42494212306765,0.2395906918873313,turn_point
1180,-1,23.051219092161563,113.3296626865183,waypoint,10,10,{'waypoint': 10},turn_point,1,True,292.800178383378,0.9989055727079188,turn_point
1181,-1,23.051771700441755,113.32677357609722,waypoint,10,10,{'waypoint': 10},turn_point,1,True,5.736135427251638,0.0374769045909594,turn_point
1182,-1,23.052226967317853,113.31024288695792,waypoint,10,10,{'waypoint': 10},turn_point,1,True,259.192120702543,0.6728150008982567,turn_point
1183,-1,23.05222849034376,113.32422928814046,waypoint,10,10,{'waypoint': 10},turn_point,1,True,105.7461915281894,0.2002349728112191,turn_point
1184,-1,23.05381855566291,113.2947887897215,waypoint,10,9,{'waypoint': 10},turn_point,1,True,104.60317981267283,0.6004233842037074,turn_point
1185,-1,23.054259100307576,113.26369886602583,waypoint,10,10,"{'waypoint': 9, 'turn_point': 1}",turn_point,1,True,65.28896938291328,0.9472844176941964,turn_point
1186,-1,23.054218184334523,113.29526291247714,waypoint,10,10,{'waypoint': 10},turn_point,1,True,289.6610504375878,0.6177784809220432,turn_point
1187,-1,23.055381916663737,113.26833345947291,waypoint,10,10,{'waypoint': 10},turn_point,1,True,72.49773937317111,0.9964037742700368,turn_point
1188,-1,23.056725977672716,112.97705715744304,waypoint,10,2,"{'waypoint': 9, 'turn_point': 1}",turn_point,1,True,347.4499376321128,0.9998599537273384,turn_point
1189,-1,23.056832783619942,113.27167589227354,waypoint,10,10,{'waypoint': 10},turn_point,1,True,64.25606498845289,0.5987921679676319,turn_point
1190,-1,23.05922887121507,113.2688238109104,waypoint,10,7,"{'waypoint': 6, 'turn_point': 4}",turn_point,1,True,126.93410655040248,0.1466434446682448,turn_point
1191,-1,23.06182010290296,113.4172757341627,waypoint,10,10,{'waypoint': 10},turn_point,1,True,215.17898915101648,0.6027007859173599,turn_point
1192,-1,23.06225060979048,113.41830414128954,waypoint,10,10,{'waypoint': 10},turn_point,1,True,31.22156114617162,0.5970203704411972,turn_point
1193,-1,23.063790602388718,113.4192784223888,waypoint,10,10,{'waypoint': 10},turn_point,1,True,37.21700752151901,0.5991511328084337,turn_point
1194,-1,23.069769984242097,113.48313928818308,waypoint,10,2,"{'waypoint': 7, 'turn_point': 2, 'stop_point': 1}",turn_point,1,True,288.8587051516748,0.4677415519069981,turn_point
1195,-1,23.07027091607752,113.42583280997026,waypoint,10,8,{'waypoint': 10},turn_point,1,True,47.71677082720784,0.5997093000405501,turn_point
1196,-1,23.07072264430804,113.4786192738256,waypoint,10,9,{'waypoint': 10},turn_point,1,True,117.10840233000128,0.5578674707365424,turn_point
1197,-1,23.07327395512932,113.429691931089,waypoint,10,10,{'waypoint': 10},turn_point,1,True,53.5003187586253,0.5998239870815182,turn_point
1198,-1,23.073762009833903,113.42967232377984,waypoint,10,10,{'waypoint': 10},turn_point,1,True,232.4995529437108,0.7991266543236846,turn_point
1199,-1,23.07580161371564,113.43372454871188,waypoint,10,10,{'waypoint': 10},turn_point,1,True,57.16246287711266,0.7983669119862427,turn_point
1200,-1,23.076362496901236,113.4657886591427,waypoint,10,9,{'waypoint': 10},turn_point,1,True,104.36665904460388,0.5996333964395957,turn_point
1201,-1,23.07672742021782,113.46673941522457,waypoint,10,9,{'waypoint': 10},turn_point,1,True,286.68989021710223,0.9991606423242738,turn_point
1202,-1,23.077364596578203,113.46377166516268,waypoint,10,10,{'waypoint': 10},turn_point,1,True,283.22001692828775,0.9996985206233504,turn_point
1203,-1,23.077686070796293,113.46267301135042,waypoint,10,10,{'waypoint': 10},turn_point,1,True,280.5196150201459,0.6004250660706172,turn_point
1204,-1,23.078203528607663,113.45983241064788,waypoint,10,10,{'waypoint': 10},merge_point,1,True,284.055115700624,0.6014419388773532,merge_point
1205,-1,23.080777564507784,113.38717747960618,waypoint,10,1,"{'waypoint': 8, 'turn_point': 2}",turn_point,1,True,314.4,1.0,turn_point
1206,-1,23.08979828947087,113.57430331349242,waypoint,10,2,"{'turn_point': 3, 'waypoint': 6, 'stop_point': 1}",turn_point,1,True,180.83322061763985,0.2963309787125874,turn_point
1207,-1,23.090820871653158,112.09472851377468,waypoint,10,10,{'waypoint': 10},turn_point,1,True,64.6471096813807,0.602644452461951,turn_point
1208,-1,23.09170379345604,112.09723141686398,waypoint,10,10,{'waypoint': 10},turn_point,1,True,77.18957816849064,0.9970716353021728,turn_point
1209,-1,23.091701037808622,112.10023418052845,waypoint,10,10,{'waypoint': 10},turn_point,1,True,104.46086071335498,0.9987000063481256,turn_point
1210,-1,23.09195611522016,113.58376507054132,waypoint,10,2,{'waypoint': 10},turn_point,1,True,58.22522562171651,0.6025062590702366,turn_point
1211,-1,23.09323125731209,113.58632952910531,waypoint,10,10,{'waypoint': 10},turn_point,1,True,238.7623847738622,0.7994454605271186,turn_point
1212,-1,23.093320848571945,113.68027276821331,waypoint,10,1,"{'waypoint': 7, 'turn_point': 3}",turn_point,1,True,139.7,1.0,turn_point
1213,-1,23.093534922014808,113.68143809993153,waypoint,10,1,"{'waypoint': 9, 'stop_point': 1}",turn_point,1,True,237.348115843082,0.945966348720311,turn_point
1214,-1,23.106318854966208,113.60677945207968,waypoint,10,10,{'waypoint': 10},turn_point,1,True,80.42443807221262,0.8014355941435087,turn_point
1215,-1,23.130822473624757,112.5712056324689,waypoint,10,10,{'waypoint': 10},turn_point,1,True,24.95579310136533,0.8061836002926461,turn_point
1216,-1,23.14275281151336,112.7971658603243,waypoint,10,9,"{'waypoint': 9, 'turn_point': 1}",turn_point,1,True,109.8041031031718,0.7951806255061771,turn_point
1217,-1,23.14271615698264,112.7982135191924,waypoint,10,10,"{'waypoint': 8, 'turn_point': 2}",turn_point,1,True,92.68504724035472,0.5995979833851971,turn_point
1218,-1,23.14323012839791,112.79623779734708,waypoint,10,10,{'waypoint': 10},merge_point,1,True,124.52128448464732,0.9938167777598867,merge_point
1219,-1,23.144240765558084,112.79622749525328,waypoint,10,10,{'waypoint': 10},turn_point,1,True,329.6829425088108,0.5892859624851351,turn_point
1220,-1,23.144261444324407,112.80273588462906,waypoint,10,10,{'waypoint': 10},turn_point,1,True,53.51069225498813,0.9966311151551518,turn_point
1221,-1,23.145222382546528,112.79769080673302,waypoint,10,9,"{'waypoint': 9, 'turn_point': 1}",turn_point,1,True,305.6674720497035,0.9673373560838492,turn_point
1222,-1,23.1457040164122,112.7953970892892,waypoint,10,4,"{'waypoint': 8, 'turn_point': 1, 'stop_point': 1}",turn_point,1,True,20.715847736632814,0.3451973268659558,turn_point
1223,-1,23.146319284432387,112.79773190116896,waypoint,10,2,"{'waypoint': 6, 'turn_point': 3, 'stop_point': 1}",turn_point,1,True,311.8973928612876,0.4852818688005917,turn_point
1224,-1,23.147264934798947,112.79422466064028,waypoint,10,7,"{'waypoint': 7, 'turn_point': 2, 'stop_point': 1}",turn_point,1,True,329.9260065721207,0.940430061907851,turn_point
1225,-1,23.15186168958082,112.88629300419316,waypoint,10,10,{'waypoint': 10},turn_point,1,True,124.52845915132283,0.9980261910477268,turn_point
1226,-1,23.15333331519467,112.88330816470244,waypoint,10,9,{'waypoint': 10},turn_point,1,True,117.12013335175354,0.9995733651170544,turn_point
1227,-1,23.153252668071463,112.88373902597402,waypoint,10,9,{'waypoint': 10},turn_point,1,True,116.25944808907124,0.9986674294540954,turn_point
1228,-1,23.155887556565958,112.8177059865121,waypoint,10,9,{'waypoint': 10},turn_point,1,True,60.550515763616005,0.9967528251998096,turn_point
1229,-1,23.156190388011503,112.81644076493896,waypoint,10,10,{'waypoint': 10},turn_point,1,True,237.3700431089668,0.9989945153722052,turn_point
1230,-1,23.15776597629787,112.28374689257204,waypoint,10,10,{'waypoint': 10},turn_point,1,True,0.2664971563603632,0.6301098622296333,turn_point
1231,-1,23.15831045000983,112.84374061801115,waypoint,10,10,{'waypoint': 10},turn_point,1,True,262.2365353745539,0.7990474764361425,turn_point
1232,-1,23.15821149150024,112.84528415064632,waypoint,10,10,{'waypoint': 10},turn_point,1,True,78.52464212362918,0.3998890704285689,turn_point
1233,-1,23.15930197068332,112.8681929338578,waypoint,10,10,{'waypoint': 10},turn_point,1,True,114.95372500051764,0.7942728608283739,turn_point
1234,-1,23.160408718381458,112.86375856421924,waypoint,10,10,{'waypoint': 10},turn_point,1,True,97.73857657991547,0.9987502466776658,turn_point
1235,-1,23.160285094990407,112.86518647826188,waypoint,10,10,{'waypoint': 10},turn_point,1,True,100.57003333905456,0.9997755056267535,turn_point
1236,-1,23.16008883211615,112.8677130487973,waypoint,10,10,{'waypoint': 10},turn_point,1,True,292.5905829762009,0.9989497507142732,turn_point
1237,-1,23.168203475486443,112.61343109196484,waypoint,10,2,{'waypoint': 10},turn_point,1,True,73.03931832548112,0.8313623615513478,turn_point
1238,-1,23.245649346285813,113.21474268314064,waypoint,10,2,"{'waypoint': 8, 'turn_point': 1, 'stop_point': 1}",turn_point,1,True,11.914734755079667,0.8927690593136817,turn_point
1239,-1,23.25329115223859,113.17697197953603,waypoint,10,2,{'waypoint': 10},turn_point,1,True,170.4135697728574,0.4011918680128213,turn_point
1240,-1,23.380473853752093,110.90727596513943,waypoint,10,2,"{'turn_point': 3, 'waypoint': 6, 'stop_point': 1}",turn_point,1,True,344.4167275920227,0.9908420008717704,turn_point
1241,-1,23.6310004845815,112.95216710547214,waypoint,10,1,"{'waypoint': 6, 'turn_point': 3, 'stop_point': 1}",turn_point,1,True,214.07761090580053,0.9999869660741472,turn_point
1242,-1,23.841884591026883,113.25768264056032,waypoint,10,1,"{'turn_point': 3, 'waypoint': 6, 'stop_point': 1}",turn_point,1,True,13.600309978719526,0.8021778864202189,turn_point
1243,337,23.07127138530663,113.41145354847265,waypoint,4,4,"{'waypoint': 3, 'turn_point': 1}",waypoint,4,False,34.88102851007367,0.5104547434199145,low_frequency_point
