from_node,to_node,sequence,lat,lon
0,14,0,23.029129451728704,113.21100547090232
0,14,1,23.030260030225087,113.21167053003624
0,14,2,23.03021557050311,113.21199157636404
0,14,3,23.029553399248115,113.21235192232172
0,14,4,23.03181932910697,113.21234774615468
0,14,5,23.03232664391444,113.2121792745414
0,14,6,23.032753771731254,113.21226923958842
0,14,7,23.03335451835436,113.21211869818715
0,14,8,23.03353184015427,113.21213774658412
0,14,9,23.03370021726801,113.21160463141209
0,14,10,23.033828081296736,113.21106999786484
0,14,11,23.03313029141096,113.21045797423712
0,14,12,23.032908837880207,113.2102569618085
0,14,13,23.03281247098356,113.21017141196312
0,14,14,23.03261537293588,113.2101606967438
0,14,15,23.032529657297893,113.21041013043352
0,14,16,23.03216271103232,113.20987911408416
0,14,17,23.032297602180208,113.20973424161416
0,14,18,23.032401805306986,113.20940471579456
0,14,19,23.032319406880607,113.20932767432171
0,14,20,23.032481691190817,113.20928896071432
0,14,21,23.032608273851977,113.20926135764915
0,14,22,23.03249175363096,113.20920313876968
0,14,23,23.032349142717365,113.20899602380152
0,14,24,23.032421365837383,113.20889757607104
0,14,25,23.032344862839743,113.2087415744331
0,14,26,23.03222899005954,113.2086950509992
0,14,27,23.03215120274005,113.20876507231029
0,14,28,23.03204262143159,113.20877426026622
0,14,29,23.03199250776878,113.20866153814568
0,14,30,23.032005370997503,113.20855806015815
0,14,31,23.032066414720735,113.2084668269056
0,14,32,23.032223460100067,113.20849859793417
0,14,33,23.032297768972,113.20861115974856
0,14,34,23.032143046188352,113.20862685697342
0,14,35,23.0322172078419,113.2083987572006
0,14,36,23.032149860838555,113.20831214686233
0,14,37,23.03209656007077,113.20817830509772
0,14,38,23.03207262601788,113.20805882496188
0,14,39,23.03199197269822,113.20795736934996
0,14,40,23.032120587692063,113.20791640348467
0,14,41,23.032224568954568,113.20799068833628
0,14,42,23.032304739572147,113.20814881056044
0,14,43,23.03226898126295,113.2082657418062
0,14,44,23.03236520030952,113.2083581235856
0,14,45,23.03246596425032,113.20828273561128
0,14,46,23.032425152949926,113.20815169533002
0,14,47,23.032582751182623,113.20831347216894
0,14,48,23.032597999505715,113.20845518355712
0,14,49,23.03270561776997,113.2084163918676
0,14,50,23.03277416253536,113.20857030754932
0,14,51,23.032686362669832,113.2086196796445
0,14,52,23.032604577024998,113.20868210950896
0,14,53,23.0325016779667,113.20866413561365
0,14,54,23.03250749603929,113.20878350479832
0,14,55,23.032570442843543,113.2089136920316
0,14,56,23.0327554965517,113.20875869126944
0,14,57,23.032913219162968,113.20867015159833
0,14,58,23.03288254573921,113.20879569202134
0,14,59,23.03285044433038,113.2089750380237
0,14,60,23.032847485560733,113.20910988432134
0,14,61,23.032884769630936,113.2093178140174
0,14,62,23.03275960623788,113.20946916790292
0,14,63,23.03266399400121,113.20962969404223
0,14,64,23.032075164711,113.20959605480208
0,14,65,23.03197944625751,113.2092860091981
0,14,66,23.03199955140591,113.20912429047152
0,14,67,23.031901326046444,113.20907123935233
0,14,68,23.03170057864533,113.20901942936476
0,14,69,23.031676247425693,113.20887814143728
0,14,70,23.031568704254745,113.20883173896792
0,14,71,23.03156966755704,113.2087120761082
0,14,72,23.03160536207292,113.20852423188012
0,14,73,23.03167159083916,113.20841024684216
0,14,74,23.03174712903858,113.20833451335191
0,14,75,23.031822836313022,113.2084014723024
0,14,76,23.03172170291503,113.208284086348
0,14,77,23.031843994918063,113.20819972730236
0,14,78,23.03189839733241,113.2081047445109
0,14,79,23.031781848214607,113.20809695726516
0,14,80,23.03172160843133,113.20794937900128
0,14,81,23.03189435286085,113.2079307530918
0,14,82,23.03198303010048,113.20800138160824
0,14,83,23.031978298840293,113.2082199915785
0,14,84,23.032044208421173,113.20835530453938
0,14,85,23.031772379453344,113.20851706439744
0,14,86,23.031863117844875,113.20870413316446
0,14,87,23.031862056961348,113.20881064381668
0,14,88,23.032042575482347,113.20901709959313
0,14,89,23.032227700547157,113.20905840953776
0,14,90,23.032165945419827,113.20914839543956
0,14,91,23.031761652965866,113.20946454456296
0,14,92,23.031649018009205,113.20955662434656
0,14,93,23.03141991888572,113.20941543817668
0,14,94,23.031362683878363,113.2095376437598
0,14,95,23.03121874407973,113.2096071450726
0,14,96,23.031278427240768,113.20987172583568
0,14,97,23.03147835765984,113.20992883784632
0,14,98,23.03160616212596,113.2100001142954
0,14,99,23.03120479500337,113.21007537057837
0,14,100,23.03085903586709,113.21031167640072
0,14,101,23.030828299721843,113.20968616758395
0,14,102,23.03002546268839,113.20967356144392
0,14,103,23.03143419054125,113.21059551915786
0,14,104,23.03160474003328,113.21085046249532
0,14,105,23.03191156189564,113.21085672189182
0,14,106,23.032854787985123,113.2110348530147
0,14,107,23.033073838057305,113.20917763636147
0,14,108,23.033075489143112,113.20899114126968
0,14,109,23.03306977593093,113.2088706701673
0,14,110,23.031637311483948,113.20918558443203
0,14,111,23.03193630569327,113.20707344991872
0,14,112,23.02944124457868,113.20363274140004
0,14,113,23.03055603821961,113.20254674674366
0,14,114,23.035001887572463,113.21107990260975
0,14,115,23.03495379846944,113.21386643634676
0,14,116,23.03270785454757,113.21341716155273
0,3,0,23.026320623953403,113.20578401269356
0,3,1,23.024857956172177,113.20356899436251
0,3,2,23.020565284212424,113.20054034226833
0,3,3,23.019676277868648,113.2000860690746
0,3,4,23.018960455485672,113.2020898573459
0,3,5,23.01748198111735,113.20255352179788
0,3,6,23.01603107596557,113.20143932214908
0,3,7,23.015823761462915,113.20040446449636
0,3,8,23.015471879583465,113.20035783557826
0,3,9,23.0155138755086,113.19990770876298
0,3,10,23.01546539001909,113.19971167650093
0,3,11,23.01543834634484,113.1996144604033
0,3,12,23.015474815053256,113.19946867066764
0,3,13,23.0155834683047,113.1995365228246
0,3,14,23.01570668076404,113.19944188014202
0,3,15,23.015707672606283,113.1993231013005
0,3,16,23.015759118026,113.1992100519434
0,3,17,23.015831581410318,113.199132313667
0,3,18,23.015847461398188,113.19902815545872
0,3,19,23.01593139695717,113.1989664612585
0,3,20,23.01585305800568,113.19883660570396
0,3,21,23.015756457162183,113.198937254566
0,3,22,23.01566602160379,113.19898231904553
0,3,23,23.01563234100773,113.1991140087501
0,3,24,23.015603497626465,113.19900367576398
0,3,25,23.015610043125506,113.19888092317233
0,3,26,23.015758531233352,113.19880151419852
0,3,27,23.01583623928861,113.1987143331629
0,3,28,23.015979501929426,113.19871151033452
0,3,29,23.016009402362435,113.1986063864438
0,3,30,23.016095833613143,113.19854555142436
0,3,31,23.016059800324403,113.19843720400888
0,3,32,23.01596829132618,113.1983830943516
0,3,33,23.015916124168637,113.19848060751384
0,3,34,23.015914395232368,113.19862647687408
0,3,35,23.01579775251293,113.19859742171262
0,3,36,23.0158087062059,113.19849263769513
0,3,37,23.01582195903068,113.19838199611368
0,3,38,23.015718802897425,113.19837439195804
0,3,39,23.015733800000596,113.1984960143438
0,3,40,23.0156420929988,113.198336728529
0,3,41,23.015756922518168,113.19820920893476
0,3,42,23.01583605270517,113.19814690767666
0,3,43,23.015704641067323,113.19809271332176
0,3,44,23.015767872309464,113.19800983726007
0,3,45,23.01588514177239,113.19802002100836
0,3,46,23.015943161971496,113.19812638304714
0,3,47,23.015998697930183,113.19826688715746
0,3,48,23.01589175436372,113.1982577578934
0,3,49,23.016088699892027,113.1982910205814
0,3,50,23.016049489206303,113.19867006229804
0,3,51,23.016068157140072,113.1988173258908
0,3,52,23.015708560464727,113.19867904596126
0,3,53,23.015593426796364,113.19876824817612
0,3,54,23.01540282226094,113.19868602848766
0,3,55,23.01546526328395,113.19882155212454
0,3,56,23.01541859799921,113.19892965717328
0,3,57,23.01513872236745,113.19892266866876
0,3,58,23.015329385010048,113.19855061942776
0,3,59,23.015518818084203,113.19843826534986
0,3,60,23.015401239184985,113.198234913594
0,3,61,23.01548622285208,113.19814776419766
0,3,62,23.01561675989755,113.19802706431916
0,3,63,23.01568907237409,113.19793972668484
0,3,64,23.01578508426045,113.19789192692996
0,3,65,23.01596735053409,113.19784826259117
0,3,66,23.01602560310888,113.19749615072706
0,3,67,23.01626139800451,113.19735049179928
0,3,68,23.016436781352404,113.19700173244225
0,3,69,23.015804197609526,113.197195354901
0,3,70,23.015722109224427,113.19730146927668
0,3,71,23.015594136072053,113.19741880828975
0,3,72,23.015607633417904,113.19764476290584
0,3,73,23.015504452378234,113.19771563603908
0,3,74,23.015600838257853,113.1978199017182
0,3,75,23.015494791696145,113.19796614093124
0,3,76,23.015198785248018,113.19777578585077
0,3,77,23.01568128785894,113.19671169601138
0,3,78,23.016023633888736,113.1962288222133
0,3,79,23.018507689524707,113.1960850976283
0,3,80,23.01955753971104,113.19780142678331
0,3,81,23.02303891642672,113.19779586640684
0,3,82,23.02601472016348,113.1967257867094
0,3,83,23.025178985555414,113.19490232971884
0,3,84,23.02295555801672,113.19274566614791
0,3,85,23.023682708937915,113.19176058306827
0,3,86,23.02211231206446,113.19109545171624
0,3,87,23.019611669720028,113.19397933197742
0,3,88,23.01888725587723,113.1887094139984
0,3,89,23.02451845972932,113.18437785574773
0,3,90,23.01403265800809,113.19466799032506
0,3,91,23.015513168985045,113.19920975963586
0,3,92,23.0154944777409,113.199350201005
0,3,93,23.015260076726744,113.1993829846629
0,3,94,23.01531622043322,113.19972001986424
0,3,95,23.01580472325597,113.19953128924904
0,3,96,23.015901484731955,113.19925472097404
0,3,97,23.015775046607985,113.1991193320231
0,3,98,23.01472222529617,113.19992592464304
0,3,99,23.014760014728093,113.20070902390528
0,3,100,23.031931945956337,113.20578798972224
0,75,0,22.95263169674998,113.26280311890014
0,75,1,22.950075492183323,113.26483508449115
0,75,2,22.94779895549452,113.2666628460606
0,75,3,22.946390396685175,113.26761233484144
0,75,4,22.944844111848543,113.26690160405695
0,340,0,23.026638560031493,113.2197694271956
0,340,1,23.02998968704831,113.210267057538
0,340,2,23.025112750596005,113.20574369922218
0,340,3,23.0359900837898,113.22633820532116
1,496,0,22.987181638093688,113.15492126537748
1,496,1,22.987000532695657,113.15482485872072
1,496,2,22.986873750911403,113.15487053453104
1,496,3,22.98680599291032,113.15478012366896
1,496,4,22.986831100937927,113.15465340011096
1,496,5,22.98689868165375,113.1545755845187
1,496,6,22.98695213649301,113.15447244943684
1,496,7,22.9869610665103,113.15434160398247
1,496,8,22.986855968822997,113.15440930005472
1,496,9,22.986894569751414,113.15425353018168
1,496,10,22.9870151934316,113.15430639565096
1,496,11,22.987075426322917,113.154209941301
1,496,12,22.986961924980942,113.1541844773383
1,496,13,22.98701078905887,113.154062911204
1,496,14,22.987091408178834,113.153995727405
1,496,15,22.987189898899217,113.15393877206608
1,496,16,22.98727889491072,113.15399935534836
1,496,17,22.987185453754677,113.15406532332588
1,496,18,22.987102753913263,113.1541313710098
1,496,19,22.9871313164958,113.1539570663858
1,496,20,22.98702587887529,113.15397394212256
1,496,21,22.987233113278837,113.15389010308878
1,496,22,22.987313605466888,113.15382445040524
1,496,23,22.987295733639467,113.15371863953692
1,496,24,22.987393544445546,113.1536302348513
1,496,25,22.98749683647988,113.15366840810329
1,496,26,22.98746134815292,113.15376696576442
1,496,27,22.987364010216933,113.153723938607
1,496,28,22.98746932053147,113.1536963176545
1,496,29,22.987560416421363,113.1537456683794
1,496,30,22.98756111112722,113.15388128883984
1,496,31,22.9874532126052,113.15391874609732
1,496,32,22.98741639704996,113.15403917604245
1,496,33,22.987370081899744,113.15418009161364
1,496,34,22.9872161676676,113.15420083133615
1,496,35,22.98720537463392,113.15431605983584
1,496,36,22.98710297561446,113.15436204316777
1,496,37,22.987082117407347,113.1545631657571
1,496,38,22.986964822917415,113.15468880192496
1,496,39,22.987380070213742,113.15382418540356
1,496,40,22.98749021991365,113.15384699377152
1,496,41,22.987548632316773,113.15364006415795
1,496,42,22.987613497924944,113.15355980443046
1,496,43,22.98753024203745,113.1534741294797
1,496,44,22.987637036481377,113.15340542004708
1,496,45,22.987544136223164,113.1533417724186
1,496,46,22.98749596275192,113.15343092522755
1,496,47,22.987468340272628,113.15354942152632
1,496,48,22.987695312415337,113.1534736390281
1,496,49,22.98775147970251,113.15339013172388
1,496,50,22.98766779701213,113.1532099402434
1,496,51,22.98762121010566,113.15311212324852
1,496,52,22.98761199249932,113.15298712040632
1,496,53,22.98775309220224,113.15294498109418
1,496,54,22.987940540096545,113.15327816645164
1,496,55,22.98790008678955,113.15368473417756
1,496,56,22.987725219549564,113.15394420337782
1,496,57,22.988328296928927,113.154183434749
1,496,58,22.98842367690716,113.15505621646898
1,496,59,22.98868034007513,113.15526417371557
1,496,60,22.9890510932488,113.1550573721232
1,496,61,22.99001804399776,113.15553781174458
1,496,62,22.990766562941293,113.15673513502136
1,496,63,22.988100127085158,113.15277398220228
1,496,64,22.987169804013863,113.15330769083718
1,496,65,22.985577226559855,113.15424566690504
1,321,0,22.988994546550604,113.15803057871926
1,321,1,22.98986664925725,113.15870421646235
1,321,2,22.9894975027199,113.15924596378768
1,321,3,22.988955504745277,113.15927926285838
1,321,4,22.98882297959449,113.15945003104224
1,321,5,22.98894336888645,113.15981830676913
1,321,6,22.98906323304838,113.15986044706636
1,321,7,22.989018995300004,113.15998549036574
1,321,8,22.98888414924839,113.16007875656388
1,321,9,22.98879539593207,113.16013921578468
1,321,10,22.98889814559085,113.1601733028644
1,321,11,22.98901130535326,113.16013610432464
1,321,12,22.9891223639762,113.160032042866
1,321,13,22.989237317097988,113.1601276046628
1,321,14,22.989340776992464,113.16009065688152
1,321,15,22.989354388976206,113.1602145228852
1,321,16,22.989239916263163,113.16024171389236
1,321,17,22.989212678699666,113.16035079208103
1,321,18,22.98910835718768,113.16035731022728
1,321,19,22.989105093886216,113.16047900603108
1,321,20,22.989234457164844,113.16050495234036
1,321,21,22.98924615152537,113.16062224899709
1,321,22,22.98925851234378,113.16072843273172
1,321,23,22.989242308450024,113.1608352779764
1,321,24,22.98934435446312,113.16086296674511
1,321,25,22.98930639183097,113.16075761358292
1,321,26,22.9893011754859,113.1606348065509
1,321,27,22.989400844954083,113.16071893514668
1,321,28,22.989514227771306,113.1607608338867
1,321,29,22.98952597005287,113.16063198415154
1,321,30,22.989657241461224,113.16070078341616
1,321,31,22.98976957901425,113.16075256132495
1,321,32,22.989655365563863,113.16080951178964
1,321,33,22.989477589674035,113.16078474033716
1,321,34,22.98945732813761,113.16066005540782
1,321,35,22.98931839990907,113.16056961496176
1,321,36,22.98939156079967,113.16047519126312
1,321,37,22.989315678581143,113.16039483410404
1,321,38,22.989199348580662,113.16040618844217
1,321,39,22.98916902077479,113.16029812538324
1,321,40,22.98906577389933,113.16027239932404
1,321,41,22.98893201546254,113.16031383862666
1,321,42,22.988844294815724,113.16040114349138
1,321,43,22.988827451015283,113.16028928586374
1,321,44,22.988970313406515,113.160201475617
1,321,45,22.98911700414718,113.16015763776925
1,321,46,22.989218129322754,113.1601867738067
1,321,47,22.989302658545093,113.16030748170633
1,321,48,22.98939060895861,113.1602593415464
1,321,49,22.98913825465347,113.16023700021924
1,321,50,22.989287051304203,113.159929280104
1,321,51,22.98945029036349,113.15995392122338
1,321,52,22.989157349304143,113.15967519956868
1,321,53,22.9888808210833,113.15991937463804
1,321,54,22.98877599207377,113.15990826605382
1,321,55,22.989023020291512,113.16055921050793
1,321,56,22.989565876089724,113.16050647285608
1,321,57,22.989661769131647,113.16063740077566
1,321,58,22.98978824532085,113.16044671388408
1,321,59,22.989951057966344,113.16026250199772
1,321,60,22.99006593137947,113.16034359277864
1,321,61,22.990142021107644,113.16055793933378
1,321,62,22.990302585135755,113.16049151966138
1,321,63,22.990031197678505,113.16070424484116
1,321,64,22.989957583486117,113.16088487098004
1,321,65,22.991132613583847,113.15996967188995
1,321,66,22.991380617353,113.1593499220842
1,321,67,22.991613968727755,113.15901406295632
1,321,68,22.99101577475129,113.15910318919398
1,321,69,22.990817394764814,113.15759611224316
1,321,70,22.990088649465225,113.15657256624228
1,321,71,22.99247749968268,113.1586015210743
2,35,0,23.063479373121776,112.50757530524456
2,35,1,23.060964605110225,112.51563448437084
2,35,2,23.06022551351977,112.51642177537452
2,35,3,23.060291761512016,112.51655107351364
2,35,4,23.060042653452555,112.51662890974936
2,35,5,23.05994969652642,112.51672539720197
2,35,6,23.06007370890379,112.51684955851994
2,35,7,23.060185016329516,112.5168716709722
2,35,8,23.06028460338499,112.51693836292904
2,35,9,23.06023860437931,112.51705457149744
2,35,10,23.0601826373348,112.51714897585404
2,35,11,23.06004263462017,112.51735360405806
2,35,12,23.059922396418383,112.51731016877709
2,35,13,23.059786000333208,112.51749099924233
2,35,14,23.05977184867824,112.51766953208605
2,35,15,23.059555709202677,112.51769345901182
2,35,16,23.05947048126724,112.51749618254412
2,35,17,23.059392188742404,112.5175729205584
2,35,18,23.059306018143573,112.51750855333351
2,35,19,23.059124133061463,112.5175709781768
2,35,20,23.05914803536023,112.51742413664164
2,35,21,23.05933912612084,112.5174150741873
2,35,22,23.05941995250696,112.5173556003421
2,35,23,23.05953454833482,112.51736325350451
2,35,24,23.059592871291088,112.51749388469412
2,35,25,23.05966794475788,112.51718662108176
2,35,26,23.0598732350639,112.51701936755268
2,35,27,23.05964690536104,112.51678716066868
2,35,28,23.059433958335813,112.51697214609588
2,35,29,23.059318240748325,112.51723690974562
2,35,30,23.058900175541687,112.51726340084814
2,35,31,23.059130068168667,112.5177771470826
2,35,32,23.059252095774006,112.5178711987362
2,35,33,23.05928251196258,112.5177744325831
2,35,34,23.059382916551787,112.51784287409262
2,35,35,23.05937080877061,112.51795106524182
2,35,36,23.05946992639051,112.51804655191108
2,35,37,23.05954546713098,112.51785728135032
2,35,38,23.05914887227348,112.5179812099768
2,35,39,23.05900221056537,112.5185970818969
2,35,40,23.059467858086187,112.51915148337544
2,35,41,23.05909698743832,112.5195076349889
2,35,42,23.05886704589332,112.51943840566828
2,35,43,23.058749887836395,112.51946961866662
2,35,44,23.05857789412384,112.51955415488086
2,35,45,23.05852201775966,112.51979937611917
2,35,46,23.058529498047186,112.51998002996302
2,35,47,23.05841942777813,112.52003774416676
2,35,48,23.05829296497422,112.52008308129128
2,35,49,23.05823197229214,112.520003021266
2,35,50,23.05826926563166,112.51982820123608
2,35,51,23.058422093991226,112.51985354061198
2,35,52,23.05836607403311,112.51975947773634
2,35,53,23.058658393852458,112.5198188601037
2,35,54,23.058818654637896,112.52006157933174
2,35,55,23.058944652609583,112.52018968286986
2,35,56,23.058952359072524,112.52037794512393
2,35,57,23.058804194429285,112.52055729647051
2,35,58,23.05865469515755,112.52040915421976
2,35,59,23.058571911302383,112.5202854283084
2,35,60,23.05864029100066,112.52013646241475
2,35,61,23.058437134958872,112.52018514104212
2,35,62,23.05834244619876,112.52027848160144
2,35,63,23.058247158107264,112.52017985680116
2,35,64,23.058226036569803,112.52029626156016
2,35,65,23.058118610218845,112.52035116450767
2,35,66,23.058028164144645,112.52044738360826
2,35,67,23.05818665195766,112.52053034298764
2,35,68,23.058321612312746,112.52054521497548
2,35,69,23.0582475601855,112.520401592222
2,35,70,23.058119223204308,112.52026267168476
2,35,71,23.05800636032176,112.52021526214295
2,35,72,23.05808511923736,112.52008880335184
2,35,73,23.05845684124745,112.52040734642571
2,35,74,23.05853099984601,112.52057850959314
2,35,75,23.058145740994515,112.52077568687388
2,35,76,23.059841890346235,112.52063367274856
2,35,77,23.0599252652442,112.52020236784504
2,35,78,23.06319889286176,112.52077013106164
2,35,79,23.075102946259317,112.4953447259798
2,42,0,23.06231411775804,112.42706477047076
2,42,1,23.05830414062973,112.41797424448372
2,42,2,23.067881488108807,112.41562358930489
2,42,3,23.069654445116903,112.39891700541403
2,42,4,23.069051370885926,112.39814970308184
2,42,5,23.069162135483783,112.39771555674386
2,42,6,23.06891008263419,112.39772221462756
2,42,7,23.068873843014337,112.39749129531842
2,42,8,23.06878742677094,112.39739656455146
2,42,9,23.068684036825594,112.3973881389256
2,42,10,23.06868315856981,112.39723971125018
2,42,11,23.06879965755949,112.39718166301309
2,42,12,23.068869583328443,112.39728270525028
2,42,13,23.068941615443293,112.39736469377004
2,42,14,23.069011501684347,112.3972863045672
2,42,15,23.069115011723703,112.39737485485156
2,42,16,23.069261311694493,112.39712768063076
2,42,17,23.069366926976613,112.39714553976208
2,42,18,23.0694817794158,112.39733737208768
2,42,19,23.06897413074173,112.39707756995509
2,42,20,23.06887286505492,112.3971040705534
2,42,21,23.068716890085746,112.39703205632696
2,42,22,23.06869009637053,112.3968860981045
2,42,23,23.068486949509776,112.39691053339963
2,42,24,23.06848745488524,112.39703189274368
2,42,25,23.06854135119294,112.39717611237684
2,42,26,23.06887615159158,112.396994574946
2,42,27,23.068961121224465,112.3968759596773
2,42,28,23.06882462184761,112.39685259834182
2,42,29,23.06870072546025,112.39654877918268
2,42,30,23.069024155161024,112.39650049940713
2,42,31,23.069128225376105,112.39659814309928
2,42,32,23.06811823323646,112.3965007944604
2,42,33,23.067938353477818,112.39633190190648
2,42,34,23.067862292943687,112.39624578250177
2,42,35,23.06776852227065,112.39620405582198
2,42,36,23.067617956764938,112.39632870267404
2,42,37,23.06767550529041,112.39643427192632
2,42,38,23.067584700834157,112.39652517065424
2,42,39,23.06779706178326,112.3964710424642
2,42,40,23.067905417909,112.396117465422
2,42,41,23.067792958240037,112.39602944255084
2,42,42,23.06767475704524,112.39604466357312
2,42,43,23.06756231208445,112.39610020751964
2,42,44,23.067681241696796,112.3959751450655
2,42,45,23.067726752179954,112.39587978646212
2,42,46,23.067824815291527,112.39585762165504
2,42,47,23.067703961420825,112.39567466881358
2,42,48,23.0675862509573,112.3957755275681
2,42,49,23.06751846746741,112.3956699016341
2,42,50,23.067346764986706,112.39582073172124
2,42,51,23.06722709515936,112.39586589173972
2,42,52,23.067202425816625,112.39573572735806
2,42,53,23.06709932740321,112.39590978735548
2,42,54,23.06714605078193,112.39612113839196
2,42,55,23.06730058818065,112.39615154024452
2,42,56,23.067281651219197,112.39604938773456
2,42,57,23.067455522166888,112.39591238584752
2,42,58,23.067465294258604,112.3962721268678
2,42,59,23.06735122022267,112.39629517783447
2,42,60,23.067045000016577,112.3963185619326
2,42,61,23.066860402620563,112.39631906989598
2,42,62,23.066956716799197,112.396603265604
2,42,63,23.06777025462886,112.39687032982164
2,42,64,23.066207287317447,112.39799779340254
2,42,65,23.06462065131792,112.39737927984103
2,42,66,23.0700997232812,112.39738050509575
2,16,0,23.04966332630564,112.45391258948248
2,16,1,23.055079090395846,112.44232918697428
2,16,2,23.065049693853343,112.42909430175644
2,16,3,23.06144387440121,112.41715765463373
2,16,4,23.06180280579726,112.41459907821428
2,16,5,23.05607973990471,112.4060453092916
2,16,6,23.055709279313064,112.4062941748978
2,16,7,23.07162803356747,112.40953536591137
3,370,0,23.019192911254905,113.18178603934628
3,370,1,23.01854731363373,113.18136061903252
3,370,2,23.01867455230584,113.18114900448616
3,370,3,23.018393730100705,113.1818415166464
3,370,4,23.0179759614738,113.18173872025102
3,370,5,23.01769255413856,113.1815803858166
3,370,6,23.018299425820587,113.18243032018404
3,370,7,23.01712251307896,113.18370123125976
3,370,8,23.01805134921728,113.18021586534772
3,370,9,23.018293508291567,113.18008272340336
3,370,10,23.018478865816885,113.18014754988914
3,370,11,23.018678612033774,113.17991394597604
3,370,12,23.01845073547109,113.17975291650436
3,370,13,23.018267507238527,113.17959598958812
3,370,14,23.019154215409184,113.17962112341644
3,370,15,23.019259499870124,113.1796582744958
3,370,16,23.019286723453792,113.17979546570892
3,370,17,23.01925089637946,113.18005944941066
3,370,18,23.01838497684308,113.17826987645874
3,370,19,23.017470747322136,113.17900140455636
4,716,0,23.09038233093425,113.44723704684682
4,716,1,23.09186421132564,113.44607982481362
4,716,2,23.09209931321273,113.44621072581688
4,716,3,23.09219762222782,113.44589363918496
4,716,4,23.09234123195796,113.44563028598375
4,716,5,23.092393586405592,113.4455354764547
4,716,6,23.09226710431025,113.44550956416596
4,716,7,23.09207745774975,113.44560168443464
4,716,8,23.09245791851197,113.44530400792571
4,716,9,23.09259023710858,113.4452357245587
4,716,10,23.09273360912458,113.444871968912
4,716,11,23.09284908279474,113.44460827639196
4,716,12,23.092437516091376,113.44446493689212
4,716,13,23.0923250701149,113.44500325126296
4,716,14,23.092562645024344,113.44559289325171
4,716,15,23.0929059488608,113.4453662476844
4,716,16,23.09297813372737,113.44521059955603
4,716,17,23.093515815343483,113.44445024594644
4,716,18,23.093148921640196,113.4440819936929
4,716,19,23.092481024405377,113.44619880342889
4,33,0,23.078409408016675,113.44283543866378
4,33,1,23.078916681659365,113.44096820481876
4,33,2,23.07873337770816,113.4408328768572
4,33,3,23.07885410218117,113.4407186385827
4,33,4,23.07888121592858,113.44056162841298
4,33,5,23.07895476404636,113.44045616222952
4,33,6,23.078832050504467,113.44036199422423
4,33,7,23.07889310030746,113.44027535067282
4,33,8,23.078863206448528,113.44015293179008
4,33,9,23.078714343412354,113.44014947126566
4,33,10,23.07874700568386,113.44004775293172
4,33,11,23.078731106433636,113.43992156161696
4,33,12,23.07876148074191,113.43980824343797
4,33,13,23.078632814561445,113.43988957548753
4,33,14,23.078452586338283,113.43988069343152
4,33,15,23.078506230784992,113.43964018768447
4,33,16,23.07873365818181,113.43962073590018
4,33,17,23.07894010983401,113.43964858238937
4,33,18,23.0791061137588,113.43967010175258
4,33,19,23.07920384028022,113.4396268029507
4,33,20,23.07916351415734,113.4394841545702
4,33,21,23.079263868342142,113.4395213933939
4,33,22,23.07938186951719,113.43954056592833
4,33,23,23.079438375800944,113.43936854485176
4,33,24,23.07928387718129,113.43936087548028
4,33,25,23.0791518107758,113.43931613546948
4,33,26,23.079067068425093,113.4393912514896
4,33,27,23.079056082543584,113.43950055951676
4,33,28,23.07897188355721,113.43939039779492
4,33,29,23.078859062497287,113.4392545680672
4,33,30,23.07868514018807,113.43919680366872
4,33,31,23.078563553381297,113.43934824940096
4,33,32,23.07843234475238,113.43935708235188
4,33,33,23.07862158585849,113.4391151840687
4,33,34,23.07879088382725,113.43902149142292
4,33,35,23.07886778767844,113.43890093947483
4,33,36,23.078778483207227,113.43874851114283
4,33,37,23.078877841472003,113.4385883763393
4,33,38,23.07900850732503,113.43872559130348
4,33,39,23.07895582050537,113.438969831101
4,33,40,23.07913666200364,113.43910873967327
4,33,41,23.07917079580189,113.43925195932088
4,33,42,23.07929160840768,113.43923835682055
4,33,43,23.079072245740893,113.43925497274051
4,33,44,23.078967379599693,113.4392453531402
4,33,45,23.07885625960324,113.43906147075764
4,33,46,23.078453512739312,113.43902050724743
4,33,47,23.07812876476184,113.43863338337864
4,33,48,23.07796076021008,113.43916217114077
4,33,49,23.07821395732765,113.43993827150489
4,33,50,23.0783481326059,113.44003229227096
4,33,51,23.07833516224374,113.44013534394304
4,33,52,23.078448883270536,113.44016981762168
4,33,53,23.078583810271198,113.44015724005656
4,33,54,23.078573651478973,113.44005638714526
4,33,55,23.078829247948114,113.44002012164208
4,33,56,23.078931934323105,113.43998925020676
4,33,57,23.07890919453608,113.43988343434282
4,33,58,23.078871824011934,113.43978593533356
4,33,59,23.07920403162877,113.44009518096908
4,33,60,23.07874028134413,113.44026095472393
4,33,61,23.07869534091978,113.4403655982494
4,33,62,23.07862526905016,113.44044038291122
4,33,63,23.078490471810618,113.44034945214987
4,33,64,23.078622537285497,113.44027081419512
4,33,65,23.07851490085505,113.44081133731795
4,33,66,23.07789607584145,113.44095993797842
4,33,67,23.07670321303556,113.439443113656
4,33,68,23.077803823278558,113.4376846126239
4,33,69,23.079323263749192,113.43884238288426
4,33,70,23.079687835076005,113.43928465438827
4,33,71,23.079554940944668,113.43953110022568
4,33,72,23.080047914534344,113.439411414133
4,33,73,23.080233141170652,113.43949240694394
4,33,74,23.0803469193756,113.43947849678754
4,33,75,23.080579802470755,113.43943786159038
4,33,76,23.080876114456792,113.43933215661392
4,33,77,23.081070989563194,113.43921621389948
4,33,78,23.0812266882134,113.439194293007
4,33,79,23.081271731619825,113.43906699050709
4,33,80,23.08121515075824,113.43940671706277
4,33,81,23.080866996286783,113.43894812288386
4,33,82,23.08048610765093,113.43980836539382
4,33,83,23.07980558734083,113.43998516821604
4,1204,0,23.0792797291986,113.4490053745097
4,1204,1,23.07903567240252,113.44902113573092
4,1204,2,23.07924047204208,113.44935575971692
4,1204,3,23.079344521378022,113.44934510152554
4,1204,4,23.079601171704866,113.44975539503112
4,1204,5,23.0797099657269,113.4497231413393
4,1204,6,23.079916381496314,113.44953147468564
4,1204,7,23.079916079415856,113.45001238609112
4,1204,8,23.07969885864521,113.45022770490928
4,1204,9,23.079789664674923,113.45041936340364
4,1204,10,23.07970489503188,113.450475618433
4,1204,11,23.079784676833263,113.4505608621152
4,1204,12,23.07997103909533,113.45066408799222
4,1204,13,23.08011790031016,113.45081123978169
4,1204,14,23.07998750716431,113.450862129036
4,1204,15,23.079979988397888,113.45098698840876
4,1204,16,23.079917511861797,113.45110053938842
4,1204,17,23.07977863571101,113.45108002523772
4,1204,18,23.079708646082175,113.45100370507296
4,1204,19,23.07971313549274,113.4508915050064
4,1204,20,23.07971910136724,113.45075791484376
4,1204,21,23.07959629965788,113.45075044296335
4,1204,22,23.07958073827255,113.450875223626
4,1204,23,23.079626674883897,113.45107547538596
4,1204,24,23.07976187425477,113.45117086514784
4,1204,25,23.0796885170223,113.45128407630382
4,1204,26,23.079658546425303,113.45140968539393
4,1204,27,23.07952163833215,113.45145630103886
4,1204,28,23.079418135859523,113.45150075859266
4,1204,29,23.079320469468957,113.45147092567362
4,1204,30,23.079284257671024,113.45133041664904
4,1204,31,23.07944774875356,113.45134886590353
4,1204,32,23.07947281611112,113.45122157813763
4,1204,33,23.07940221399093,113.45106686417046
4,1204,34,23.079329712741107,113.45086010244523
4,1204,35,23.07919646563299,113.45073631978084
4,1204,36,23.079241133366185,113.45063292373216
4,1204,37,23.079383181884445,113.45065221607534
4,1204,38,23.07949772413465,113.45070203493528
4,1204,39,23.07956362115353,113.45061105077951
4,1204,40,23.079522476590967,113.45045999690478
4,1204,41,23.079914992929325,113.45042742385264
4,1204,42,23.080022170034923,113.4504605406917
4,1204,43,23.079825609323606,113.45077156909016
4,1204,44,23.079825464336583,113.45092806300704
4,1204,45,23.080228758823655,113.45112564509384
4,1204,46,23.08040271161753,113.45098046508112
4,1204,47,23.079969404157936,113.4514267679874
4,1204,48,23.0797333086088,113.45183715636291
4,1204,49,23.079631120820974,113.45192804472812
4,1204,50,23.079498636090158,113.45207321778877
4,1204,51,23.07950093752504,113.45185414944544
4,1204,52,23.07945476545194,113.45173567401444
4,1204,53,23.07940740456564,113.45162547013022
4,1204,54,23.079233979933555,113.45155813788384
4,1204,55,23.07913383537393,113.45149481738052
4,1204,56,23.07919970636056,113.45136921225723
4,1204,57,23.079140735255415,113.45126053689326
4,1204,58,23.079150579903427,113.45114425405548
4,1204,59,23.07904784385796,113.45109872620424
4,1204,60,23.0789367779424,113.45106545915014
4,1204,61,23.0787457308797,113.45109005723292
4,1204,62,23.078697616012715,113.45123788199882
4,1204,63,23.07878765877128,113.45139463595744
4,1204,64,23.078770971930304,113.45158438204622
4,1204,65,23.07878909710062,113.45169653344249
4,1204,66,23.079000624279374,113.45165500670204
4,1204,67,23.07908640001704,113.45156893040809
4,1204,68,23.079182218087286,113.45173701302404
4,1204,69,23.079260485897404,113.45183935412796
4,1204,70,23.07921413606264,113.45193212146634
4,1204,71,23.0793202989826,113.45172077578944
4,1204,72,23.0789651228792,113.45131699186612
4,1204,73,23.078496649916385,113.4513061986534
4,1204,74,23.078334757932392,113.45125450883938
4,1204,75,23.07867734419453,113.45195928275442
4,1204,76,23.078778228217917,113.45199355395758
4,1204,77,23.07889299706488,113.45234881966728
4,1204,78,23.0789580377779,113.4526396299313
4,1204,79,23.07893989242316,113.453639585352
4,1204,80,23.07800101723497,113.45437415714328
4,1204,81,23.077350420548377,113.45311677020986
4,1204,82,23.077747723313617,113.45042491827776
4,1204,83,23.078976069781582,113.45041236895636
4,419,0,23.090962516866696,113.44139056642626
4,419,1,23.091806601848894,113.4421504045873
4,419,2,23.09194514057723,113.44251901502663
5,411,0,23.034933009731667,113.00878853023596
5,411,1,23.03452998456669,113.0077335199939
5,411,2,23.03473126340791,113.00756298679838
5,411,3,23.0347420562222,113.00715592704776
5,411,4,23.03488718473293,113.00711849479994
5,411,5,23.035076614277813,113.00709019325
5,411,6,23.03514170956493,113.00719071146048
5,411,7,23.03529266411715,113.00700346321372
5,411,8,23.03519031619072,113.00692292218116
5,411,9,23.035225801376534,113.00680975440712
5,411,10,23.03513542601644,113.0067119017084
5,411,11,23.035117551792595,113.006602534604
5,411,12,23.03510769441129,113.00648459738288
5,411,13,23.03520815583687,113.00644647237364
5,411,14,23.035322558733448,113.0064072763926
5,411,15,23.03530685006242,113.0065655883953
5,411,16,23.03515816960833,113.00633228467905
5,411,17,23.03505029911391,113.00632817527148
5,411,18,23.03504667937104,113.00622705234068
5,411,19,23.03513181616813,113.00615596337744
5,411,20,23.035159832244947,113.0060397181463
5,411,21,23.035278879123734,113.00595524550828
5,411,22,23.03539803200529,113.00588912192364
5,411,23,23.035500620496105,113.00598775918893
5,411,24,23.03541753628487,113.00585227447776
5,411,25,23.03540880475776,113.00574286764272
5,411,26,23.03533171912432,113.00566881780428
5,411,27,23.035245696266276,113.00577084784824
5,411,28,23.035110416682624,113.00567539109252
5,411,29,23.035197336700246,113.00555824263472
5,411,30,23.035282426063507,113.00547665848148
5,411,31,23.03535180881197,113.0054031085757
5,411,32,23.035334712378557,113.00551248447935
5,411,33,23.035467090344927,113.00566276517796
5,411,34,23.03529462046582,113.00579222907646
5,411,35,23.035256497888888,113.005891620907
5,411,36,23.03528348268672,113.0060364921092
5,411,37,23.035232289105146,113.00615001292915
5,411,38,23.035058816197022,113.00611212161232
5,411,39,23.03493214135528,113.00610297659074
5,411,40,23.03489153506984,113.00621983963164
5,411,41,23.034993329472133,113.00624051565616
5,411,42,23.03500792245912,113.00638206021009
5,411,43,23.034989304977003,113.00655381525654
5,411,44,23.034990187027617,113.00667215225108
5,411,45,23.03484988566301,113.0067587609444
5,411,46,23.034946119866543,113.00692115995798
5,411,47,23.035047365958,113.00690626336602
5,411,48,23.03468280867105,113.0069650234362
5,411,49,23.034566141209293,113.00690640416316
5,411,50,23.034324059957047,113.00683216978145
5,411,51,23.03459252078394,113.00652288614036
5,411,52,23.034577785321737,113.00636195384664
5,411,53,23.034827336955573,113.0060339271647
5,411,54,23.034763904807157,113.00590133619669
5,411,55,23.03449363968337,113.00574368306296
5,411,56,23.034493004560485,113.00520545342404
5,411,57,23.034967458486776,113.00519026319289
5,411,58,23.035108014190385,113.00505328531692
5,411,59,23.035173388140315,113.00514300770676
5,411,60,23.03528505079883,113.00523552909064
5,411,61,23.03538538515995,113.0052615164316
5,411,62,23.03520125755157,113.0051174834949
5,411,63,23.035302167193382,113.0049879793793
5,411,64,23.03521670621043,113.00465891053013
5,411,65,23.035103777591168,113.00444882725304
5,411,66,23.034844429852697,113.00436773942648
5,411,67,23.03467574648578,113.00462742657892
5,411,68,23.034943737072982,113.00477101551144
5,411,69,23.03519984132297,113.00533834122484
5,411,70,23.03514077594488,113.00548133891272
5,411,71,23.03514865425445,113.00588500828653
5,411,72,23.03554750883883,113.00538018705258
5,411,73,23.03432538790344,113.00455926023608
5,411,74,23.03449770673397,113.0040799516878
5,411,75,23.033381033636875,113.00450848229364
5,411,76,23.03352472088544,113.00494173947584
5,411,77,23.03313381164081,113.00563422929366
5,411,78,23.033243809007523,113.00675413677834
5,411,79,23.033970050952213,113.00796533993012
5,411,80,23.03416360045922,113.0079039091818
5,411,81,23.03319202369219,113.00873735023308
5,411,82,23.03160076652769,113.00991770806158
5,411,83,23.032681563745765,113.00454497655056
5,411,84,23.03141312209442,113.00349873900304
5,436,0,23.0331146771836,113.01259229728063
5,436,1,23.033655142800956,113.0130016564177
5,436,2,23.033457172753163,113.01346625012312
5,436,3,23.033282631255243,113.01336050487988
5,436,4,23.03315681349887,113.01353793325607
5,436,5,23.03266870941021,113.01343201314126
5,436,6,23.032395211108,113.0127043800438
5,436,7,23.03193813918039,113.01252520390264
5,436,8,23.033457505094358,113.01396776904676
5,436,9,23.03377736651668,113.01417393584715
5,436,10,23.033826882016943,113.01432948380716
5,436,11,23.03377591149053,113.0144489581935
5,436,12,23.033630252531967,113.01431899173186
5,436,13,23.03375933030317,113.01454564374176
5,436,14,23.03370389020636,113.01464326348577
5,436,15,23.033780588876343,113.014719620065
5,436,16,23.03378669288538,113.01482026536748
5,436,17,23.03364812486884,113.01483159213056
5,436,18,23.033641883747077,113.01493790381096
5,436,19,23.03354806716831,113.01497745306192
5,436,20,23.033620151177,113.01507584198032
5,436,21,23.03351962520805,113.01517198821897
5,436,22,23.03342325020524,113.015143669558
5,436,23,23.033364185709587,113.01526577666448
5,436,24,23.03327484526961,113.0153750938164
5,436,25,23.03323968713431,113.01547013144372
5,436,26,23.03317970337245,113.01538296116011
5,436,27,23.03325045499596,113.015292476844
5,436,28,23.03316668399023,113.01521159035924
5,436,29,23.033275366994683,113.01520024249233
5,436,30,23.033356100854228,113.0153808701471
5,436,31,23.03347114823194,113.01533953165688
5,436,32,23.0336419711359,113.01521337691366
5,436,33,23.03348686529031,113.01512445254497
5,436,34,23.033502267911544,113.01490620910664
5,436,35,23.03354394055328,113.0148067948909
5,436,36,23.03363440390442,113.01473244840189
5,436,37,23.0336670728732,113.01496137782364
5,436,38,23.033752385783743,113.01501414787606
5,436,39,23.033275565912337,113.0148787086166
5,436,40,23.033325609209538,113.0146675263012
5,436,41,23.033939729004285,113.01455149146462
5,436,42,23.0339439061647,113.01429483353898
5,436,43,23.034099909957675,113.01412589139478
5,436,44,23.03398659907734,113.01370226473244
5,436,45,23.032921128802457,113.01533407669692
5,436,46,23.03310332726365,113.01551793644605
5,436,47,23.03320096181084,113.01557733413443
5,436,48,23.03329629592417,113.01565573251156
5,436,49,23.033288349962422,113.0155521873712
5,436,50,23.03310750963036,113.01556798854408
5,436,51,23.03299827242033,113.0156195446397
5,436,52,23.03307150376501,113.01574692593071
5,436,53,23.03303126499501,113.01584850288708
5,436,54,23.03311705567712,113.01591599215098
5,436,55,23.033197840171024,113.01604467512928
5,436,56,23.033019697782997,113.0160420258399
5,436,57,23.032894628063666,113.01610506310352
5,436,58,23.03297282603015,113.01617536235138
5,436,59,23.03285607967747,113.01627618532942
5,436,60,23.032788078744986,113.01656579073182
5,436,61,23.032645273024368,113.0167279616954
5,436,62,23.03239942575262,113.01619870857856
5,436,63,23.032755603434957,113.01590859464056
5,436,64,23.032864861942542,113.01600174116808
5,436,65,23.03294178105756,113.01582227845007
5,436,66,23.0331467154766,113.01576003038286
5,436,67,23.03323243876878,113.015694353919
5,436,68,23.0324496236085,113.0154497275959
5,436,69,23.0322255309808,113.01513705824728
5,436,70,23.03134615727562,113.01480930905724
5,436,71,23.030906968935657,113.01469058286182
5,436,72,23.031120908195785,113.01654175640628
5,436,73,23.031945286925414,113.01647285811777
6,364,0,23.047306829315417,113.24712693305248
6,364,1,23.047298049774515,113.24730403870026
6,364,2,23.04721629515273,113.24737551190644
6,364,3,23.047147354591768,113.24729557770992
6,364,4,23.04703168014632,113.24754085890932
6,364,5,23.04696526830956,113.24770697062851
6,364,6,23.04693960248393,113.24788069852782
6,364,7,23.04701392445957,113.247960144895
6,364,8,23.047114551494627,113.24801428710484
6,364,9,23.04717334241807,113.24811211308806
6,364,10,23.047278812465294,113.2480900214043
6,364,11,23.047346757668677,113.24819664519036
6,364,12,23.047455803223976,113.2481854365286
6,364,13,23.04749189691385,113.2480507553336
6,364,14,23.047378047475167,113.2479972552507
6,364,15,23.04730226621128,113.24788448348424
6,364,16,23.047244384859685,113.24774982116406
6,364,17,23.047087767465943,113.24783984545648
6,364,18,23.047214328463397,113.24803763075968
6,364,19,23.047112040700057,113.24815154771672
6,364,20,23.047017652655278,113.24810893166476
6,364,21,23.04685745321211,113.24812180002624
6,364,22,23.046957087933123,113.24823715506228
6,364,23,23.047128518009703,113.24823224655329
6,364,24,23.04710834976086,113.24836775709656
6,364,25,23.04724444933028,113.24838409123868
6,364,26,23.047308168719333,113.2484702612267
6,364,27,23.047394977905142,113.24837244165816
6,364,28,23.047514835335843,113.24834080259532
6,364,29,23.04764406284573,113.24834125890791
6,364,30,23.047585554932727,113.24815858919028
6,364,31,23.04739904620082,113.24813206075932
6,364,32,23.04735217149468,113.24827973239152
6,364,33,23.047332202830358,113.2483834446686
6,364,34,23.047393483968765,113.2485076605149
6,364,35,23.047317031964365,113.2485787212566
6,364,36,23.047279924541417,113.24869469810004
6,364,37,23.04732230869476,113.24883982113415
6,364,38,23.047222602666544,113.24881333438373
6,364,39,23.047108531862133,113.2487895243808
6,364,40,23.047024387104752,113.24870210397262
6,364,41,23.04689442679752,113.24872537149692
6,364,42,23.046993866813317,113.24877700812024
6,364,43,23.047023756266107,113.24887601131708
6,364,44,23.04714214312149,113.2488872405767
6,364,45,23.04712917569709,113.24899013254743
6,364,46,23.047223371882325,113.24903395793665
6,364,47,23.047267930798025,113.2489361424373
6,364,48,23.04745206180023,113.24884676752109
6,364,49,23.04721383628875,113.24872490515942
6,364,50,23.04710665254617,113.2486931637254
6,364,51,23.047155832448624,113.24853285419978
6,364,52,23.04719108277217,113.24841087344674
6,364,53,23.04720238886218,113.24830715646743
6,364,54,23.047045940325106,113.24834286860452
6,364,55,23.0469838486683,113.24842821419442
6,364,56,23.046788455561927,113.24836230825032
6,364,57,23.04694839993846,113.24860887701894
6,364,58,23.04685963100045,113.24868265435268
6,364,59,23.04675419980452,113.24880340260526
6,364,60,23.0468559539024,113.24888229825916
6,364,61,23.04671886647267,113.24892695781791
6,364,62,23.0466386902716,113.24883965459864
6,364,63,23.046595528172084,113.24874198195884
6,364,64,23.04650111679717,113.24878366678293
6,364,65,23.04671705086258,113.24875904367954
6,364,66,23.046925249646968,113.24898276571004
6,364,67,23.04691738722261,113.2491258747308
6,364,68,23.047024413267746,113.2490890662368
6,364,69,23.04720045947576,113.24909301583776
6,364,70,23.04743113796048,113.24922012097136
6,364,71,23.047539543667188,113.2492904574369
6,364,72,23.04746944271992,113.24936278461652
6,364,73,23.04738064640504,113.2493077683798
6,364,74,23.04709250277065,113.2492353233642
6,364,75,23.04760824707513,113.24933175656486
6,364,76,23.047836641854683,113.24869732015983
6,364,77,23.04784001815223,113.2485639050631
6,364,78,23.04807750006546,113.24868481916884
6,364,79,23.04774239108284,113.24830343857732
6,364,80,23.047543691131622,113.24796471263964
6,364,81,23.047515938854957,113.24777828718864
6,364,82,23.04744047549159,113.247707395153
6,364,83,23.04734853702196,113.24766761905194
6,364,84,23.0468793021708,113.2479224043313
6,364,85,23.046440075471818,113.24855184801118
6,364,86,23.04610704265683,113.24857993986346
6,364,87,23.04608060268882,113.248873878707
6,364,88,23.04605839776152,113.24898599107836
6,364,89,23.046016818046425,113.24910246341946
6,364,90,23.046307865338804,113.24906038907336
6,364,91,23.04778691264332,113.2499829986816
6,364,92,23.047359667073778,113.24625472079694
6,87,0,23.047045369719743,113.24129461029185
6,87,1,23.04606986991024,113.24031652120723
6,87,2,23.045685403176748,113.23969770647966
6,87,3,23.045972975934514,113.23939990604296
6,87,4,23.046063007283934,113.23946165384906
6,87,5,23.046072350649027,113.23918039452532
6,87,6,23.045915335496744,113.23916514971108
6,87,7,23.045971572569773,113.2390438175412
6,87,8,23.04588459942873,113.23898775439667
6,87,9,23.04588296592942,113.23884642280257
6,87,10,23.045727391196998,113.23885504307044
6,87,11,23.04572593923057,113.23873581284067
6,87,12,23.04576976573574,113.23863828612996
6,87,13,23.04586351410621,113.23868098844262
6,87,14,23.045938609355925,113.2387784010634
6,87,15,23.04596214696869,113.23867675170064
6,87,16,23.045998523774998,113.23854648495056
6,87,17,23.045907779610204,113.23859609631268
6,87,18,23.045820628735157,113.23854692107038
6,87,19,23.04581272885405,113.23873360322398
6,87,20,23.04592697206196,113.23887770942974
6,87,21,23.046032231496344,113.23889703996304
6,87,22,23.046122216163017,113.23883391812832
6,87,23,23.04602746751265,113.2387922035292
6,87,24,23.046253988366903,113.23880813111217
6,87,25,23.04634240048836,113.23876014837889
6,87,26,23.04636483865472,113.23852832496904
6,87,27,23.04629699555328,113.2384446292133
6,87,28,23.046397091093368,113.23845388539416
6,87,29,23.04637212563539,113.23834853223356
6,87,30,23.046466011926853,113.23831255997742
6,87,31,23.046365936941157,113.23827311354373
6,87,32,23.046236936830333,113.23828547635225
6,87,33,23.046180760673405,113.23819355422332
6,87,34,23.046218191260373,113.23807252077329
6,87,35,23.04617509405118,113.23792458293195
6,87,36,23.04622441530085,113.23780512510702
6,87,37,23.04636283006033,113.2378280043298
6,87,38,23.046404015724857,113.23772714174112
6,87,39,23.04632837266628,113.23765720669236
6,87,40,23.04621716194875,113.23765134836847
6,87,41,23.04635406486945,113.2375273307032
6,87,42,23.04649381617587,113.23762185592064
6,87,43,23.046462778492057,113.23780368947747
6,87,44,23.04642770822313,113.23791142014656
6,87,45,23.0463419945916,113.23798559096382
6,87,46,23.04634768735293,113.23811989618235
6,87,47,23.04643511584858,113.23820427294464
6,87,48,23.04649984996271,113.23801495799596
6,87,49,23.046277075241186,113.23795891140146
6,87,50,23.04628367441344,113.23813853507716
6,87,51,23.046347000031982,113.2382251910704
6,87,52,23.0462758273048,113.23834828467756
6,87,53,23.046158340760584,113.23834314150942
6,87,54,23.04597646514265,113.23834032288616
6,87,55,23.04587718346063,113.23830390444505
6,87,56,23.0460793447449,113.23855571654812
6,87,57,23.046184739643245,113.23848815296034
6,87,58,23.046541186980686,113.23831187082403
6,87,59,23.046014989723894,113.23800492997906
6,87,60,23.04602389353512,113.23781722246032
6,87,61,23.04598078367233,113.23765829446518
6,87,62,23.046096867191302,113.23754702533904
6,87,63,23.04600721149101,113.237347510325
6,87,64,23.04620282823577,113.2373494715326
6,87,65,23.046378448577286,113.23706902310136
6,87,66,23.046265490941217,113.2369510172431
6,87,67,23.046470896183727,113.23690314096498
6,87,68,23.04645281117529,113.23671865919432
6,87,69,23.04652190838025,113.23647747960922
6,87,70,23.04653346684703,113.23728113841833
6,87,71,23.04768830329212,113.23865211682016
6,87,72,23.045859927210483,113.23909909374656
6,87,73,23.045814963831777,113.23921867887589
6,87,74,23.0457116151128,113.23912512531946
6,87,75,23.045768604555622,113.23900472590962
6,87,76,23.04547852606364,113.23876937512811
6,87,77,23.04381750162297,113.2387740637101
6,87,78,23.0436459476745,113.23840887518462
6,87,79,23.04336814548651,113.23797958715676
6,87,80,23.04289228484549,113.24017816924405
6,87,81,23.040679609237813,113.24263255752308
6,87,82,23.041650843187867,113.23552139384768
6,87,83,23.04530776736379,113.23549136234551
6,87,84,23.04567694544651,113.23530380932884
7,17,0,23.03794508106389,113.3991003016021
7,17,1,23.03878168116168,113.398703011575
7,17,2,23.03649982646641,113.39713610704597
7,17,3,23.03492465018952,113.39670612890356
7,17,4,23.03392863916556,113.39603897787596
7,17,5,23.033431950304223,113.39507278801244
7,17,6,23.0327634720558,113.39575914035018
7,17,7,23.03241222835905,113.3961012353931
7,17,8,23.03206135002993,113.39632404822916
7,17,9,23.031986506704115,113.39647444375548
7,17,10,23.03190108820154,113.39656452260672
7,17,11,23.03189426719126,113.39676303114751
7,17,12,23.0318074498372,113.39685464662524
7,17,13,23.031678778069185,113.39693938606688
7,17,14,23.03154769014107,113.39686757572284
7,17,15,23.03138189247606,113.39687351847984
7,17,16,23.031411814732945,113.39701570292434
7,17,17,23.03155140483493,113.3970286475798
7,17,18,23.031598669779136,113.39711744087612
7,17,19,23.03171454542234,113.39715779835312
7,17,20,23.03184205017004,113.3970819191354
7,17,21,23.03194155311235,113.39713264278323
7,17,22,23.032038790278005,113.39721304417644
7,17,23,23.03212664915621,113.39730622356088
7,17,24,23.03200711491449,113.39735952808124
7,17,25,23.03185668721292,113.397457680577
7,17,26,23.03173892432627,113.3974455329794
7,17,27,23.031602853581663,113.39736295282208
7,17,28,23.03167348537906,113.39728466232724
7,17,29,23.03179539105964,113.39736057937128
7,17,30,23.031872434140837,113.39729561081258
7,17,31,23.031811361090373,113.39721062420077
7,17,32,23.031757418656174,113.397008682995
7,17,33,23.031874226272897,113.39697592489328
7,17,34,23.03197030321988,113.39693853579917
7,17,35,23.032056888056815,113.39673840686282
7,17,36,23.03216163665351,113.39687363121308
7,17,37,23.03210242517737,113.3970887221342
7,17,38,23.03188724856654,113.39761391285184
7,17,39,23.03167751422473,113.3975554420596
7,17,40,23.03167947090959,113.3977367554221
7,17,41,23.031758268522733,113.3978056817637
7,17,42,23.03168287198649,113.397902295582
7,17,43,23.031507478060963,113.3978995649339
7,17,44,23.03154818628787,113.3980172930078
7,17,45,23.03164236004836,113.398083419969
7,17,46,23.03178991817612,113.39796973456632
7,17,47,23.03193540502726,113.39789893964884
7,17,48,23.031759897339768,113.39814409026084
7,17,49,23.031864023509424,113.39831099467476
7,17,50,23.03195192130517,113.39836552722905
7,17,51,23.03183111871839,113.39849604130607
7,17,52,23.03177072759056,113.39840554022138
7,17,53,23.031578942874383,113.39838970471622
7,17,54,23.03159229390136,113.39824901342767
7,17,55,23.031477013356536,113.39825136832776
7,17,56,23.03144354632883,113.3981352838209
7,17,57,23.031393493636173,113.39802809939955
7,17,58,23.03138346552232,113.3978535781902
7,17,59,23.031527385235723,113.39776913902796
7,17,60,23.031435142867164,113.39742344889888
7,17,61,23.031520140020657,113.39735039675644
7,17,62,23.03142156360715,113.39719964502864
7,17,63,23.031175222193493,113.39701069714484
7,17,64,23.031390052383426,113.39659408862028
7,17,65,23.031388831322104,113.3964726282732
7,17,66,23.031549169032424,113.3966129354269
7,17,67,23.031745658502228,113.3967220844826
7,17,68,23.03166012282842,113.39678889918464
7,17,69,23.0310008349156,113.39626579290864
7,17,70,23.03160809161667,113.3954833135621
7,17,71,23.032193528551208,113.39534826688332
7,17,72,23.03241904123889,113.39458815420444
7,17,73,23.0322523947374,113.39383492290928
7,17,74,23.035165652837577,113.3940650841741
7,17,75,23.03710041613001,113.39276344646112
7,17,76,23.037085484879693,113.3904777636048
7,17,77,23.036151198044298,113.39039848707668
7,17,78,23.033251836997337,113.39736172081984
7,17,79,23.032639059588234,113.39807047865428
7,17,80,23.032335140870327,113.39842988750986
7,17,81,23.032435563936527,113.39867988548691
7,17,82,23.03261875178308,113.39895456162412
7,17,83,23.032441047897336,113.39910001853774
7,17,84,23.03226980065269,113.39909552845954
7,17,85,23.03213312319639,113.39891362581888
7,17,86,23.03200184773417,113.39888854283237
7,17,87,23.032023730784147,113.39867076284744
7,17,88,23.032038349056386,113.39854037473016
7,17,89,23.03169989594856,113.39856794492296
7,17,90,23.031767560651225,113.39875612072888
7,17,91,23.03145400190613,113.39840566002896
7,17,92,23.03124846126176,113.39820813565656
7,17,93,23.031296470936734,113.39808604770884
7,17,94,23.0310790142267,113.398734666278
7,17,95,23.03204337363776,113.39819930431275
7,17,96,23.03286659691755,113.39873917920066
7,17,97,23.03373694701116,113.3985592332695
7,69,0,23.04500634606748,113.40887682190548
7,69,1,23.04511149638142,113.40964921844648
7,69,2,23.045426114252063,113.4100845133712
7,69,3,23.045607437560182,113.40996356790929
7,69,4,23.0456887512874,113.41010543080408
7,69,5,23.04596137387972,113.41028600816072
7,69,6,23.046022280936505,113.41038421457084
7,69,7,23.04614258549097,113.4102451235563
7,69,8,23.046037768793024,113.41014007437352
7,69,9,23.04630778946736,113.41022147165488
7,69,10,23.046351828774068,113.41012480164989
7,69,11,23.04637505513112,113.41034320743417
7,69,12,23.046352865954358,113.41044803305222
7,69,13,23.046552629023704,113.41048897002231
7,69,14,23.0465126294942,113.4103796697862
7,69,15,23.046665546974623,113.41037701020946
7,69,16,23.046624439918947,113.41025071554444
7,69,17,23.046840911281567,113.41018154701716
7,69,18,23.047047459131456,113.4103783410364
7,69,19,23.046953592193017,113.41057259783082
7,69,20,23.046903654970173,113.4106626482649
7,69,21,23.04671519427069,113.41066807138937
7,69,22,23.04664812488789,113.4107472400884
7,69,23,23.04656044375392,113.4106356140315
7,69,24,23.046546306151814,113.41074970146204
7,69,25,23.04649351644934,113.41084971384164
7,69,26,23.04660368918385,113.41081551516945
7,69,27,23.046705040634468,113.4109109475674
7,69,28,23.04675725568132,113.41077889789672
7,69,29,23.04683157688169,113.4110061898604
7,69,30,23.0470209025336,113.4110548445025
7,69,31,23.04704425691665,113.41124258942588
7,69,32,23.046920565565728,113.41135764049896
7,69,33,23.04692676867922,113.41147744078158
7,69,34,23.04706558178658,113.41155297072191
7,69,35,23.04696785163525,113.41158069072098
7,69,36,23.0468936180874,113.41166120072435
7,69,37,23.047130683123804,113.41160509891716
7,69,38,23.04724404421719,113.411625918828
7,69,39,23.04722751405379,113.41147121631374
7,69,40,23.04737947373185,113.41154021473989
7,69,41,23.047372463244805,113.41165815663167
7,69,42,23.04753940810385,113.41174460673638
7,69,43,23.04756227609667,113.41184506909988
7,69,44,23.04775431668405,113.41173131107956
7,69,45,23.047754861700877,113.41157535220812
7,69,46,23.047634681422466,113.41162227388386
7,69,47,23.04793001524182,113.41175754596058
7,69,48,23.047961521173523,113.4116206842938
7,69,49,23.048093219987248,113.41144126403913
7,69,50,23.048273783709597,113.41163529020692
7,69,51,23.04813837428196,113.41181898858072
7,69,52,23.048713812957992,113.41170411438992
7,69,53,23.04937421812092,113.41213323230222
7,69,54,23.0479717226274,113.41283613890802
7,69,55,23.04726932244909,113.41186612683194
7,69,56,23.04694795491137,113.41199784652936
7,69,57,23.04672445294181,113.41182240969655
7,69,58,23.0465809489084,113.41173247492894
7,69,59,23.046634853026124,113.41153027564694
7,69,60,23.046789656260707,113.41143648912325
7,69,61,23.046699088400597,113.41131922817132
7,69,62,23.04672334740781,113.4112037729148
7,69,63,23.046642913144325,113.4111402017369
7,69,64,23.04678824387203,113.41109684863318
7,69,65,23.046589847370907,113.41098910276278
7,69,66,23.04658769226878,113.41086348156412
7,69,67,23.04642733619382,113.4109055864112
7,69,68,23.046342184258368,113.41099870343074
7,69,69,23.046242637894757,113.41097681287565
7,69,70,23.04609815415087,113.41085835757494
7,69,71,23.04618996024097,113.4107672743622
7,69,72,23.046291129126704,113.41074683624278
7,69,73,23.04640932545138,113.41076081473857
7,69,74,23.04644259409251,113.41064666890594
7,69,75,23.04627161285409,113.41063112278606
7,69,76,23.04629627166361,113.4105277876035
7,69,77,23.0462211798871,113.41044953475514
7,69,78,23.04595962150652,113.41063493903964
7,69,79,23.04583590780398,113.41074608471529
7,69,80,23.04583186433987,113.41042168300756
7,69,81,23.04624453919377,113.41085687734876
7,69,82,23.04641010008274,113.41113456465612
7,69,83,23.0463101608782,113.41130536732848
7,69,84,23.04657516429548,113.41143241508271
7,69,85,23.04648773066211,113.41159760057648
7,69,86,23.04656853637685,113.41185396475016
7,69,87,23.0461397262443,113.41188119531584
7,69,88,23.046798043430144,113.41156396346196
7,69,89,23.047186579821474,113.4111821978268
7,69,90,23.04750726490563,113.4104681106506
7,69,91,23.047658616432088,113.41026553746832
7,69,92,23.044840916147724,113.41024694236988
7,69,93,23.0460942173132,113.41271791216144
7,69,94,23.044836558626763,113.41647232984523
7,69,95,23.051386249354284,113.41078343855744
7,69,96,23.04876441548313,113.40744736938194
7,69,97,23.047390844253112,113.40745343706617
7,69,98,23.04993502110448,113.40614366489756
7,69,99,23.05012438872849,113.40586262082924
7,49,0,23.03146038804042,113.398191394985
7,49,1,23.04015260487093,113.39395143498434
7,49,2,23.041256270340167,113.39555847065424
7,49,3,23.047209854971797,113.39150566352068
7,49,4,23.040531571849925,113.38224708723914
8,116,0,23.160200189396,112.34003483306051
8,116,1,23.1582292570752,112.34502195266964
8,116,2,23.159201628406574,112.34615365787432
8,116,3,23.159566099840603,112.34634641976204
8,116,4,23.159606504308567,112.34624919260196
8,116,5,23.1596999997454,112.34648133617029
8,116,6,23.159801294669112,112.34646472356376
8,116,7,23.159835708177933,112.34656516632684
8,116,8,23.159917759897983,112.34676408407984
8,116,9,23.15982566281167,112.34693495154798
8,116,10,23.159693922541763,112.34684240241204
8,116,11,23.15965352408908,112.34700495092513
8,116,12,23.15949766325435,112.3468177210966
8,116,13,23.15939111604378,112.3467085689814
8,116,14,23.15922721573853,112.3466121660777
8,116,15,23.159604337121163,112.3465798001401
8,116,16,23.160009602248785,112.34643504393291
8,116,17,23.160139146917448,112.3466019653173
8,116,18,23.16025641167829,112.34650131384312
8,116,19,23.16030966070575,112.34682427460542
8,116,20,23.160176846037636,112.34686197587416
8,116,21,23.160064526803083,112.34695622525956
8,116,22,23.160164242778823,112.3470435987037
8,116,23,23.160334244228828,112.34708274684743
8,116,24,23.16045943851508,112.34688618568316
8,116,25,23.16056504054556,112.3469398684874
8,116,26,23.16055154838768,112.3470471093818
8,116,27,23.160406009157835,112.34720443177127
8,116,28,23.16045186275084,112.3474980348618
8,116,29,23.160594240372536,112.34740830204883
8,116,30,23.160078710522445,112.3473012227052
8,116,31,23.159922153335035,112.347239252936
8,116,32,23.159770090541915,112.3476010529682
8,116,33,23.160297483984355,112.34835974081024
8,116,34,23.16033083191,112.34859972597316
8,116,35,23.16050498897879,112.34851188869096
8,116,36,23.16062900627939,112.3484856361538
8,116,37,23.160681588424172,112.34861189578872
8,116,38,23.160740723210424,112.3486971600128
8,116,39,23.160806460330736,112.3487767163539
8,116,40,23.160844609820096,112.34865059626216
8,116,41,23.16093958639572,112.3485382574362
8,116,42,23.160839598666165,112.34833854995892
8,116,43,23.16072028191981,112.34835647765688
8,116,44,23.16056788585669,112.34829879784208
8,116,45,23.161120071864183,112.34860385278576
8,116,46,23.16106201798277,112.34873149320282
8,116,47,23.161178221935256,112.3488291225395
8,116,48,23.161161905115566,112.3489522176346
8,116,49,23.16100970200857,112.34899206403344
8,116,50,23.16089630631422,112.34898436419348
8,116,51,23.160912665833365,112.34908544868348
8,116,52,23.160979723783807,112.34916711410446
8,116,53,23.161066504245984,112.3490656835014
8,116,54,23.16124432539995,112.3490638984415
8,116,55,23.161304646324744,112.34915045043012
8,116,56,23.161376143985773,112.34906696269942
8,116,57,23.161457898482453,112.3495427233473
8,116,58,23.161146659311846,112.34957405384202
8,116,59,23.16100768715792,112.34943541400304
8,116,60,23.16091395211443,112.3495360085842
8,116,61,23.16076829468286,112.3491035851176
8,116,62,23.16063165888697,112.34899353957218
8,116,63,23.160510859686287,112.34899737849226
8,116,64,23.160135843036493,112.3489581841052
8,116,65,23.159651596323457,112.34927468519852
8,116,66,23.15907297507511,112.34919961297446
8,116,67,23.161379299311577,112.34857217369331
8,116,68,23.1620402898162,112.34896879116
8,116,69,23.1623046075314,112.35001980281444
8,116,70,23.161394027921965,112.34776870657802
8,116,71,23.16063164298394,112.34624835461382
8,116,72,23.159840208395767,112.34606561549776
8,153,0,23.170244473713844,112.32080771529064
8,153,1,23.170214680430067,112.31990377702904
8,153,2,23.17024769577777,112.31955637763998
8,153,3,23.17037172396273,112.3194384216417
8,153,4,23.17069211752381,112.31948422852844
8,153,5,23.170799017656723,112.31940631695764
8,153,6,23.170883809178907,112.31932324520386
8,153,7,23.17112098866569,112.3194204416239
8,153,8,23.17116853892512,112.3195393074731
8,153,9,23.17119384053365,112.31968027269625
8,153,10,23.171010937664345,112.31971063057163
8,153,11,23.171160340043247,112.31977502879428
8,153,12,23.17107664445751,112.31991551977843
8,153,13,23.17103090713821,112.32001056661666
8,153,14,23.1712027689326,112.31997011624252
8,153,15,23.171291801076705,112.320026915062
8,153,16,23.171344489827284,112.32011978088032
8,153,17,23.171425598955985,112.31998049440612
8,153,18,23.171626182479915,112.3200326028264
8,153,19,23.171754111530376,112.31994916973586
8,153,20,23.17191175860813,112.3198778077987
8,153,21,23.171981162100533,112.31968396526236
8,153,22,23.17190450387339,112.31952716195303
8,153,23,23.171671704493853,112.31961019790552
8,153,24,23.17162525025872,112.31978650676614
8,153,25,23.171455448847382,112.31976652934026
8,153,26,23.171503727981875,112.31965157760554
8,153,27,23.171374490360748,112.3196637363607
8,153,28,23.171491992545977,112.31946394399178
8,153,29,23.17079388288276,112.31957989783484
8,153,30,23.170654763037223,112.31961805512412
8,153,31,23.17083799331052,112.31976182329848
8,153,32,23.17072960462756,112.31995437593568
8,153,33,23.171154547333035,112.3201583464833
8,153,34,23.171347318686838,112.32032954520947
8,153,35,23.171414060325063,112.32041882089888
8,153,36,23.171541691261258,112.32031989015498
8,153,37,23.17180620188218,112.32017909955086
8,153,38,23.17196872047376,112.32017067977932
8,153,39,23.171970652754982,112.32046598121238
8,153,40,23.1724846275597,112.31997233408887
8,153,41,23.17305369558085,112.31972720898123
8,153,42,23.17271472580105,112.31928383817898
8,153,43,23.17019665085268,112.31912126822056
8,153,44,23.170026320508786,112.31895011603083
8,153,45,23.16991294880199,112.31889171112404
8,153,46,23.169845478603005,112.31866829268498
8,153,47,23.1698260334629,112.3185240919284
8,153,48,23.17009889036258,112.3185718094272
8,153,49,23.16996626364563,112.31822881634264
8,153,50,23.169661550850677,112.31828167079746
8,153,51,23.16957010690583,112.31809351980576
8,153,52,23.169526965940683,112.31846541103
8,153,53,23.16942599645876,112.3186413949852
8,153,54,23.169307436671144,112.31859470583773
8,153,55,23.16915450818965,112.31841965547191
8,153,56,23.16906222748799,112.31849697358126
8,153,57,23.16910768473709,112.31862494372544
8,153,58,23.169040098329905,112.31876315427544
8,153,59,23.168882069193906,112.31871600495587
8,153,60,23.16863066469407,112.31872181301912
8,153,61,23.16853671221486,112.31865831396914
8,153,62,23.16855022168502,112.3188435609551
8,153,63,23.168711630586422,112.3185407450124
8,153,64,23.16893252380564,112.31858641416687
8,153,65,23.16892548343266,112.3183354702258
8,153,66,23.169009354312927,112.31887229938532
8,153,67,23.169207488241028,112.31893971771936
8,153,68,23.16934046011152,112.31896040069395
8,153,69,23.16950457910026,112.31884909905644
8,153,70,23.16961714032871,112.31897515022438
8,153,71,23.16986617806327,112.31917239138096
8,153,72,23.16954229307109,112.31764488716976
8,153,73,23.16921536464414,112.31753964010603
8,153,74,23.170151364536405,112.31650288528756
8,153,75,23.170259233842,112.31592051347666
8,153,76,23.169012541280207,112.31613991539714
8,153,77,23.16763984614312,112.31633394641014
9,458,0,23.00561906064184,113.06975055548904
9,458,1,23.005658276722126,113.06961217789794
9,458,2,23.00587135667552,113.06967867348769
9,458,3,23.005896419484746,113.06957937573937
9,458,4,23.005799609586056,113.0694069695304
9,458,5,23.005658807364977,113.069444451222
9,458,6,23.00556234167537,113.06939200056024
9,458,7,23.005557799051346,113.06926161626788
9,458,8,23.00539165564416,113.06912284208649
9,458,9,23.00558764167071,113.06901067670734
9,458,10,23.00580068553761,113.06897376762096
9,458,11,23.005901517625123,113.06895743229856
9,458,12,23.005941591548755,113.06916304659576
9,458,13,23.00600949096782,113.06928190839469
9,458,14,23.00602233608313,113.06939051743892
9,458,15,23.0061117608712,113.06948195021116
9,458,16,23.00619092691719,113.06940696119676
9,458,17,23.00620983713899,113.06927205156386
9,458,18,23.006085074915205,113.06930493805082
9,458,19,23.006082165936565,113.06918588918944
9,458,20,23.006111242675296,113.06908264335183
9,458,21,23.006113009103693,113.06898050870645
9,458,22,23.0062328254493,113.06891160008163
9,458,23,23.006342665023794,113.06886194542288
9,458,24,23.006398895853803,113.0689567729339
9,458,25,23.006476188548117,113.069020586632
9,458,26,23.006469755919237,113.06891265660023
9,458,27,23.0065813604538,113.06884106982668
9,458,28,23.006695293610925,113.06885729659147
9,458,29,23.00660431900553,113.06877729608956
9,458,30,23.00669643244143,113.0686652643233
9,458,31,23.00656086205022,113.06858177857318
9,458,32,23.006480652917716,113.0685136602692
9,458,33,23.006368192990937,113.06843254889128
9,458,34,23.006489778980328,113.06834286444376
9,458,35,23.006364467541008,113.06823836258305
9,458,36,23.00624469260733,113.06812909993022
9,458,37,23.006123734429085,113.0682274726709
9,458,38,23.005895452802307,113.068271728217
9,458,39,23.00584031086304,113.06812053515144
9,458,40,23.005668236094127,113.06832041509163
9,458,41,23.005780834151288,113.0684938598437
9,458,42,23.005986695771096,113.0686532804648
9,458,43,23.0061332662284,113.0688104373765
9,458,44,23.00621102268293,113.06904367300422
9,458,45,23.00616895864055,113.0691381010842
9,458,46,23.006333415607408,113.06911707190578
9,458,47,23.006469164035124,113.069139857657
9,458,48,23.006467793594787,113.06926688290086
9,458,49,23.006569968089664,113.06927486902264
9,458,50,23.006594591130867,113.06917253436568
9,458,51,23.006662957163808,113.06926523222454
9,458,52,23.006553548728167,113.06931412479716
9,458,53,23.00667325768238,113.0694259401272
9,458,54,23.006820713066663,113.06930379937673
9,458,55,23.0067710799414,113.0691176983554
9,458,56,23.006651683993372,113.06907039467568
9,458,57,23.00643831449772,113.069040122691
9,458,58,23.006331858047563,113.06900040471383
9,458,59,23.006504941560586,113.06878043123324
9,458,60,23.00648908339408,113.068656401829
9,458,61,23.006379116257776,113.0686548050755
9,458,62,23.00623682769159,113.06855154408376
9,458,63,23.00653235083449,113.06844555346392
9,458,64,23.00620403455302,113.067910913051
9,458,65,23.005978098530917,113.06781767397948
9,458,66,23.006054335822547,113.0677008902481
9,458,67,23.00505112922108,113.0675599346588
9,458,68,23.00509518031905,113.0673222933482
9,458,69,23.0048986478172,113.0673023215498
9,458,70,23.00498065120873,113.06869989445288
9,458,71,23.004879820871547,113.06892948178933
9,458,72,23.00513945043982,113.06940740294915
9,458,73,23.00504352719281,113.0695268716048
9,458,74,23.00597728275225,113.06963778314906
9,458,75,23.005988281731867,113.06949496931722
9,458,76,23.006174686889278,113.06960499735182
9,458,77,23.00612935307397,113.06984822212894
9,458,78,23.00583778658148,113.06874974436582
9,458,79,23.00573988150863,113.06877174061226
9,603,0,23.0025507753353,113.0644071240248
9,603,1,23.00172810576476,113.0639386574297
9,775,0,23.00361157816128,113.07116009527144
9,775,1,23.003599797370075,113.07163854879632
9,775,2,23.003430944117603,113.07164473220614
9,775,3,23.003542646912617,113.07180246964172
9,775,4,23.003657563411757,113.0718504421771
9,775,5,23.00377593707686,113.0717180241016
9,775,6,23.00392786126718,113.07178396596493
9,775,7,23.00403804049961,113.07204439173286
9,775,8,23.00383212865285,113.07213850404032
9,775,9,23.00385577796672,113.07228573273142
9,775,10,23.003750971468868,113.07224569535136
9,775,11,23.003703857070036,113.07233773903418
9,775,12,23.003562778393523,113.07235543930447
9,775,13,23.00358785035965,113.07246306055924
9,775,14,23.00350558980951,113.07253786412028
9,775,15,23.00340116144661,113.0725603843442
9,775,16,23.00340408854432,113.07267477282414
9,775,17,23.00331122503714,113.0727251453305
9,775,18,23.003261102050544,113.07262068982168
9,775,19,23.00318894988024,113.07253386584404
9,775,20,23.00327023755552,113.0724709773226
9,775,21,23.00331389463876,113.07258354219825
9,775,22,23.003453467319456,113.07258794699206
9,775,23,23.00355184291664,113.07261441111966
9,775,24,23.003446140854464,113.07273120346326
9,775,25,23.00333074058668,113.07278124413844
9,775,26,23.00321121041032,113.07279362669904
9,775,27,23.0031032251593,113.0727551400184
9,775,28,23.003025275887925,113.07267005205674
9,775,29,23.00312442752822,113.07264033223215
9,775,30,23.003174621102577,113.07286283664052
9,775,31,23.00293008501032,113.07269794506723
9,775,32,23.002951103494617,113.0725973358266
9,775,33,23.003007280182494,113.07250712229344
9,775,34,23.00309526885325,113.07240113332688
9,775,35,23.00317447226144,113.072228340555
9,775,36,23.00342908367653,113.07212177984296
9,775,37,23.00352549736554,113.07225330044236
9,775,38,23.00340596415627,113.0724343603778
9,775,39,23.003647467307943,113.07217492388124
9,775,40,23.003687364415494,113.0720650930125
9,775,41,23.003196917505456,113.07201191849316
9,775,42,23.002732838495884,113.07248208258908
9,775,43,23.002845444597284,113.07261356878048
9,775,44,23.00275533499907,113.07273790618196
9,775,45,23.00279984583788,113.07285923284108
9,775,46,23.00269533290765,113.07286618996616
9,775,47,23.00260705587213,113.07280827692928
9,775,48,23.00264150528107,113.0726941810375
9,775,49,23.002611130593888,113.07285397290616
9,775,50,23.002498657267,113.07274726456345
9,775,51,23.00242830944284,113.0726619227442
9,775,52,23.002424491073025,113.07278720964928
9,775,53,23.002425253888998,113.07289137468996
9,775,54,23.002263929202023,113.07294228899582
9,775,55,23.00224324518853,113.07284109810766
9,775,56,23.00214388994509,113.0727198909296
9,775,57,23.00200704294207,113.07258145719004
9,775,58,23.002299531326123,113.07257933393102
9,775,59,23.00246456373112,113.07216626754996
9,775,60,23.00236634901826,113.07166887814536
9,775,61,23.00248609768527,113.07147051038842
9,775,62,23.002439129412327,113.0712238090226
9,775,63,23.00201862682538,113.07156929218988
9,775,64,23.001904397015817,113.07111005643344
9,775,65,23.00176116062717,113.07063741025532
9,775,66,23.00088698816759,113.07092523344276
9,775,67,23.000756952280064,113.07174280575188
9,775,68,23.00101123984141,113.0721777145236
9,775,69,23.0011567044296,113.07232512137192
9,775,70,23.001494976542563,113.07257119044912
9,775,71,23.001497277451357,113.07278378634597
9,775,72,23.001755022911745,113.07299356740954
9,775,73,23.00261784586181,113.07295702338628
9,775,74,23.00355420441285,113.07280174886172
9,775,75,23.002849049336117,113.0706095699556
9,775,76,23.00276048063275,113.0704755315425
9,775,77,23.003116397413315,113.07022390037444
9,775,78,23.002193327918,113.06962795987825
9,775,79,23.0020456643006,113.06822636071426
9,775,80,23.000137800315624,113.071665316703
9,775,81,23.000037423124034,113.07166260827243
9,775,82,22.99996352554765,113.07210418259756
9,775,83,22.999949286142453,113.07237586116231
9,775,84,23.00068921102138,113.07242206882287
9,775,85,22.999513378365176,113.0715266654761
9,775,86,22.99924273836235,113.07167651549172
10,21,0,22.985402183812955,113.0841658487335
10,21,1,22.98488868950209,113.0863869129062
10,21,2,22.983280616810635,113.08648915161211
10,21,3,22.983379310770275,113.08703800661785
10,21,4,22.98281845108025,113.08785648038344
10,21,5,22.982135290077903,113.08751743293104
10,21,6,22.981957164107445,113.08731683652296
10,21,7,22.98189228239828,113.08822528918212
10,21,8,22.982177674093226,113.08875257819868
10,21,9,22.980915485069435,113.08863741437064
10,21,10,22.98073058616901,113.08861271949868
10,21,11,22.98063835897725,113.08868100481048
10,21,12,22.98050961403876,113.08871584451742
10,21,13,22.98049406826831,113.08860135139562
10,21,14,22.980444544964463,113.0886926581612
10,21,15,22.980353692377964,113.08875609834688
10,21,16,22.980310953666784,113.08859973968836
10,21,17,22.980191286157712,113.0885490716823
10,21,18,22.98029165718033,113.0884763275062
10,21,19,22.980411944393893,113.08848911827548
10,21,20,22.98050925242989,113.08856133584987
10,21,21,22.98061638265184,113.08846917379536
10,21,22,22.98055216842446,113.08837232469712
10,21,23,22.98045625611173,113.08828375051108
10,21,24,22.980596467697737,113.08831310173812
10,21,25,22.98067641987057,113.08842903099551
10,21,26,22.98080220182104,113.0883710046463
10,21,27,22.980915244291968,113.08830919636648
10,21,28,22.98077574732889,113.08814283372378
10,21,29,22.98059916649931,113.08805754502886
10,21,30,22.98056928529233,113.08794813898236
10,21,31,22.98048533205312,113.08806615965024
10,21,32,22.98052382990727,113.08816244442454
10,21,33,22.98037513464272,113.0881057725207
10,21,34,22.980324608365592,113.08829295034312
10,21,35,22.980339031023348,113.08839452574944
10,21,36,22.9804086027382,113.08857560899462
10,21,37,22.980204039383285,113.08864815091404
10,21,38,22.98018671327335,113.0887801157148
10,21,39,22.980146080483973,113.08887261348376
10,21,40,22.980019350155366,113.0888851784852
10,21,41,22.98011265688719,113.08898271025514
10,21,42,22.980223232037904,113.08904746081348
10,21,43,22.98029330640292,113.08894913782964
10,21,44,22.980406877757705,113.08890096102172
10,21,45,22.980475416752245,113.088819601089
10,21,46,22.98046794429138,113.08892647514747
10,21,47,22.980603006205,113.08895792115436
10,21,48,22.98051676793397,113.08907976285082
10,21,49,22.98032219387092,113.0891286043348
10,21,50,22.98021775184477,113.08915573825516
10,21,51,22.98013867674004,113.08904280530578
10,21,52,22.980087469248694,113.08913455795216
10,21,53,22.97996343373528,113.08908897316172
10,21,54,22.97987390477501,113.08903399730288
10,21,55,22.97997584358077,113.08897840227988
10,21,56,22.97990204198892,113.08887961923097
10,21,57,22.980029345568227,113.088774700708
10,21,58,22.98011786144418,113.08860840602875
10,21,59,22.9802022965879,113.08889260740791
10,21,60,22.980505961224864,113.08877140122216
10,21,61,22.980608264491018,113.088799476285
10,21,62,22.98079985657114,113.08889048442418
10,21,63,22.98092326515042,113.08898896653793
10,21,64,22.980522829147937,113.08934285441912
10,21,65,22.980387043361414,113.08943795366277
10,21,66,22.98017750388405,113.0895278252948
10,21,67,22.980082010350984,113.08940831547145
10,21,68,22.980184132035347,113.08929743049109
10,21,69,22.980123426712435,113.08921654250388
10,21,70,22.980036048463905,113.08927160115698
10,21,71,22.979967866884067,113.0891602135509
10,21,72,22.979803881014572,113.08936346123303
10,21,73,22.979949705472936,113.08951300019264
10,21,74,22.98024895656321,113.08970427801582
10,21,75,22.98025970083566,113.08980403667202
10,21,76,22.98011733636472,113.08998855944364
10,21,77,22.980204845626574,113.0900800302492
10,21,78,22.98040054554724,113.09006974713142
10,21,79,22.980394573250862,113.0905081199337
10,21,80,22.980616315548072,113.09090315383482
10,21,81,22.98137252247866,113.09135350338929
10,21,82,22.981494997869152,113.08998166181676
10,21,83,22.98095871864046,113.08787279249384
10,21,84,22.9807885103362,113.0878572038567
10,21,85,22.98087965395417,113.087615624342
10,21,86,22.980151818633303,113.08794593896924
10,21,87,22.979788875449906,113.09187269619912
10,21,88,22.98407067131778,113.08948458866227
10,21,89,22.98660637849576,113.08737163470488
10,21,90,22.987769987587225,113.09088941188512
10,21,91,22.987910329061062,113.08209811990795
10,21,92,22.985582853261118,113.09996181578568
10,775,0,22.988563916249365,113.07769683234297
10,775,1,22.989475623808264,113.07828996140194
10,775,2,22.98949599404573,113.07867595190967
10,775,3,22.989599150376662,113.07883654938504
10,775,4,22.99020571759346,113.07852537146816
10,775,5,22.990276849884783,113.0781099001031
10,775,6,22.99037546562028,113.07800651835193
10,775,7,22.99049574338832,113.07801808281852
10,775,8,22.990367586939996,113.07789809297596
10,775,9,22.990144094497243,113.07798743126716
10,775,10,22.99008981835889,113.0781077345166
10,775,11,22.990025324278243,113.07785821196472
10,775,12,22.99050057780332,113.07772452190773
10,775,13,22.99061099427832,113.07770183889748
10,775,14,22.99062961011237,113.0778199339905
10,775,15,22.990734966287743,113.07768926033437
10,775,16,22.99081248605288,113.0775850229334
10,775,17,22.99081363449329,113.07746579746708
10,775,18,22.990712474583617,113.0774735204553
10,775,19,22.990623868563706,113.07756391791878
10,775,20,22.99055875106617,113.07748674326125
10,775,21,22.990507943361017,113.07757525060876
10,775,22,22.99078468509865,113.07775461232
10,775,23,22.99094479894616,113.07779629213682
10,775,24,22.990880226649534,113.07761311319476
10,775,25,22.990972365471457,113.07757026812467
10,775,26,22.99093935945456,113.07744801337388
10,775,27,22.991041592920205,113.07744931159934
10,775,28,22.991138180878263,113.07750404003588
10,775,29,22.99121199359807,113.07757715974216
10,775,30,22.99129206992832,113.07766632419468
10,775,31,22.99124378754992,113.07776555048096
10,775,32,22.991360229763107,113.0777865375434
10,775,33,22.99146914592471,113.07769733381186
10,775,34,22.99152852807175,113.07760398783122
10,775,35,22.99147523603045,113.07751767471676
10,775,36,22.99137521961609,113.07753439966524
10,775,37,22.99131302384468,113.0774253672612
10,775,38,22.99124527372601,113.0773199635726
10,775,39,22.991465880982545,113.07741758414038
10,775,40,22.991585659141855,113.07745808089042
10,775,41,22.99158833904048,113.0775644957976
10,775,42,22.99153083962315,113.0776922680448
10,775,43,22.99155233328367,113.07781691660377
10,775,44,22.99168601410517,113.07773226656376
10,775,45,22.991745532360294,113.07762951130324
10,775,46,22.991734113418737,113.0774914510107
10,775,47,22.99164536151674,113.07744469334692
10,775,48,22.991704542766414,113.07732617536564
10,775,49,22.991891058885617,113.07736690765395
10,775,50,22.991979486918726,113.07729355966067
10,775,51,22.99207233739461,113.07723928770598
10,775,52,22.992205648854533,113.07729516986883
10,775,53,22.99238542556783,113.0771902120142
10,775,54,22.99265518610069,113.07714415974571
10,775,55,22.992732522671524,113.07751712402504
10,775,56,22.992274110170637,113.07748847425896
10,775,57,22.992049096452263,113.07747796776222
10,775,58,22.99185604535,113.07759157710248
10,775,59,22.991948780632796,113.07779511320196
10,775,60,22.99178327891618,113.0778207903124
10,775,61,22.991446320275305,113.07763165204864
10,775,62,22.99134077244865,113.07761011387794
10,775,63,22.99122770156885,113.0776836572373
10,775,64,22.991138406298667,113.0775817139547
10,775,65,22.991127558181688,113.07784709702744
10,775,66,22.99133426991052,113.07783564370844
10,775,67,22.990874227467124,113.0779785726331
10,775,68,22.99079265330231,113.0782262101885
10,775,69,22.99068949885161,113.07828147187304
10,775,70,22.990935817862347,113.0782770096449
10,775,71,22.99115484464789,113.07707921047006
10,775,72,22.991593381631585,113.07708294200576
10,775,73,22.992192729131222,113.0776872053352
10,775,74,22.993266128511237,113.07736987068198
10,775,75,22.993690809301967,113.07820516023264
10,775,76,22.99105571610511,113.08001553356075
10,775,77,22.990367625435542,113.0769661707854
10,775,78,22.99083480182429,113.07558362876593
10,775,79,22.989297110764312,113.07555218471326
10,775,80,22.989796795210165,113.07379756535576
10,775,81,22.991215987141448,113.07389170034276
10,775,82,22.99126834759171,113.0723719080255
10,775,83,22.99284368212656,113.0747268588592
10,775,84,22.99290235234935,113.07488932075304
10,775,85,22.99235984744066,113.07528039191251
10,775,86,22.994557723343338,113.07084170787662
10,775,87,22.99571806660673,113.0707091279348
10,775,88,22.989276691856112,113.08733739435664
11,38,0,23.141258963894767,112.90204713534148
11,38,1,23.140752120829607,112.9030968280966
11,38,2,23.139585851504734,112.90260098101278
11,38,3,23.1391231525647,112.90285624504536
11,38,4,23.139173936579613,112.90317695165407
11,38,5,23.139278638589776,112.90321601119786
11,38,6,23.139191313654493,112.90337371059884
11,38,7,23.139107488398107,112.9034348325941
11,38,8,23.13908580738346,112.9035412113732
11,38,9,23.139054692667845,112.90369448251144
11,38,10,23.1390626808116,112.90379535808933
11,38,11,23.138944577307143,112.9038706853126
11,38,12,23.138831060489835,112.90388706289976
11,38,13,23.138822102312663,112.90399112178784
11,38,14,23.13882682706397,112.9041253452455
11,38,15,23.138748153025468,112.90419146600462
11,38,16,23.13869942291265,112.90429931459008
11,38,17,23.138555207778165,112.90417778002303
11,38,18,23.13860307322247,112.90408074682634
11,38,19,23.13867848408084,112.90399533791884
11,38,20,23.13857747598433,112.90392836463792
11,38,21,23.138529067746177,112.9038378489999
11,38,22,23.138709947572565,112.9038104816616
11,38,23,23.138842066086305,112.90376195129868
11,38,24,23.138749958971115,112.90387801616085
11,38,25,23.138682718534767,112.9037287753426
11,38,26,23.13870575069149,112.90360853986292
11,38,27,23.13881229717364,112.90363767185885
11,38,28,23.138986712959632,112.90347276456905
11,38,29,23.13906931885837,112.90332656755342
11,38,30,23.139057907598527,112.90320586271318
11,38,31,23.138423214582847,112.903335322977
11,38,32,23.138522297372173,112.9035954611473
11,38,33,23.13852891916186,112.9037019253527
11,38,34,23.138471749315435,112.9039876944762
11,38,35,23.1385576688235,112.90406600542548
11,38,36,23.138471555862548,112.90412671662858
11,38,37,23.13851424457154,112.90425813550586
11,38,38,23.138388940865724,112.90417911180384
11,38,39,23.1383926255066,112.9040272329079
11,38,40,23.138287989531197,112.90402462094116
11,38,41,23.1381734927669,112.90410102143365
11,38,42,23.138094580342727,112.90403743506806
11,38,43,23.137971672281054,112.90409184719768
11,38,44,23.13793174960642,112.90394283677595
11,38,45,23.13774951557629,112.90393517942375
11,38,46,23.137768364707437,112.90403747909176
11,38,47,23.137764679443617,112.90417832704529
11,38,48,23.137707556619183,112.90408354878636
11,38,49,23.137607727393288,112.90407515618952
11,38,50,23.13766363410796,112.90398916653145
11,38,51,23.137526299869734,112.90399260973356
11,38,52,23.137427843405145,112.90409972312798
11,38,53,23.13741123652976,112.90421802836336
11,38,54,23.13751626270896,112.9042582685414
11,38,55,23.13757243445964,112.9043534446443
11,38,56,23.137668088006663,112.90428572014017
11,38,57,23.13783760732642,112.90426232624856
11,38,58,23.13799221552684,112.9042345178318
11,38,59,23.13809811369625,112.90434331594868
11,38,60,23.138012653117723,112.90442786127184
11,38,61,23.137858869148783,112.90444342114606
11,38,62,23.137749161781723,112.90453103166732
11,38,63,23.13765190088163,112.90449368367048
11,38,64,23.13749670282494,112.90439336457092
11,38,65,23.137430000792264,112.9044914397305
11,38,66,23.13731313664707,112.904562344169
11,38,67,23.137187559241383,112.90451167549377
11,38,68,23.137468053000216,112.9047533275192
11,38,69,23.13758644386096,112.90465786261284
11,38,70,23.137702021916496,112.9046136379036
11,38,71,23.13766135010705,112.90472666301844
11,38,72,23.13773067535264,112.904841324989
11,38,73,23.137929869443507,112.90462381612788
11,38,74,23.13757625727338,112.90412942855176
11,38,75,23.137319763899203,112.90415388901803
11,38,76,23.137318196176377,112.90399313625136
11,38,77,23.137386954806324,112.9038760348464
11,38,78,23.1374516582044,112.9037594652602
11,38,79,23.13727808077998,112.9037953862939
11,38,80,23.137613425517245,112.90385405847348
11,38,81,23.137719624930767,112.90386316490212
11,38,82,23.138682315618414,112.90412765379564
11,38,83,23.13888951694338,112.90401590496546
11,38,84,23.139003466433888,112.90396568844535
11,38,85,23.13896435602956,112.90431180769926
11,38,86,23.1388470676183,112.90430455786765
11,38,87,23.13873760915616,112.90436813017465
11,38,88,23.139181319222487,112.90437516585573
11,38,89,23.139190673970923,112.90450028994402
11,38,90,23.1400183742085,112.90479747268787
11,38,91,23.140349763264076,112.90433548681878
11,38,92,23.13990553777851,112.90558365547636
11,38,93,23.137754571222438,112.90525787461672
11,38,94,23.137594915821797,112.905171201237
11,38,95,23.13729568373477,112.90539265232948
11,38,96,23.13757249505709,112.90640196961526
11,38,97,23.1378176806587,112.90728368483394
11,38,98,23.13731328366615,112.90775126960258
11,38,99,23.13738283557558,112.90930605732947
11,38,100,23.13466487320162,112.90518228912488
11,535,0,23.15224253873257,112.88327354081484
11,535,1,23.151454338315723,112.88170879781214
11,795,0,23.1454132803813,112.89634742545113
11,795,1,23.14493085317685,112.89437779304863
11,795,2,23.14549014376973,112.89317525353752
11,795,3,23.145555627225114,112.89301471147412
11,795,4,23.14577592571834,112.89323335601298
11,795,5,23.145957044666325,112.89302890772048
11,795,6,23.146086800513647,112.89290167579696
11,795,7,23.14619811504944,112.89288514853448
11,795,8,23.146285309977788,112.8929754615046
11,795,9,23.146338837675472,112.89283622957302
11,795,10,23.146409804964904,112.89273170417884
11,795,11,23.146411794156464,112.89262318684976
11,795,12,23.146390234904278,112.89252506246504
11,795,13,23.146352525154203,112.89243129253924
11,795,14,23.14649672372876,112.89234978015963
11,795,15,23.14638956126317,112.89220655988936
11,795,16,23.146282343542264,112.8922597178649
11,795,17,23.14613468041736,112.89208472100704
11,795,18,23.146075437223043,112.89225003899529
11,795,19,23.14620848594911,112.89240682683972
11,795,20,23.146189973764567,112.89252153643298
11,795,21,23.146137266330957,112.89263746513666
11,795,22,23.146231896036483,112.89272340641617
11,795,23,23.14644082448581,112.89265795461918
11,795,24,23.1465608137086,112.89269791860228
11,795,25,23.146636723375703,112.89262317025542
11,795,26,23.14657187417277,112.89250755553384
11,795,27,23.1464986572852,112.89243694015776
11,795,28,23.1465712688476,112.89235785742773
11,795,29,23.146904903225156,112.89252205453566
11,795,30,23.14690460503082,112.8926462507549
11,795,31,23.14700863752069,112.89271457066889
11,795,32,23.147085915720275,112.89278780113015
11,795,33,23.147217111833672,112.89280478208656
11,795,34,23.1473269114389,112.89281830017124
11,795,35,23.14738565547019,112.89269927899518
11,795,36,23.14738114205644,112.89258900329442
11,795,37,23.1472504498064,112.8925410650003
11,795,38,23.14732370149213,112.8924519311065
11,795,39,23.14724609689024,112.89230072495388
11,795,40,23.14734117995458,112.8922540364336
11,795,41,23.147395208739507,112.89240702944618
11,795,42,23.147480882484704,112.89248252554546
11,795,43,23.147470778148367,112.8923545782438
11,795,44,23.147465588497894,112.89222298203494
11,795,45,23.14765420547188,112.89208622720857
11,795,46,23.147798048286703,112.89204330260787
11,795,47,23.1478822950214,112.89211515090386
11,795,48,23.14777872217794,112.8922062971209
11,795,49,23.14768937943509,112.8924082772278
11,795,50,23.147590099403605,112.89250782660956
11,795,51,23.14749896568592,112.89256925372466
11,795,52,23.147326244418952,112.89263779172026
11,795,53,23.147233569474757,112.89270985594668
11,795,54,23.147070658176823,112.89263934744632
11,795,55,23.147076304485665,112.8925044721858
11,795,56,23.14699020423103,112.89228789000056
11,795,57,23.147190033901094,112.89217673185892
11,795,58,23.147370985499272,112.89195672909784
11,795,59,23.147544042715367,112.89183047240007
11,795,60,23.1478479456034,112.89188185389963
11,795,61,23.148073737300468,112.8918617834338
11,795,62,23.14833207623148,112.89149408575464
11,795,63,23.147634678370636,112.8926812209298
11,795,64,23.14743169506579,112.89280321918714
11,795,65,23.147406081855596,112.89291132370926
11,795,66,23.147545548616066,112.89302300318244
11,795,67,23.14723410466219,112.89302491392984
11,795,68,23.147192897900226,112.89291766066258
11,795,69,23.14701345891497,112.89266859996266
11,795,70,23.146743720265867,112.8927405229078
11,795,71,23.146690840624025,112.8928547169288
11,795,72,23.14652514319801,112.89295748080364
11,795,73,23.146207431722456,112.8931617003854
11,795,74,23.146029807048137,112.8928669482492
11,795,75,23.146032931127724,112.8927368149699
11,795,76,23.14595631375892,112.89258650620248
11,795,77,23.14584917401777,112.89276019340583
11,795,78,23.14587629411736,112.89291816224544
11,795,79,23.14570151498869,112.89265274392191
11,795,80,23.14570914800084,112.89227420100036
11,795,81,23.146016268345484,112.89171755101076
11,795,82,23.14628119028392,112.89151348313388
11,795,83,23.14649300782871,112.89176563197108
11,795,84,23.146353271413304,112.89212174488952
11,795,85,23.14554960521823,112.89102538780462
11,795,86,23.145422897459348,112.89104286164702
11,795,87,23.145161008980924,112.89007325275648
12,1188,0,23.07193424949564,112.97526798269362
12,1188,1,23.068473910991003,112.97337454102886
12,1188,2,23.06765899416549,112.9737621418196
12,1188,3,23.067437342164745,112.97414554611152
12,1188,4,23.067190226358004,112.97407866539112
12,1188,5,23.067086239549955,112.97403445785883
12,1188,6,23.0667750038383,112.97389116397576
12,1188,7,23.06659887976236,112.9742436698124
12,1188,8,23.06642674486373,112.97440600894832
12,1188,9,23.06644528917083,112.97453220297686
12,1188,10,23.066313913125267,112.97448814638292
12,1188,11,23.066367728658232,112.9746314971499
12,1188,12,23.06627481113504,112.97474011181066
12,1188,13,23.066176692992965,112.97483401414844
12,1188,14,23.06604545026767,112.97478608884482
12,1188,15,23.065905619991867,112.97481333721277
12,1188,16,23.06580516972809,112.9748909406938
12,1188,17,23.06566860310643,112.97493778611612
12,1188,18,23.06556983767185,112.97497436462912
12,1188,19,23.06548773794541,112.9749120969046
12,1188,20,23.06559565931633,112.97481656000492
12,1188,21,23.06554421685547,112.97469936062404
12,1188,22,23.065447079040823,112.97472868763585
12,1188,23,23.06535348848347,112.97478729671288
12,1188,24,23.06533912887917,112.9746502174748
12,1188,25,23.06547988690043,112.97460734514397
12,1188,26,23.06557434408605,112.97456708275584
12,1188,27,23.065609750331785,112.97467151943655
12,1188,28,23.065718926732256,112.974705904428
12,1188,29,23.065833803645123,112.97467042150684
12,1188,30,23.065746741699,112.97478600249192
12,1188,31,23.065637855358386,112.9747467632631
12,1188,32,23.06566723903397,112.97487450508996
12,1188,33,23.06562294260681,112.9751314627689
12,1188,34,23.065514261926022,112.97518944388771
12,1188,35,23.06540879326831,112.975034124821
12,1188,36,23.06584735424513,112.97495831964166
12,1188,37,23.06578474283361,112.97461270243416
12,1188,38,23.06572805866633,112.97450756474434
12,1188,39,23.06571753199456,112.97439739091932
12,1188,40,23.06555012294599,112.97430010548136
12,1188,41,23.06544389785344,112.97431421757148
12,1188,42,23.06537636106355,112.97446168613328
12,1188,43,23.065497902708923,112.97450166726009
12,1188,44,23.06589974096659,112.9745995201343
12,1188,45,23.06607862799937,112.97442009137905
12,1188,46,23.06618623322255,112.97433995266672
12,1188,47,23.06607675609322,112.9740867246912
12,1188,48,23.06587051970529,112.9742421538464
12,1188,49,23.065704253952177,112.97391882566124
12,1188,50,23.06537000818907,112.97352728958433
12,1188,51,23.06521034931512,112.9734742396035
12,1188,52,23.064980736412604,112.97357586118254
12,1188,53,23.06486336193167,112.97363696887628
12,1188,54,23.064854637734808,112.97378779455866
12,1188,55,23.06474431486431,112.9738138949606
12,1188,56,23.064761834006383,112.97392841778505
12,1188,57,23.06475959299719,112.9740354372798
12,1188,58,23.064640224416667,112.97399249100384
12,1188,59,23.06456711945369,112.9739148653149
12,1188,60,23.064460724100343,112.97382303158848
12,1188,61,23.06443186353155,112.9739909392338
12,1188,62,23.0642764097952,112.9740582902276
12,1188,63,23.064294744669,112.97417303146712
12,1188,64,23.06439521812293,112.97423418827935
12,1188,65,23.064518891799032,112.97425741188628
12,1188,66,23.064531269343156,112.97414556453212
12,1188,67,23.064697065650027,112.97410256894749
12,1188,68,23.064713455425803,112.97420474242892
12,1188,69,23.064750565022354,112.9743430550204
12,1188,70,23.064624190737447,112.97435017761048
12,1188,71,23.064595643539665,112.97447809982418
12,1188,72,23.064846052189345,112.97422553434228
12,1188,73,23.064894779886565,112.9740954079399
12,1188,74,23.06491148807667,112.97399426256416
12,1188,75,23.065018912142413,112.97387550505076
12,1188,76,23.065098240936184,112.97394735403716
12,1188,77,23.065062774950853,112.97410114672353
12,1188,78,23.064973296653445,112.97418615486244
12,1188,79,23.064984735916084,112.97430380014568
12,1188,80,23.06495763451716,112.9744240225869
12,1188,81,23.06519278407193,112.97454083922204
12,1188,82,23.06519291710465,112.974234749748
12,1188,83,23.064967394374428,112.97380709746712
12,1188,84,23.064797797469385,112.97346445730268
12,1188,85,23.06480369656328,112.97316034963808
12,1188,86,23.0649894429728,112.97282505718528
12,1188,87,23.06551545683676,112.97245436670764
12,1188,88,23.065611855810893,112.97256747946427
12,1188,89,23.065794430710465,112.97316863569246
12,1188,90,23.06446688148326,112.97354290653882
12,1188,91,23.06435576351312,112.9736250074622
12,1188,92,23.064160374612385,112.97398865025646
12,1188,93,23.064380011139928,112.97413364582624
12,1188,94,23.063929763721216,112.97458285854285
12,1188,95,23.063735976622787,112.97476850845987
12,1188,96,23.063083231493746,112.97464286394914
12,1188,97,23.063106239458065,112.9740880823942
12,1188,98,23.062792810121028,112.9741323614054
12,1188,99,23.062083159692904,112.9746081042458
12,1188,100,23.06079196929387,112.97465830175422
12,1188,101,23.06126094829501,112.97350244485315
12,1188,102,23.060602248254124,112.97135000361284
12,1188,103,23.06642594931934,112.9748043087062
12,1188,104,23.07350893130837,112.96755603789693
12,1188,105,23.05521094546859,112.97648457615848
12,66,0,23.080381880417743,112.9671005707488
12,66,1,23.08032544971575,112.96654335907104
12,66,2,23.0805308639838,112.96578139003805
12,66,3,23.081682253134275,112.96688206925631
12,66,4,23.082241008825616,112.96644103213043
12,66,5,23.08247066212836,112.9670018535218
12,66,6,23.08300732888754,112.9667846866428
12,66,7,23.082928761514506,112.96652494802971
12,66,8,23.083161504301053,112.96629220347754
12,66,9,23.083325798640598,112.9661674785638
12,66,10,23.083455543212622,112.96624718083648
12,66,11,23.08353781212279,112.96632750372348
12,66,12,23.083718348706988,112.9662906893011
12,66,13,23.083722041002893,112.96612795679648
12,66,14,23.08378378392135,112.96602992790989
12,66,15,23.083896442692154,112.96600546237327
12,66,16,23.084036362204326,112.96598308074957
12,66,17,23.084123225822097,112.96610350214164
12,66,18,23.08405847745183,112.96621778427163
12,66,19,23.084056188637643,112.9663272040807
12,66,20,23.08392291952892,112.96629507768068
12,66,21,23.083877081909403,112.9661952138012
12,66,22,23.083901943080967,112.96636790891635
12,66,23,23.083757117897303,112.9663905297994
12,66,24,23.08363658047873,112.96645807945804
12,66,25,23.083460334421112,112.96647322928804
12,66,26,23.083595664817874,112.96619430116972
12,66,27,23.083715535455877,112.96591317542644
12,66,28,23.083825411447904,112.96590753189965
12,66,29,23.08398009661189,112.96579897361484
12,66,30,23.084078019779845,112.965768988531
12,66,31,23.08418047780761,112.96571790373108
12,66,32,23.084159755164052,112.96583679901242
12,66,33,23.084181535630638,112.96596359967988
12,66,34,23.08427821215782,112.9660278268137
12,66,35,23.08429431868773,112.96586730397404
12,66,36,23.084084205585096,112.96590780685338
12,66,37,23.083996245363046,112.966117283353
12,66,38,23.084476507262973,112.96618959540552
12,66,39,23.08460594120291,112.96618554253348
12,66,40,23.084689234274848,112.96624286062864
12,66,41,23.084644245548706,112.96634402613222
12,66,42,23.08474110310171,112.9663732179728
12,66,43,23.08473801832348,112.96649849100802
12,66,44,23.08475140529293,112.96634431658543
12,66,45,23.08485715464232,112.96633576236036
12,66,46,23.08494746000118,112.96625627241838
12,66,47,23.08501880198131,112.96617325583829
12,66,48,23.084942154311225,112.96608255780104
12,66,49,23.08498336114384,112.96597194383332
12,66,50,23.08507086213672,112.9660348489858
12,66,51,23.085109788418592,112.96613890242408
12,66,52,23.085162329397363,112.96624205630388
12,66,53,23.085274544218912,112.96611810422496
12,66,54,23.085230567125087,112.96600429257478
12,66,55,23.085361220726845,112.9659721738368
12,66,56,23.08544908813024,112.96603834428086
12,66,57,23.08553537759178,112.96592331070022
12,66,58,23.08566025971652,112.96577696202404
12,66,59,23.085625701764897,112.96568049619349
12,66,60,23.085450017259163,112.96566911967622
12,66,61,23.085270463462333,112.965720433133
12,66,62,23.085118511826195,112.96569062924604
12,66,63,23.08508891188075,112.96586655738204
12,66,64,23.08512447760088,112.9660188082641
12,66,65,23.085051625603427,112.96622179620738
12,66,66,23.08502922293872,112.9663829365507
12,66,67,23.084945041141776,112.96620571966072
12,66,68,23.08485980124966,112.96613787430692
12,66,69,23.08475155812376,112.96614172094426
12,66,70,23.084767943208725,112.96630382076332
12,66,71,23.08478623944258,112.96602233050888
12,66,72,23.085772991365275,112.96533930656156
12,66,73,23.08612816912564,112.9654844129766
12,66,74,23.086062617223117,112.96561478232913
12,66,75,23.086678591077916,112.96541235288758
12,66,76,23.08669462457468,112.96493827798984
12,66,77,23.086386819688688,112.96503764479728
12,66,78,23.087001205911577,112.9650477968721
12,66,79,23.08702634855866,112.96440596840286
12,66,80,23.087350015854057,112.9643664088841
12,66,81,23.086914515172893,112.96378295516904
12,66,82,23.08730301429664,112.96339314777032
12,66,83,23.088207592056836,112.9628839731227
12,66,84,23.08678768302124,112.96183153343748
12,66,85,23.084808823476557,112.96111031570814
12,66,86,23.085991507777862,112.96442334650604
12,66,87,23.08337116652812,112.96598928178854
12,66,88,23.08266823595919,112.96512857534132
12,66,89,23.078480849685384,112.96443460997904
12,66,90,23.070652825046437,112.9634387206351
12,66,91,23.090579183359115,112.95964663499086
12,66,92,23.09201063161823,112.95303112186534
13,311,0,23.10599243951793,113.61706267535703
13,311,1,23.106263279558387,113.616793259728
13,311,2,23.10614280947328,113.61652877596369
13,311,3,23.105905435366964,113.61642543801992
13,311,4,23.106053426304147,113.61619305537153
13,311,5,23.10620361114834,113.6160353971597
13,311,6,23.10638553028805,113.61620239136448
13,311,7,23.106355595096574,113.61631172434149
13,311,8,23.106436360798373,113.61641461689445
13,311,9,23.10655894913991,113.61638438517912
13,311,10,23.106475606305587,113.61649008722628
13,311,11,23.10654994156689,113.6161562990819
13,311,12,23.10642959814882,113.61603339628952
13,311,13,23.10645629057819,113.61585503837809
13,311,14,23.106655720585653,113.61583164303843
13,311,15,23.106700898204544,113.6159279810338
13,311,16,23.106538323773893,113.6156545998415
13,311,17,23.106382777705004,113.61557542984497
13,311,18,23.10636938783392,113.6154717338223
13,311,19,23.106272724380283,113.61532718088615
13,311,20,23.10610759990413,113.6155770414917
13,311,21,23.10619097395645,113.61563993088606
13,311,22,23.10612848403589,113.61582200824868
13,311,23,23.10602824298517,113.6157545515612
13,311,24,23.10594523504317,113.61565792439956
13,311,25,23.10600928644988,113.61590601884348
13,311,26,23.10620990353714,113.61508721714806
13,311,27,23.10649505514696,113.61506727189976
13,311,28,23.10653372118793,113.6151756294766
13,311,29,23.106722112571337,113.61526059876708
13,311,30,23.106794031810296,113.61545453056632
13,311,31,23.107018761133254,113.61594502410956
13,311,32,23.107069244309283,113.61603567552773
13,311,33,23.10738673261681,113.61602800503604
13,311,34,23.10755819551036,113.61596426754474
13,311,35,23.107712881716413,113.6160189152804
13,311,36,23.10782058576616,113.61603726816352
13,311,37,23.10786664050085,113.61613286208195
13,311,38,23.108058519205564,113.61603102171216
13,311,39,23.10809862791858,113.61617001440912
13,311,40,23.10820730868233,113.61615105729956
13,311,41,23.108423166968585,113.61600752096945
13,311,42,23.1084082198704,113.6165510284298
13,311,43,23.10763436918492,113.6161408773606
13,311,44,23.107387219997893,113.61618493826272
13,311,45,23.10777805431969,113.61546562092036
13,155,0,23.10649896591235,113.6265649032018
13,155,1,23.106439380528364,113.62670216913708
13,155,2,23.10637907033796,113.62681081624535
13,155,3,23.106337348261107,113.6265634804851
13,155,4,23.106074091115143,113.62650489470332
13,155,5,23.10596608700244,113.62685109942063
13,155,6,23.10600196425643,113.62710226826876
13,155,7,23.10604890830853,113.62721040288126
13,155,8,23.106097679629503,113.62730538216591
13,155,9,23.106114111513087,113.62745758726824
13,155,10,23.106096590807056,113.6275766081144
13,155,11,23.10600755564072,113.62764027483055
13,155,12,23.105903854219346,113.62774906349216
13,155,13,23.105884606440224,113.6278485319442
13,155,14,23.1059488394411,113.62798355955272
13,155,15,23.106085523701413,113.6278806634844
13,155,16,23.106231422137487,113.62779065179556
13,155,17,23.10586427496393,113.62760654326452
13,155,18,23.10587616707962,113.6275066310797
13,155,19,23.1059532832265,113.62732238243244
13,155,20,23.1059063373988,113.6272297079702
13,155,21,23.10614080440916,113.62704647058531
13,155,22,23.1062342173302,113.62736572758809
13,155,23,23.10655053006304,113.62708021939332
13,155,24,23.107182865540786,113.62730177435895
13,155,25,23.107289718389083,113.62734889359989
13,155,26,23.105789090570877,113.62776501343754
13,155,27,23.105716775908867,113.62763924421252
13,155,28,23.1056920184634,113.62796481790396
13,155,29,23.10539540813564,113.6277441891411
13,155,30,23.106005748721184,113.6283502250766
13,155,31,23.106123975689997,113.62841601828671
13,155,32,23.1151990601146,113.63270323353828
13,328,0,23.081051384790072,113.61882564295736
13,328,1,23.07547700178339,113.62559487915544
13,328,2,23.075577202193,113.62627331715495
13,328,3,23.075895623068607,113.62680742773657
14,51,0,23.04431745720034,113.2117333909258
14,51,1,23.04438464868608,113.21302542139352
14,51,2,23.044368547425904,113.21313864572686
14,51,3,23.044447048214924,113.2132101978586
14,51,4,23.04431748244881,113.21320067267196
14,51,5,23.04428744474685,113.2133028746048
14,51,6,23.04439356863748,113.21336295985108
14,51,7,23.044454892953347,113.21344476894076
14,51,8,23.04446720430077,113.21354850593256
14,51,9,23.044457276731663,113.2136717880604
14,51,10,23.044375471050643,113.2137324382672
14,51,11,23.04434052292562,113.21383128328404
14,51,12,23.04448202846983,113.21381594084096
14,51,13,23.04460422764661,113.21397451484786
14,51,14,23.044391075373603,113.213928836393
14,51,15,23.04424236306117,113.21390724405477
14,51,16,23.04412918195123,113.2138466084148
14,51,17,23.044162641625466,113.21373022827154
14,51,18,23.044115443802788,113.2136341878544
14,51,19,23.044011927556426,113.21359767102398
14,51,20,23.043907151304943,113.21368039713524
14,51,21,23.04373268315345,113.21374442764728
14,51,22,23.043667114133072,113.21387785795211
14,51,23,23.04385284807988,113.21402921439652
14,51,24,23.04394884272776,113.21396702369812
14,51,25,23.044001668556906,113.2138780241222
14,51,26,23.04402862442321,113.21375980374124
14,51,27,23.043950700876465,113.2138463153099
14,51,28,23.04396341968011,113.21372759632912
14,51,29,23.04391598400765,113.21358647371883
14,51,30,23.04402646804121,113.21336051265276
14,51,31,23.04406726166142,113.21326694118116
14,51,32,23.043978094029807,113.21319543870982
14,51,33,23.043844835775232,113.2130710357317
14,51,34,23.043725052671824,113.21306932735529
14,51,35,23.043760556019304,113.21318932994718
14,51,36,23.04387601535744,113.21323215138264
14,51,37,23.04379898410886,113.21335727567184
14,51,38,23.04389922659861,113.21337357388131
14,51,39,23.04371001635459,113.21344986603184
14,51,40,23.043708336920524,113.21356187563384
14,51,41,23.043792503789625,113.21362108030658
14,51,42,23.043596881683364,113.21332531084748
14,51,43,23.043479293322637,113.21338707535637
14,51,44,23.04332260190691,113.21314671922936
14,51,45,23.0433874752872,113.21299932717176
14,51,46,23.04350062848548,113.21296329690246
14,51,47,23.04346564909553,113.2131186065876
14,51,48,23.043601440925613,113.21313717394496
14,51,49,23.0432613536257,113.2129340031142
14,51,50,23.043990952245125,113.21306115753252
14,51,51,23.04405516974034,113.21314925242832
14,51,52,23.0441656671314,113.21319323492943
14,51,53,23.044189720631422,113.2130808460193
14,51,54,23.044202191194,113.21335918090882
14,51,55,23.04424653805045,113.21348135655784
14,51,56,23.04431155243839,113.21361130844448
14,51,57,23.04429807441436,113.21372463631846
14,51,58,23.04428910742228,113.21382740417384
14,51,59,23.044249638756284,113.21367341930676
14,51,60,23.04410338440672,113.21394050213276
14,51,61,23.04410336342671,113.21411190250974
14,51,62,23.04399392282824,113.2141738336364
14,51,63,23.044136171432623,113.21424898828565
14,51,64,23.043867622998714,113.21425683554784
14,51,65,23.043727050990118,113.21413795997805
14,51,66,23.042903930885352,113.2143750791984
14,51,67,23.04447769534022,113.21330963870447
14,51,68,23.04455713123341,113.21337347064858
14,51,69,23.0446610428081,113.21341030559276
14,51,70,23.04469070790794,113.21328516526246
14,51,71,23.044596009105547,113.21323637256567
14,51,72,23.044711283700146,113.21318838518036
14,51,73,23.044589357002323,113.21313774549466
14,51,74,23.04488236001246,113.21327934269362
14,51,75,23.04484251068977,113.21337768498591
14,51,76,23.044732872543147,113.21346556731396
14,51,77,23.04518390826782,113.21310283505858
15,238,0,23.247595759218243,112.817274432891
15,238,1,23.24772622423621,112.81726459134164
15,238,2,23.247852537427757,112.81723395587582
15,238,3,23.2479051021634,112.81738656507616
15,238,4,23.247792799461543,112.81741709228326
15,238,5,23.248268075096608,112.81817344590785
15,238,6,23.24832198708051,112.81833951408576
15,238,7,23.24825006025588,112.8184151489074
15,238,8,23.248296401561127,112.81857087974412
15,238,9,23.248406093960472,112.81850111417562
15,238,10,23.24851002304436,112.81852134117158
15,238,11,23.248463615069685,112.81864527634735
15,238,12,23.24849393412161,112.81874172525544
15,238,13,23.248340326056724,112.81871397642244
15,238,14,23.24829704844303,112.81899499282382
15,618,0,23.158206741807778,112.82796990358072
15,618,1,23.159480392053023,112.82994447538285
15,618,2,23.159277986505053,112.83042905975586
15,618,3,23.159084570582877,112.83042183904138
15,618,4,23.158886325935185,112.8302964529509
15,618,5,23.158850994207544,112.83054955486678
15,618,6,23.158706095892125,112.83061524956804
15,618,7,23.15859491552326,112.83065331679792
15,618,8,23.15852058651986,112.83078253260202
15,618,9,23.158698257881337,112.83076030397666
15,618,10,23.158835052023907,112.83073730539938
15,618,11,23.15897988309885,112.83068795922802
15,618,12,23.15895604025008,112.8308382832824
15,618,13,23.15898447073111,112.83098393385868
15,618,14,23.15887044837236,112.83094085692122
15,618,15,23.15896393307764,112.83106977756128
15,618,16,23.158959500813367,112.83121019693463
15,618,17,23.15889664244977,112.831291447797
15,618,18,23.1588498516404,112.83143368884014
15,618,19,23.158729693011605,112.83141882410104
15,618,20,23.15870742610573,112.83131103522014
15,618,21,23.158763961766965,112.83122207800844
15,618,22,23.15866041753393,112.83117171840996
15,618,23,23.15856031008158,112.83118513267353
15,618,24,23.158498013759253,112.83129605892432
15,618,25,23.15859337952335,112.83137962497533
15,618,26,23.15866634404055,112.8314574517244
15,618,27,23.15856243549436,112.8314215639522
15,618,28,23.1587593061675,112.83132747230448
15,618,29,23.15892724879424,112.83141829658877
15,618,30,23.15901830281734,112.8313716263601
15,618,31,23.159052843121724,112.8314657646589
15,618,32,23.159054047707745,112.83133322400084
15,618,33,23.159190155007128,112.83135765692052
15,618,34,23.159133173478768,112.83114050639266
15,618,35,23.159130377286186,112.83101363092456
15,618,36,23.15918358688456,112.8308615984318
15,618,37,23.15910897602375,112.83058463008584
15,618,38,23.15860093441265,112.83054219168696
15,618,39,23.158486750688034,112.83055081137032
15,618,40,23.15812106191565,112.83048573468838
15,618,41,23.158362937240835,112.83102980269403
15,618,42,23.15833404072808,112.83121328324742
15,618,43,23.158050618642,112.83150255092607
15,618,44,23.15783684805864,112.83165182202218
15,618,45,23.157794620664856,112.83177271106209
15,618,46,23.157732388758816,112.83185469358482
15,618,47,23.15762341064797,112.8319258296746
15,618,48,23.15752016458933,112.83207750391615
15,618,49,23.15749990203599,112.8322325762062
15,618,50,23.15739979170357,112.83209744935344
15,618,51,23.15740445611315,112.83199265927465
15,618,52,23.15750352126728,112.831960629963
15,618,53,23.157485754520746,112.83184828822004
15,618,54,23.157424318420908,112.83175244695944
15,618,55,23.15741509700453,112.8316084455902
15,618,56,23.15741265065808,112.8314771059748
15,618,57,23.157517067168797,112.83146502914902
15,618,58,23.15760668973355,112.8314096309255
15,618,59,23.157568123580948,112.83151322321156
15,618,60,23.157448833976968,112.83151143492891
15,618,61,23.157489541037293,112.8316238898596
15,618,62,23.15758048782387,112.83167684403844
15,618,63,23.15767296793174,112.831616504839
15,618,64,23.15766610980163,112.8317247487246
15,618,65,23.15753321259472,112.83178030827476
15,618,66,23.157263516811877,112.83164766630613
15,618,67,23.157372824754766,112.83137636331172
15,618,68,23.157712505478937,112.83144299182206
15,618,69,23.157775522224355,112.83199039054918
15,618,70,23.158153207686524,112.8319631687174
15,618,71,23.157637642168105,112.83237875589676
15,618,72,23.157609648692937,112.8324841101742
15,618,73,23.1577187917359,112.83260457792088
15,618,74,23.157368203686648,112.83265589893688
15,618,75,23.15718641753842,112.83268394926009
15,618,76,23.157168074893715,112.83224919890516
15,618,77,23.157069935113864,112.83210290851302
15,618,78,23.156934240578057,112.83154977753918
15,618,79,23.15921042344884,112.83165510382368
15,618,80,23.16057721128229,112.83497785409313
15,695,0,23.159613274446283,112.82481352903524
15,695,1,23.16019004442651,112.82446889274162
15,695,2,23.15986989498584,112.82416871552684
15,695,3,23.159727264082672,112.82369587210144
15,695,4,23.159833575716053,112.82344088560424
15,695,5,23.160082239139346,112.82370014835745
15,695,6,23.160269976064228,112.82382015526892
15,695,7,23.159479877601388,112.8235480049935
15,695,8,23.15928727662726,112.82350497024208
15,695,9,23.159146903917023,112.82348449316
15,695,10,23.15908552303414,112.82357755289728
15,695,11,23.15897440757764,112.82357755207084
15,695,12,23.15887181382441,112.82351636006808
15,695,13,23.15882700680026,112.8236167515152
15,695,14,23.15870928915845,112.82366028702587
15,695,15,23.158548520289912,112.82355957812648
15,695,16,23.15851231768801,112.82378117237242
15,695,17,23.15843752823356,112.82394871662132
15,695,18,23.15838869608733,112.82421652834486
15,695,19,23.158632218819232,112.824237213916
15,695,20,23.15835813560061,112.82352382971897
15,695,21,23.15851221373889,112.82338101204684
15,695,22,23.158635893319957,112.8234376392447
15,695,23,23.158845028130536,112.82329980585972
15,695,24,23.15899150230613,112.82328478563522
15,695,25,23.1589400584425,112.8233882124464
15,695,26,23.15907224483245,112.82335412072878
15,695,27,23.15916816542627,112.8234188455738
15,695,28,23.159205091011295,112.82323079155331
15,695,29,23.158957017674325,112.82313254678571
15,695,30,23.158814740117517,112.82315165612412
15,695,31,23.158689057634582,112.82313138464488
15,695,32,23.158664866333385,112.8229800262586
15,695,33,23.158540732807587,112.82297111571792
15,695,34,23.158558023206727,112.82276650532184
15,695,35,23.15874626879781,112.82279031679911
15,695,36,23.15894077229853,112.82291383664564
15,695,37,23.158806215142477,112.82301301512598
15,695,38,23.158404568090763,112.82320852304082
15,695,39,23.159188563789005,112.82301949371644
16,1133,0,23.070305637559567,112.39551192151517
16,1133,1,23.07040940416357,112.39550083003864
16,1133,2,23.07054753340805,112.39553354767229
16,1133,3,23.07068374672904,112.39564000175804
16,1133,4,23.07050170107321,112.3957033626079
16,1133,5,23.070910607282748,112.39575509272862
16,1133,6,23.070742974322027,112.39610781328632
16,1133,7,23.071366628647095,112.3959551285337
16,1133,8,23.071616778367385,112.39565444548737
16,1133,9,23.071755342894942,112.39577270487396
16,1133,10,23.0718568966276,112.39579478192312
16,1133,11,23.07183142808485,112.3959065881938
16,1133,12,23.07202690692873,112.39591017765753
16,1133,13,23.07213072154824,112.39597417023428
16,1133,14,23.07221070062018,112.3960825328702
16,1133,15,23.07241394936309,112.39615847821872
16,1133,16,23.072544041362782,112.39617586148827
16,1133,17,23.072676355796688,112.39628163859952
16,1133,18,23.07279070097795,112.3963381660715
16,1133,19,23.072866449065,112.39614686053572
16,1133,20,23.07281555610992,112.39597343832544
16,1133,21,23.07273497023142,112.39605578719006
16,1133,22,23.07264296093886,112.39613998100047
16,1133,23,23.07248957524191,112.3960565199674
16,1133,24,23.07259901799327,112.39591442038564
16,1133,25,23.07242071699728,112.3958605631548
16,1133,26,23.072255695761296,112.39570364277424
16,1133,27,23.07188001967307,112.39567402680524
16,1133,28,23.073032960916308,112.39557790705786
16,1133,29,23.07302738806821,112.39592345551873
16,1133,30,23.073162248989263,112.39605782398304
16,1133,31,23.0733574420457,112.39609829325292
16,1133,32,23.07335676090477,112.39622125709175
16,1133,33,23.07351469965498,112.3962854394979
16,1133,34,23.07340681963101,112.3964056671324
16,1133,35,23.073270794742367,112.39645946993336
16,1133,36,23.0731087026097,112.39633614972824
16,1133,37,23.073110217397428,112.3961129099306
16,1133,38,23.07358900201128,112.39541772706382
16,1133,39,23.074051213716032,112.39676816955742
16,1133,40,23.074814248972693,112.39708813072174
16,1133,41,23.07574012588396,112.3974034699019
16,1133,42,23.076250552975704,112.39776591452284
16,1133,43,23.076381138842585,112.39777900065232
16,1133,44,23.07524841725901,112.40129698036134
16,1133,45,23.078924227776906,112.4104152474153
16,166,0,23.094745603279176,112.40484889214352
16,166,1,23.098810638161744,112.39631698816318
16,166,2,23.09899348147438,112.39637095014562
16,166,3,23.09812699439506,112.39536543646432
16,166,4,23.09824072390867,112.39362215049223
16,166,5,23.1010857205699,112.39651959384916
16,166,6,23.10107296599825,112.39708643791415
16,166,7,23.10170321251517,112.3977835483648
16,166,8,23.102690385831103,112.39795290842548
16,166,9,23.10320073998648,112.39816138472024
16,166,10,23.1034067259422,112.39821455346797
16,166,11,23.10363747369782,112.39806297344056
16,166,12,23.103809592775303,112.39792560284472
16,166,13,23.10391519356468,112.39789730445509
16,166,14,23.104042528832267,112.39794405171553
16,166,15,23.10413509251953,112.39798766603906
16,166,16,23.10426228884375,112.39808495272332
16,166,17,23.10436766065897,112.39814253661554
16,166,18,23.104162255526266,112.39817025028523
16,166,19,23.1041564677687,112.3982847182293
16,166,20,23.10405195175889,112.39840079287048
16,166,21,23.10386164076113,112.39841311520992
16,166,22,23.104027602430765,112.39813589445085
16,166,23,23.103711997890382,112.3978333508575
16,166,24,23.103833912839367,112.3977027615958
16,166,25,23.10379401686973,112.39760818127468
16,166,26,23.10376468346548,112.397334454189
16,166,27,23.103436486025046,112.39745561474186
16,166,28,23.103295773787604,112.3973955026743
16,166,29,23.10324646641822,112.39729214066888
16,166,30,23.10336158667381,112.39729799416476
16,166,31,23.10341710505475,112.39715991062964
16,166,32,23.10314184793824,112.39714448298288
16,166,33,23.10313679910625,112.39686596591685
16,166,34,23.103733659317207,112.3967448419637
16,166,35,23.10389585975871,112.39681294871072
16,166,36,23.104331372074316,112.39781311067156
16,166,37,23.10469206731396,112.39801256912617
16,166,38,23.1049244360228,112.39824707901153
16,166,39,23.10473278919494,112.3984344123868
16,166,40,23.10458740557057,112.398346575824
16,166,41,23.10492205906097,112.39854865973942
16,166,42,23.10517266616277,112.3984803378452
16,166,43,23.10518515290732,112.39808690704066
16,166,44,23.10468506439313,112.39883719927413
16,166,45,23.10473277018452,112.39894772189992
16,166,46,23.104773240664045,112.3991094167999
16,166,47,23.10462644970293,112.39903784579614
16,166,48,23.10442450695497,112.39912267843212
16,166,49,23.104305914000268,112.39920110817272
16,166,50,23.104430209618112,112.39929718372233
16,166,51,23.10435142691954,112.39940018165308
16,166,52,23.10449116698478,112.39882438444518
16,166,53,23.104124515740423,112.39882374960906
16,166,54,23.103972241534464,112.39883184470294
16,166,55,23.103681251673425,112.398970862835
16,166,56,23.10346432766234,112.3985062332078
16,166,57,23.102905159212906,112.39853080111236
16,166,58,23.10505677858476,112.39933150530744
16,166,59,23.10519482146688,112.39942708641853
16,166,60,23.10511350083112,112.39951610725394
16,166,61,23.105052743044517,112.39961698486458
16,166,62,23.105059678117517,112.39972748955178
16,166,63,23.10521877306213,112.39963142858528
16,166,64,23.10537365578468,112.39967497700415
16,166,65,23.105484370399346,112.39985971654497
16,166,66,23.105634770144988,112.39987094683396
16,166,67,23.105755535565404,112.39988643994135
16,166,68,23.10567551897816,112.40001428363
16,166,69,23.10575709489009,112.40016550503906
16,166,70,23.105951274182196,112.40007928338918
16,166,71,23.106360751688328,112.40045274407689
16,166,72,23.10633606168405,112.39942629137948
16,166,73,23.106646936331327,112.39910852383142
16,166,74,23.106509540647707,112.39859197163486
16,166,75,23.10667488347801,112.39745251932456
16,166,76,23.10480385292087,112.39580288166
16,166,77,23.11340399178401,112.40468460217514
16,73,0,23.094718489343165,112.39118475921669
16,73,1,23.09608194175961,112.38977014111845
17,49,0,23.03215775572009,113.38557604304364
17,49,1,23.032673816693684,113.38543575947406
17,49,2,23.03218379758256,113.383975299463
17,49,3,23.032000238714343,113.38373989216
17,49,4,23.03180769583649,113.38369381982557
17,49,5,23.03148034391839,113.38377139090848
17,49,6,23.03141276522544,113.38390326048167
17,49,7,23.031048491137685,113.38432074199336
17,49,8,23.03123834636328,113.38469159745586
17,49,9,23.03204951057143,113.38329582176748
17,49,10,23.032124572379136,113.38318379509214
17,49,11,23.032075330965636,113.38302967479648
17,49,12,23.032190582175105,113.3829998505304
17,49,13,23.032166614644183,113.38284385585304
17,49,14,23.03227594638537,113.38286781359255
17,49,15,23.03226967429004,113.38276193739206
17,49,16,23.03224504207061,113.38265888159518
17,49,17,23.03231936092706,113.38272631396202
17,49,18,23.03234841505587,113.3825851591093
17,49,19,23.032340916175087,113.3824686323722
17,49,20,23.032459893212224,113.38256911215208
17,49,21,23.032474155193857,113.3827051330112
17,49,22,23.0325766298281,113.38268834079172
17,49,23,23.032582276092032,113.382573382569
17,49,24,23.03263417468822,113.38245661020568
17,49,25,23.03258848198657,113.38233360562786
17,49,26,23.032554549526186,113.3822247628357
17,49,27,23.032670910669147,113.38221784305507
17,49,28,23.03279319062945,113.38222107047211
17,49,29,23.03291069645364,113.38224972304153
17,49,30,23.033035512437504,113.38227977210744
17,49,31,23.0330235054662,113.38217312720164
17,49,32,23.03296911583469,113.38206465844593
17,49,33,23.03310257364027,113.38202074180772
17,49,34,23.033057335465102,113.38192596227624
17,49,35,23.032970061424333,113.38183457314317
17,49,36,23.032898120790453,113.38172500496104
17,49,37,23.032903394662046,113.38158775458548
17,49,38,23.03301759200829,113.3816555240458
17,49,39,23.03313117217968,113.38158278645882
17,49,40,23.033207168240292,113.38148674484476
17,49,41,23.03307122419673,113.38136838902948
17,49,42,23.033214729640584,113.38132386389992
17,49,43,23.033239468874545,113.38159277037072
17,49,44,23.03316919918158,113.3816767042065
17,49,45,23.03326681750572,113.38171978863473
17,49,46,23.033338869210684,113.3816315020437
17,49,47,23.03320131915343,113.38184976573876
17,49,48,23.03325727206201,113.3819812740683
17,49,49,23.033164647303146,113.38218719028065
17,49,50,23.03312538785377,113.38236016901467
17,49,51,23.032985920585595,113.38236320492229
17,49,52,23.032883298830303,113.38246050086354
17,49,53,23.032774261691166,113.38252910928205
17,49,54,23.032683639478748,113.38234948852148
17,49,55,23.03254514694995,113.38232928076458
17,49,56,23.03244713957912,113.38236516905091
17,49,57,23.032522975884454,113.3822780969588
17,49,58,23.032281008938558,113.382201582197
17,49,59,23.03194066995853,113.38232312889411
17,49,60,23.031593448931773,113.38263284329712
17,49,61,23.03167962423651,113.38274691612128
17,49,62,23.032409711413376,113.38285802731563
17,49,63,23.032392926346365,113.38324434212274
17,49,64,23.03285871094041,113.38215992531852
17,49,65,23.032893173316527,113.38205138427084
17,49,66,23.03275585577281,113.38205746443458
17,49,67,23.03266321483057,113.38200806567096
17,49,68,23.032736869583093,113.38184594615376
17,49,69,23.03282815699195,113.3819306998403
17,49,70,23.032923780356143,113.38196297578472
17,49,71,23.03267427975291,113.38163545825122
17,49,72,23.03266756009777,113.38096298804456
17,49,73,23.03293701157868,113.38050078348944
17,49,74,23.033075303974343,113.38021023566148
17,49,75,23.033429108770516,113.38054808960108
17,49,76,23.03339530093593,113.3809168362086
17,49,77,23.033675962231836,113.38025624987188
17,49,78,23.03366264382062,113.3801118945968
17,49,79,23.0327443496378,113.37976406064622
17,49,80,23.032500345639846,113.3795019720972
17,49,81,23.03199846669561,113.3807289387878
17,49,82,23.033952692164057,113.38223356316476
17,49,83,23.034680508894493,113.38235432060162
17,49,84,23.0368673053248,113.38258030759444
17,49,85,23.035465342391326,113.3870268643939
17,49,86,23.038246581277274,113.3922010486481
17,49,87,23.03386959572732,113.3789342555005
17,49,88,23.033618607407018,113.37875140832304
17,49,89,23.03846400558418,113.37656304337548
18,79,0,23.124549721428536,111.9637835255472
18,79,1,23.125393694512727,111.966424122493
18,79,2,23.124552702881225,111.96753850349634
18,79,3,23.12469585198881,111.96785163766071
18,79,4,23.12452902786732,111.96789700823405
18,79,5,23.12492788694469,111.96796353463576
18,79,6,23.12503259992253,111.9679481282176
18,79,7,23.12523856578585,111.96815735743895
18,79,8,23.12512237848016,111.96824099575764
18,79,9,23.1255510518777,111.96805978811578
18,79,10,23.1258267550839,111.9681555213115
18,79,11,23.12591650552784,111.96835281890492
18,79,12,23.1258255526566,111.96844576286357
18,79,13,23.12570591887476,111.96835434915788
18,79,14,23.12562855829702,111.96855363353536
18,79,15,23.12553628882329,111.96850248897768
18,79,16,23.125775438023226,111.96864979931937
18,79,17,23.12589593544981,111.96862872902524
18,79,18,23.12597834715816,111.96880832911556
18,79,19,23.12603443696872,111.96842999887366
18,79,20,23.1261062357186,111.96831342449126
18,79,21,23.12622034864508,111.96917630943535
18,79,22,23.12637078424536,111.96926573307768
18,79,23,23.12622075806788,111.96953815159064
18,79,24,23.12600034781337,111.9695066041928
18,79,25,23.12597187851866,111.9693069596932
18,79,26,23.12662500244505,111.96944870243304
18,79,27,23.126704597703892,111.96937275606903
18,79,28,23.126756933814956,111.96963667402412
18,79,29,23.12693020115731,111.96959549685958
18,79,30,23.127081522856216,111.96964161252684
18,79,31,23.12708461308305,111.96977170036752
18,79,32,23.127030600581897,111.96986238481296
18,79,33,23.127139680093787,111.97000190507497
18,79,34,23.127117150737817,111.97020497081076
18,79,35,23.127283821001885,111.97015412658776
18,79,36,23.12735878473271,111.97001174841954
18,79,37,23.12679736175691,111.96993738061892
18,79,38,23.12659849233881,111.9698195061934
18,79,39,23.12657099836929,111.9696392604324
18,79,40,23.1263987429482,111.96988538206806
18,79,41,23.12621277435144,111.96999300560388
18,79,42,23.126326019015185,111.97014307843554
18,79,43,23.126590092831,111.97014864604446
18,79,44,23.125824120329348,111.97010662519192
18,79,45,23.12506066114704,111.97048072980242
18,79,46,23.12465111064776,111.96881268930828
18,64,0,23.16227212370317,111.83879164239652
18,64,1,23.156387728910357,111.8024737047369
18,64,2,23.14452767770913,111.80186939791072
18,64,3,23.13598124562139,111.80148620957203
18,64,4,23.13568674282469,111.8013859638244
18,64,5,23.13565350334101,111.80121469822346
18,64,6,23.135486573451544,111.80128105563212
18,64,7,23.135236448527746,111.80137731451616
18,64,8,23.13514180049873,111.80129094779667
18,64,9,23.135037475286065,111.80128134694198
18,64,10,23.135010587791204,111.80142670753304
18,64,11,23.134814668286857,111.80142361427536
18,64,12,23.13478524630884,111.80112023266648
18,64,13,23.134934183576178,111.80107270500696
18,64,14,23.134967197081995,111.80086000401856
18,64,15,23.135023592399115,111.80077168213047
18,64,16,23.135212362831638,111.80074898408844
18,64,17,23.13544591116665,111.800967502602
18,64,18,23.135203615685292,111.801087454266
18,64,19,23.13485509355817,111.80086640939044
18,64,20,23.1344900323378,111.8008959074457
18,64,21,23.13517526575085,111.8004011175515
18,64,22,23.135341692098017,111.7987792685487
18,64,23,23.133768760249804,111.80156473316616
18,64,24,23.13365752547509,111.80174635434132
18,64,25,23.13358869265177,111.8018266138678
18,64,26,23.13348821593218,111.80196905981546
18,64,27,23.13339831411972,111.80211334152028
18,64,28,23.133181107350385,111.80215844662033
18,64,29,23.133158326761716,111.80203321806268
18,64,30,23.133305519589047,111.80202938614951
18,64,31,23.13332483331688,111.80184416193524
18,64,32,23.133296494268876,111.80162958153127
18,64,33,23.133200793413707,111.80158479088334
18,64,34,23.13327690152989,111.8014429928468
18,64,35,23.13345392536733,111.80145664727029
18,64,36,23.133402931372544,111.8016111809505
18,64,37,23.13355692618886,111.80159544050557
18,64,38,23.133142735547693,111.80178242717275
18,64,39,23.13309082988689,111.8019217555024
18,64,40,23.133028269274,111.80172885387334
18,64,41,23.132949709618494,111.801607316645
18,64,42,23.132910102695185,111.80151044391056
18,64,43,23.13281738918561,111.80144696613038
18,64,44,23.13272150220218,111.80163215957536
18,64,45,23.132828000217845,111.8017420710983
18,64,46,23.132699710112693,111.80192904667692
18,64,47,23.133085631782624,111.80207249032898
18,64,48,23.132954464112174,111.80227446298828
18,64,49,23.133565063012167,111.80219826534704
18,64,50,23.14608899118248,111.78944297491176
18,64,51,23.167278954231328,111.79400586563544
18,180,0,23.11825933762749,111.96498443445928
18,180,1,23.118823609752745,111.96718134223228
18,180,2,23.12223726819289,111.96932132119603
18,180,3,23.12419452287612,111.9672072897674
18,180,4,23.113709260724978,111.96576582930687
18,180,5,23.108588644971636,111.9641954301716
18,81,0,23.11503659431469,111.91889658625018
18,81,1,23.108406525680284,111.92667325414452
18,81,2,23.108357084330606,111.9555461647328
18,81,3,23.11032052940893,111.95651806013612
18,81,4,23.10357706204817,111.95856542839184
18,81,5,23.099743563356316,111.96515494619452
18,81,6,23.099146174243323,111.96705563513017
19,407,0,23.03588611326813,112.98267577340827
19,407,1,23.036909567916485,112.98305888239916
19,407,2,23.03822344082317,112.98155901580613
19,407,3,23.03813467450635,112.98124582456408
19,407,4,23.038113592014305,112.98114602674868
19,407,5,23.03806852313665,112.98105106570868
19,407,6,23.038062264558214,112.98093444331958
19,407,7,23.03801413044319,112.98105255687044
19,407,8,23.037952216675578,112.98090664121732
19,407,9,23.03800560578612,112.98077009391626
19,407,10,23.038110541806372,112.98079733215808
19,407,11,23.03821076203945,112.98074360492394
19,407,12,23.03832721044958,112.98059435992684
19,407,13,23.03838303929417,112.98071433733747
19,407,14,23.038289855616007,112.980843758128
19,407,15,23.03839539356197,112.98088856505224
19,407,16,23.03850248897995,112.98099249617724
19,407,17,23.038529559580823,112.9808792815994
19,407,18,23.03844613376568,112.98079535228392
19,407,19,23.038346428200537,112.98092935611696
19,407,20,23.03824415585128,112.98094328232996
19,407,21,23.03817777859357,112.98086114050514
19,407,22,23.038194907367405,112.98096773402958
19,407,23,23.038325127241887,112.98103955846294
19,407,24,23.03840545629182,112.9811210927614
19,407,25,23.03872809495392,112.98097200236452
19,407,26,23.03867141449832,112.9807971960234
19,407,27,23.038591700177687,112.98070485943325
19,407,28,23.03850173304329,112.9806544374367
19,407,29,23.03833636314406,112.98044074760271
19,407,30,23.038224605033584,112.98042013370218
19,407,31,23.038127936961,112.98052889555724
19,407,32,23.03804038923814,112.98059708238114
19,407,33,23.03805133969489,112.98081401121692
19,407,34,23.03791984675737,112.98070504612907
19,407,35,23.03793834718958,112.9806028030556
19,407,36,23.03778667956814,112.98046303097806
19,407,37,23.037714679035744,112.98038266374432
19,407,38,23.03767174404696,112.98047589462024
19,407,39,23.0375700243951,112.9805667929555
19,407,40,23.037438279726157,112.9805049315761
19,407,41,23.03745164341424,112.98061113779715
19,407,42,23.0375608056037,112.98070134800147
19,407,43,23.037721267073444,112.98060564945877
19,407,44,23.037594821118496,112.98047401938442
19,407,45,23.037470183255397,112.9803939153954
19,407,46,23.03731353231306,112.98036378196434
19,407,47,23.037184258328026,112.9803854296748
19,407,48,23.037289497222748,112.98047802769348
19,407,49,23.037284597619795,112.98058414384452
19,407,50,23.03736109192503,112.98071639781904
19,407,51,23.03717419270541,112.98076541381356
19,407,52,23.03706133539861,112.98073128066888
19,407,53,23.036923135436364,112.98078720306536
19,407,54,23.036792985363856,112.98066217856046
19,407,55,23.036579625570155,112.98053962711406
19,407,56,23.03639281061769,112.98052187646742
19,407,57,23.036325773242982,112.98100073588886
19,407,58,23.03671694593515,112.98101467972944
19,407,59,23.03714124002881,112.98058496188736
19,407,60,23.037077621691235,112.9803781240861
19,407,61,23.036935397464028,112.9804286384292
19,407,62,23.037208379777518,112.9801344561496
19,407,63,23.03734643962125,112.98007473892848
19,407,64,23.037443136548323,112.98021957889804
19,407,65,23.037563825487062,112.9803204483435
19,407,66,23.03769026873546,112.98028837100236
19,407,67,23.037665754183543,112.98016263486458
19,407,68,23.03778518043543,112.98026160151598
19,407,69,23.037578264943942,112.98013885886334
19,407,70,23.03767270002858,112.97998224405671
19,407,71,23.03745702185368,112.97983799359343
19,407,72,23.037416903720928,112.9799628976815
19,407,73,23.037279242963525,112.9799188397114
19,407,74,23.036690918952736,112.97974673622146
19,407,75,23.03687843346757,112.97917756719411
19,407,76,23.038727674055536,112.98004503172494
19,407,77,23.03880611185312,112.97988949456958
19,407,78,23.039016886546197,112.98019406932704
19,407,79,23.039075962359693,112.98032803111175
19,407,80,23.03882671903493,112.98048824063892
19,407,81,23.038752477739266,112.98042019329138
19,407,82,23.038758099301024,112.98057608048109
19,407,83,23.03872556156784,112.98068454321036
19,407,84,23.03891380984977,112.98077269032632
19,407,85,23.03901533933896,112.98076858412466
19,407,86,23.039213103835923,112.98085131174484
19,407,87,23.039482450887885,112.98063971522448
19,407,88,23.03901690693197,112.98133243586403
19,407,89,23.03941527640183,112.98186414801825
19,407,90,23.03952636003817,112.9818408713538
19,407,91,23.040567457680744,112.98081628460652
20,199,0,23.219890372947933,111.534322352006
20,199,1,23.21883898990673,111.53286406943164
20,199,2,23.21847100269178,111.53275365826757
20,199,3,23.21835448929556,111.5328128470966
20,199,4,23.218426431375505,111.53289646272492
20,199,5,23.218252082797868,111.532982504228
20,199,6,23.218137857289584,111.53285521256544
20,199,7,23.21817757703598,111.53272901131636
20,199,8,23.218019867070357,111.53278808409353
20,199,9,23.21792801543756,111.53284923849144
20,199,10,23.21794450568611,111.53266956405884
20,199,11,23.217931414368923,111.53254180434992
20,199,12,23.21813444340216,111.53256282519624
20,199,13,23.21831659689441,111.53257726658038
20,199,14,23.218469166256,111.53254436884978
20,199,15,23.218356379698843,111.53233585185312
20,199,16,23.219036463232,111.53211590192169
20,199,17,23.21756190779353,111.53246666506442
20,199,18,23.217476628804192,111.53253154396022
20,199,19,23.21761728656164,111.53279211362587
20,199,20,23.217134780236524,111.5329678558278
20,199,21,23.2171225292851,111.53306847392716
20,199,22,23.21693089339079,111.5331370181266
20,199,23,23.21671069879461,111.53322380033504
20,199,24,23.21654146865916,111.5329907969962
20,199,25,23.216672627743755,111.53271880914753
20,199,26,23.21675832768153,111.53263366540573
20,199,27,23.21689965772017,111.53243451141124
20,199,28,23.217082566899776,111.53274999819484
20,199,29,23.21696991623773,111.53288318367744
20,199,30,23.21649604280993,111.53257094732642
20,199,31,23.21626697204477,111.53266105196444
20,199,32,23.216239982438257,111.5325079174194
20,199,33,23.216005705478054,111.53269681446322
20,199,34,23.215997079510355,111.5328704100978
20,199,35,23.215836837633127,111.533034393369
20,199,36,23.216026202136668,111.53315023136334
20,199,37,23.21617599770969,111.532953865355
20,199,38,23.21626907068072,111.53284349495506
20,199,39,23.21634785451618,111.53309374101984
20,199,40,23.21633668490549,111.53320206171848
20,199,41,23.21623354810277,111.53347351927404
20,199,42,23.21572750096975,111.53403415074924
20,86,0,23.24347776255735,111.55745389411264
20,86,1,23.23401249503975,111.53386162145657
20,86,2,23.22971888948825,111.52653459887536
20,86,3,23.226690035727906,111.52796035708911
20,86,4,23.22657673016808,111.5281939072444
20,86,5,23.22641465936797,111.5283836208806
20,86,6,23.22651544939887,111.52844963418669
20,86,7,23.226373342566525,111.52853406498105
20,86,8,23.22621885167356,111.5286146793552
20,86,9,23.2262895607307,111.52888838886192
20,86,10,23.22638671352344,111.52896970278285
20,86,11,23.226414449579696,111.52884794751394
20,86,12,23.226631256637905,111.52873414445452
20,86,13,23.226757273013664,111.52885448545224
20,86,14,23.226945765337085,111.52897043598836
20,86,15,23.22677134006541,111.529186161006
20,86,16,23.226553851743475,111.52935406447078
20,86,17,23.22656093162131,111.5294968888591
20,86,18,23.226339078085683,111.5293921410757
20,86,19,23.226251072766555,111.5295171812399
20,86,20,23.22648818377283,111.52914947779072
20,86,21,23.22639200301255,111.53004787231052
20,86,22,23.226206239079875,111.53005304995084
20,86,23,23.225648995987907,111.52841590353584
20,86,24,23.225797599486388,111.52798886864684
20,86,25,23.225914042478703,111.5280406624175
20,86,26,23.226062711569803,111.52802319854042
20,86,27,23.22615081402097,111.528097333676
20,86,28,23.22630225810026,111.52815273283753
20,86,29,23.226305777761823,111.52791017843464
20,86,30,23.22612224778444,111.52779334202882
20,86,31,23.226061908437877,111.52769437603004
20,86,32,23.226206402313384,111.52746222165204
20,86,33,23.22624721733838,111.52734613985557
20,86,34,23.22619750888095,111.52722957066769
20,86,35,23.22604064305686,111.52728943067665
20,86,36,23.225895682926687,111.52717994853148
20,86,37,23.22581148174796,111.5270782372999
20,86,38,23.225850841320465,111.5273323790018
20,86,39,23.225770473661843,111.52747280764136
20,86,40,23.225809757707108,111.52772033158874
20,86,41,23.22567041336768,111.52785674769822
20,86,42,23.22546600414092,111.52791081498448
20,86,43,23.225484362529357,111.5276931149956
20,86,44,23.225957324813365,111.52789101431894
20,86,45,23.226344375459544,111.52708461673672
20,86,46,23.226667526990177,111.52362476893602
20,86,47,23.23812558932769,111.52241771053544
20,161,0,23.24336170685021,111.5583411312436
20,161,1,23.24354705737241,111.55813180603135
20,161,2,23.24326064126918,111.55787370632136
20,161,3,23.243180082149408,111.55780332705906
20,161,4,23.243132984480138,111.55791684036076
20,161,5,23.24299151701044,111.55781471996472
20,161,6,23.242980159240783,111.55765820924448
20,161,7,23.243144367341227,111.55767638207494
20,161,8,23.24323692481463,111.55750657678448
20,161,9,23.243357932487303,111.55744597416032
20,161,10,23.24347776255735,111.55745389411264
20,161,11,23.24341308344748,111.5576106445483
20,161,12,23.24335544694668,111.5577461364423
20,161,13,23.24262361096839,111.5575356981979
20,161,14,23.242488174571733,111.55755738090828
20,161,15,23.242386410247644,111.55738552087792
20,161,16,23.24227150508049,111.55730442891505
20,161,17,23.24229875368228,111.55720479834147
20,161,18,23.24247950887509,111.5572350191564
20,161,19,23.242626691136653,111.55738185461546
20,161,20,23.24268721069972,111.55710721756547
20,161,21,23.242563723777533,111.55706179759022
20,161,22,23.24251950676229,111.55695689409056
20,161,23,23.24234756949203,111.55696982219322
20,161,24,23.242192520822115,111.55697406615872
20,161,25,23.242130422333023,111.55708392728494
20,161,26,23.242067808399987,111.55691634641946
20,161,27,23.24224291386165,111.55674906717564
20,161,28,23.24240185418282,111.55659041978984
20,161,29,23.24269420511941,111.55690054219068
20,161,30,23.2423614003892,111.55773949184692
20,161,31,23.242173987544124,111.5582899610434
20,161,32,23.241924589119,111.55839625719916
20,161,33,23.24170848949378,111.55849334850464
20,161,34,23.24241736322052,111.55859231300172
20,161,35,23.23881879327485,111.54235304902906
20,387,0,23.263168435052865,111.5742478906795
20,387,1,23.263936014838368,111.57406774359366
20,387,2,23.26411963648297,111.57413506249148
20,387,3,23.26426585924335,111.57391860059866
20,387,4,23.264298553121147,111.57380787812971
20,387,5,23.26439123459436,111.57386969047212
20,387,6,23.264423533353774,111.5740614897024
20,387,7,23.264599486030665,111.5738457666772
20,387,8,23.26469504389193,111.5737177572404
20,387,9,23.26471676507318,111.5739543606354
20,387,10,23.264802189376,111.5742986868388
20,387,11,23.26450848981368,111.57440861839784
20,387,12,23.264401291442727,111.57376138548116
20,387,13,23.26447632021724,111.5735340930679
20,387,14,23.264377647279776,111.57347861801644
20,387,15,23.264177467590407,111.5736172010454
20,387,16,23.264008625313977,111.57361270281392
20,387,17,23.2636874792887,111.5735115847448
20,387,18,23.26456958681557,111.57290998110552
20,387,19,23.26453292261176,111.57281570823244
20,387,20,23.26466783132719,111.57284211356796
20,387,21,23.264695078363907,111.57273331278232
20,387,22,23.26481430444451,111.57282990081268
20,387,23,23.2647405667633,111.57323661132035
20,387,24,23.26507213115481,111.57360118832402
20,387,25,23.264416921459247,111.57254112124429
20,387,26,23.26446513347898,111.5724242038206
20,387,27,23.26462103029775,111.57237957045211
20,387,28,23.264532246706764,111.57215043493204
20,387,29,23.264282895192025,111.57201486743512
20,387,30,23.26434608202472,111.57187623371952
20,387,31,23.2729116102483,111.56847015185816
20,387,32,23.27310580984992,111.56836205158965
20,387,33,23.273228039463355,111.56838461203488
20,387,34,23.27337559089853,111.56838262689644
20,387,35,23.27327902872592,111.5684406512588
20,387,36,23.273314017120583,111.5685591599767
20,387,37,23.273432990943803,111.56853324138235
20,387,38,23.273545176949455,111.56826858091804
20,387,39,23.273502390873567,111.56816268413128
20,387,40,23.273166553398436,111.56817946630444
20,387,41,23.27313398221167,111.5680470991421
20,387,42,23.273100149875848,111.5678349914622
20,387,43,23.27296192148331,111.56788970180692
20,387,44,23.27288873117836,111.56814304268296
20,387,45,23.27378969320997,111.56846479594276
20,387,46,23.27380566136561,111.56864372253288
20,387,47,23.273863044365896,111.56874459415108
20,387,48,23.273974909733013,111.568780749076
20,387,49,23.273911932324992,111.56886456688964
20,387,50,23.273976060603207,111.56901326519628
20,387,51,23.274114147595757,111.56881189304596
20,387,52,23.27424537632412,111.56873432609603
20,387,53,23.274523896010017,111.56881050115976
20,387,54,23.274559542743606,111.56870980332374
20,387,55,23.274508003465105,111.56892282698614
20,387,56,23.27463589318704,111.56898269028282
20,387,57,23.27438960001841,111.56923548749592
20,387,58,23.27423501141068,111.56903158027238
20,387,59,23.27435077680699,111.56843775186032
20,387,60,23.274132518031816,111.56830707233256
20,387,61,23.273829425440283,111.5679169503533
20,387,62,23.2739106512213,111.5673847612572
20,387,63,23.273507862433423,111.56734645735308
20,123,0,23.300171746071864,111.5457780859539
20,123,1,23.326385479423703,111.52826135414568
20,123,2,23.32704526443301,111.52734195192056
20,123,3,23.32716274336084,111.52699742173758
20,123,4,23.32734766381041,111.52690143009691
20,123,5,23.32746402462564,111.52699829104158
20,123,6,23.32762189292233,111.52717587764369
20,123,7,23.327603324839803,111.52727662166984
20,123,8,23.32766578982149,111.52685419312228
20,123,9,23.327569103653428,111.52681678686126
20,123,10,23.32753984907988,111.52659881672174
20,123,11,23.32762371826292,111.52647683641736
20,123,12,23.327784636446054,111.52683229656748
20,123,13,23.32736902958443,111.52668221857488
20,123,14,23.3272373996659,111.5267091286874
20,123,15,23.328303696150435,111.52715521268424
20,123,16,23.328466172834112,111.52727605893894
20,123,17,23.328562054071764,111.52724631314464
20,123,18,23.32866494149272,111.5271663422855
20,123,19,23.328518769843644,111.52747484668596
20,123,20,23.3284019038538,111.52760088466349
20,123,21,23.328424564635764,111.52774190074724
20,123,22,23.3285035528937,111.5278119411607
20,123,23,23.328662278725933,111.52787140424095
20,123,24,23.32866231085073,111.52799937152643
20,123,25,23.328840268241223,111.52783346145452
20,123,26,23.32905395562456,111.5277772744433
20,123,27,23.3291564339783,111.52728349308872
20,123,28,23.33481418894417,111.53241536110228
20,123,29,23.32635240207344,111.47786087087982
21,375,0,22.97953210721491,113.0974272441398
21,375,1,22.97916420858539,113.09844770296226
21,375,2,22.978578124115387,113.09837191591632
21,375,3,22.979282458687315,113.0991392272076
22,135,0,23.439253137771967,111.4180400897328
22,135,1,23.45915515061704,111.45012678963845
22,135,2,23.45941870651024,111.45002063008506
22,135,3,23.459683205271297,111.4498068221953
22,135,4,23.45942276256304,111.45042591035272
22,135,5,23.459500944262174,111.45065352280986
22,135,6,23.45965798404539,111.4505436318308
22,135,7,23.460076896288108,111.45065052628487
22,135,8,23.46018624710924,111.45033427495903
22,135,9,23.460496151450123,111.45098612642248
22,135,10,23.460587610342404,111.45105664733052
22,135,11,23.46074427589004,111.451009473991
22,135,12,23.46069831211804,111.45110738311264
22,135,13,23.460711720892306,111.45121977304726
22,135,14,23.46057879976571,111.45132796183049
22,135,15,23.46066485813347,111.45138768682594
22,135,16,23.46085614529712,111.45140031740776
22,135,17,23.46048552016763,111.45181012025976
22,135,18,23.460518284267007,111.45202536115664
22,135,19,23.46079493885954,111.45200247481178
22,135,20,23.46032140354936,111.45162949976452
22,135,21,23.46085710471709,111.45097700622
22,135,22,23.461188817987807,111.45001222858431
22,135,23,23.45912481551769,111.45057805617706
22,135,24,23.45927804863288,111.45363825982432
22,68,0,23.468100646890647,111.27373507919977
22,68,1,23.46821445680593,111.273622559032
22,68,2,23.46825182349305,111.27347116316768
22,68,3,23.4681622703056,111.2734227086722
22,68,4,23.46805646696785,111.27315183176084
22,68,5,23.467978316948077,111.2729173587991
22,68,6,23.46768840814407,111.27276811873796
22,68,7,23.467632897606517,111.27291223500526
22,68,8,23.467527859142624,111.27293237694822
22,68,9,23.46746039342997,111.27303378680834
22,68,10,23.467683960086287,111.27315072076162
22,68,11,23.46792894276541,111.27357120280904
22,68,12,23.468412184949088,111.27324349320789
22,68,13,23.46740164248832,111.272563604499
22,68,14,23.46717316784317,111.2727799990218
22,68,15,23.466984486395248,111.27274340293216
22,123,0,23.455504155355012,111.4145715038312
22,123,1,23.42237782554145,111.38397240958156
22,123,2,23.414097007706243,111.44216042621044
22,123,3,23.394062176040027,111.49323508975664
23,234,0,23.08838539000539,112.53506994605075
23,234,1,23.09094173792619,112.53562725041654
23,234,2,23.09233580958165,112.5369623310663
23,234,3,23.09256345256903,112.53689493135909
23,234,4,23.092975201125167,112.53713282243685
23,234,5,23.093226700723985,112.5370621909198
23,234,6,23.09334690617791,112.53707674919728
23,234,7,23.093404893631064,112.53721750436836
23,234,8,23.093426751026065,112.5373298315394
23,234,9,23.09345742105192,112.53745686168338
23,234,10,23.093547517582323,112.53754831365325
23,234,11,23.09344384244793,112.53767862599028
23,234,12,23.093329669850316,112.53763500308156
23,234,13,23.09321386971133,112.53764139456432
23,234,14,23.09327287868378,112.53782553083192
23,234,15,23.093349612052023,112.53789729513694
23,234,16,23.09349014432792,112.5378869316375
23,234,17,23.093580591285143,112.53782459045392
23,234,18,23.09373045177382,112.5380462554874
23,234,19,23.093612699548608,112.5381877981452
23,234,20,23.09349630505944,112.53822366411218
23,234,21,23.09332994932813,112.53823348106393
23,234,22,23.093263901396472,112.53813363630326
23,234,23,23.093396174856004,112.53800612534712
23,234,24,23.09313551279574,112.53790128729015
23,234,25,23.09302459236218,112.53790769873584
23,234,26,23.092931331933134,112.5380190243614
23,234,27,23.092979380671327,112.53814621558344
23,234,28,23.09279282398267,112.53817596549266
23,234,29,23.09284670610748,112.53831878088374
23,234,30,23.09313472365034,112.53837965002322
23,234,31,23.092961216875423,112.5388142094664
23,234,32,23.092851933372003,112.5387592527719
23,234,33,23.092715772859545,112.53860534184376
23,234,34,23.092562665405705,112.53863256084712
23,234,35,23.092510263524485,112.5384765518635
23,234,36,23.09254375494797,112.5380923350583
23,234,37,23.093632941955327,112.53754619508328
23,234,38,23.09370860520505,112.53737635821352
23,234,39,23.09380201965657,112.53743369967376
23,234,40,23.09357360532341,112.53695496968962
23,234,41,23.093676584867872,112.53688102789296
23,234,42,23.093667846620924,112.53677643799516
23,234,43,23.093843287707525,112.5367942324882
23,234,44,23.09382443227721,112.53652078056209
23,234,45,23.09391857860188,112.5364807479171
23,234,46,23.0941122161224,112.53646157709431
23,234,47,23.094161765335983,112.53630131166037
23,234,48,23.0940509683832,112.53632191275469
23,234,49,23.09401627990464,112.53622033040524
23,234,50,23.093911382389997,112.53624839465807
23,234,51,23.093816505779355,112.53618928176924
23,234,52,23.093755196299742,112.53629564922504
23,234,53,23.09366518449498,112.53633988903135
23,234,54,23.093516797112496,112.53644049822364
23,234,55,23.093501818161656,112.5367938220379
23,234,56,23.09338810996589,112.53677935932218
23,234,57,23.09329278106516,112.53668410578103
23,234,58,23.09317630788881,112.53677130665228
23,234,59,23.093125045353062,112.53665406565962
23,234,60,23.092966543862584,112.53645801835356
23,234,61,23.09328049006397,112.53636439800428
23,234,62,23.09339655486356,112.5362860868327
23,234,63,23.093507435480028,112.53602826254593
23,234,64,23.09364288506825,112.53605911892592
23,234,65,23.09387907442821,112.5361203393513
23,234,66,23.09401156994713,112.5359979123343
23,234,67,23.094218781703947,112.536101974144
23,234,68,23.09438194829185,112.5360767320184
23,234,69,23.094365974803026,112.53590621688222
23,234,70,23.094235934491905,112.53589592150593
23,234,71,23.094258269294897,112.53575287224528
23,234,72,23.094174961063008,112.53551519956676
23,234,73,23.09395755889218,112.53559637443756
23,234,74,23.0939356257619,112.535762343012
23,234,75,23.09374892338278,112.53544361786096
23,234,76,23.09393512679313,112.53815905410286
23,234,77,23.094079274236396,112.5385699248884
23,234,78,23.09417726441248,112.53876512217272
23,234,79,23.094015623412425,112.53880345038644
23,234,80,23.09377241099416,112.53891938101285
23,234,81,23.094350514793053,112.53948689058927
23,234,82,23.09202851444441,112.53958783965648
23,134,0,23.084303371076437,112.53446018149168
23,134,1,23.08233331328344,112.53114188592032
23,134,2,23.081951186524943,112.53125445730588
23,134,3,23.081798410469546,112.53122085166196
23,134,4,23.081565818910757,112.53145680032624
23,134,5,23.081364845329187,112.53129948281726
23,134,6,23.08125505587109,112.5313842631957
23,134,7,23.081237558124,112.5312580377756
23,134,8,23.081197249670964,112.53116464586874
23,134,9,23.08108570938056,112.53119430630446
23,134,10,23.08100790124008,112.53127715618815
23,134,11,23.08093292910554,112.53137415344776
23,134,12,23.080853088368677,112.53155956956972
23,134,13,23.080750545017416,112.53166378309304
23,134,14,23.08075219420885,112.53185867617027
23,134,15,23.080545224982373,112.53170792479
23,134,16,23.0810205875254,112.53185805650313
23,134,17,23.08135923494368,112.5317292080587
23,134,18,23.08127728034608,112.53155033649652
23,134,19,23.081118926636123,112.53148218417786
23,134,20,23.080870090098685,112.53125232953911
23,134,21,23.08093066769641,112.53111177747954
23,134,22,23.080913073938994,112.53093985418748
23,134,23,23.08109148790076,112.53086708864474
23,134,24,23.08114971746105,112.5306359221258
23,134,25,23.081262475287797,112.53053235456282
23,134,26,23.08123613407841,112.53071321866946
23,134,27,23.08147126002377,112.53083901951692
23,134,28,23.08162356506458,112.53088009876602
23,134,29,23.08158378522518,112.53061899912731
23,134,30,23.08110280872829,112.53043102282771
23,134,31,23.081158489397307,112.53029785197356
23,134,32,23.08094844547719,112.5302305356358
23,134,33,23.08075770302593,112.52999858545888
23,134,34,23.080639259155667,112.53005153225516
23,134,35,23.080725524753305,112.52981860685098
23,134,36,23.08082190686285,112.52978308221596
23,134,37,23.080979424525,112.52972311332174
23,134,38,23.081053601109208,112.52962203094351
23,134,39,23.081131178908745,112.52955385864064
23,134,40,23.08111981996577,112.52944513275686
23,134,41,23.08102313652787,112.52949418993828
23,134,42,23.081079705788987,112.5292779608071
23,134,43,23.081060988884133,112.5291307702294
23,134,44,23.08103412580165,112.5290255363702
23,134,45,23.08110266807386,112.5289420456796
23,134,46,23.081136742627447,112.52880813075544
23,134,47,23.08109602702692,112.52866322404223
23,134,48,23.081268492201826,112.52866248862044
23,134,49,23.08136554528817,112.52885309071932
23,134,50,23.08126265243204,112.52897693452825
23,134,51,23.08126445022664,112.52939372740596
23,134,52,23.08088791083472,112.52924937157148
23,134,53,23.080711665398127,112.5292520474169
23,134,54,23.080721748616043,112.52935493591848
23,134,55,23.080685121584587,112.52952146443072
23,134,56,23.080783499666367,112.52958726515534
23,134,57,23.08058243759519,112.52971787239213
23,134,58,23.080450029084947,112.52983779216076
23,134,59,23.080197129207203,112.52935083398022
23,134,60,23.0804197476094,112.52919199029004
23,134,61,23.08027191602968,112.52884614977133
23,134,62,23.080569634161662,112.52881395429876
23,134,63,23.080734882261723,112.5288714961626
23,134,64,23.08081130832679,112.528760174948
23,134,65,23.080941999394,112.52885328528087
23,134,66,23.08084894138684,112.52896097161036
23,134,67,23.080859207588198,112.52909207647728
23,134,68,23.08072646407536,112.52870768112004
23,134,69,23.080860503411063,112.52868028427802
23,134,70,23.081365516090298,112.52846557546494
23,134,71,23.08151512904504,112.52829974528858
23,134,72,23.08066387212736,112.52798692229484
23,134,73,23.08105982363629,112.52978470619378
23,134,74,23.081113073345605,112.52988121489648
23,134,75,23.08094176114132,112.53063981882023
23,134,76,23.081536615442094,112.531130800337
23,134,77,23.08190798831296,112.52985787742078
23,134,78,23.079527256907,112.52950401600307
23,134,79,23.07948533562637,112.52964007495952
23,134,80,23.07487914609031,112.5313656555098
24,166,0,23.121291881183293,112.39999479706192
24,166,1,23.120804736702844,112.4009940812818
24,166,2,23.119644054207797,112.40089899038892
24,166,3,23.119698586553053,112.401919768864
24,166,4,23.11989174298333,112.40193210463605
24,166,5,23.119746792078004,112.4024307399413
24,166,6,23.119463130913942,112.40250247230716
24,166,7,23.119195094145383,112.40251919192949
24,166,8,23.119124576264504,112.40241896503817
24,166,9,23.11887606062781,112.40261565640613
24,166,10,23.118772072487594,112.40247049368642
24,166,11,23.11891444321161,112.40290032978967
24,166,12,23.118892205418497,112.40303146828006
24,166,13,23.118900109489022,112.40313993874764
24,166,14,23.118742396398307,112.40322905115742
24,166,15,23.11885334138532,112.40333837656937
24,166,16,23.119040421083223,112.40306808294535
24,166,17,23.11906585889636,112.40288554077674
24,166,18,23.11923881039725,112.40295924260816
24,166,19,23.1192762979769,112.40308330025042
24,166,20,23.11927198719442,112.403265079038
24,166,21,23.119381890079623,112.40269327282418
24,166,22,23.119530647369427,112.40270622838486
24,166,23,23.11864339449081,112.40308114403554
24,166,24,23.11856498300299,112.40300882256167
24,166,25,23.11855729376596,112.40315962563182
24,166,26,23.118315677474005,112.40313583767538
24,166,27,23.11821431918228,112.40359861819348
24,166,28,23.11827878189913,112.40369943057216
24,166,29,23.11831130745586,112.40385874114614
24,166,30,23.118256928345357,112.40396733681406
24,166,31,23.11824868067128,112.4040854910952
24,166,32,23.1184179976976,112.40414156394743
24,166,33,23.11843832798201,112.40425509036878
24,166,34,23.118343033713327,112.404350755814
24,166,35,23.118288409456305,112.40445574460058
24,166,36,23.11794420268255,112.4045527391422
24,166,37,23.11781081579656,112.40439313862252
24,166,38,23.11780504084998,112.40424538175964
24,166,39,23.117717066126517,112.40418390711368
24,166,40,23.117862791839507,112.40409511946758
24,166,41,23.117965710424908,112.40398483873416
24,166,42,23.117842686250963,112.40375951438472
24,166,43,23.117718745261755,112.40384452821822
24,166,44,23.117641155487348,112.4039340429594
24,166,45,23.117550644914115,112.4041217154013
24,166,46,23.117659657531743,112.403489580667
24,166,47,23.11747023378641,112.40340305044056
24,166,48,23.117607271868685,112.40324898760495
24,166,49,23.117236232763677,112.40327864138564
24,166,50,23.11693555836312,112.40358827127416
24,166,51,23.11674018964354,112.4031094411604
24,166,52,23.116654908480697,112.40286369552682
24,166,53,23.11691016972615,112.40288643206722
24,166,54,23.11672176596791,112.40256686554258
24,166,55,23.117056638085945,112.4024134006697
24,166,56,23.117609558102977,112.4026830321403
24,166,57,23.117962309950062,112.4036086457142
24,166,58,23.118083111280587,112.40357035528936
24,166,59,23.118166508191123,112.40381294240844
24,166,60,23.11846123299175,112.40398599356378
24,166,61,23.1180669770484,112.40479461074877
24,166,62,23.11643120068056,112.40231324130096
24,166,63,23.11802514859929,112.4002006236869
24,166,64,23.11876936422749,112.40004588662768
24,166,65,23.11876753546284,112.39911245234714
24,166,66,23.1188392626257,112.39833101329042
24,166,67,23.119950696481457,112.39844705287936
24,166,68,23.12021205283686,112.39860610980274
24,166,69,23.12056353441577,112.3981960765338
24,166,70,23.120330747537565,112.39793840021348
24,166,71,23.12062533171766,112.3989546786042
24,166,72,23.11988311454273,112.3994286307736
24,166,73,23.12167785477942,112.39781042518356
24,166,74,23.119858631834507,112.39533741393186
24,166,75,23.118683145852412,112.3944488249178
24,166,76,23.118123209390625,112.39543760216692
24,166,77,23.118355006586544,112.39662321428956
24,166,78,23.117071309035737,112.3983326055232
24,166,79,23.117025297682428,112.39941490893553
24,166,80,23.117046154530563,112.3995715209998
24,166,81,23.11519808721791,112.39872640907976
24,166,82,23.115360469011986,112.39713173474466
24,166,83,23.11905962567692,112.40190380369424
24,166,84,23.120507127110336,112.40223414721952
24,254,0,23.12724740233313,112.39894189373123
24,254,1,23.12816146983052,112.39874858890148
24,254,2,23.12876877249844,112.39872751413031
24,254,3,23.128810346225404,112.39888812606912
24,254,4,23.128998536714853,112.39906103800251
24,254,5,23.12919660972681,112.3986452877382
24,254,6,23.129345210021448,112.39846376596024
24,254,7,23.12939761709098,112.39827561390264
24,254,8,23.12929266564571,112.39821576939028
24,254,9,23.12937947508389,112.3980463265476
24,254,10,23.12935583545976,112.39790792972708
24,254,11,23.129435772415658,112.3977745725592
24,254,12,23.129622299900657,112.39788827199118
24,254,13,23.129705568247235,112.39794667310238
24,254,14,23.12979556868424,112.39810334839716
24,254,15,23.129657945527875,112.39821604286566
24,254,16,23.12958443486997,112.39808151677173
24,254,17,23.12948111004248,112.39809152487294
24,254,18,23.12953233888981,112.3979982475373
24,254,19,23.12924756123319,112.3978805382676
24,254,20,23.129237951532826,112.3977748426494
24,254,21,23.12914476922759,112.39765556253606
24,254,22,23.1290549799665,112.3978030949024
24,254,23,23.12891291953933,112.39759146981636
24,254,24,23.128886368703757,112.39735711428962
24,254,25,23.128665120156487,112.397244184574
24,254,26,23.12866934060023,112.39708868490618
24,254,27,23.12855812343561,112.39699591125688
24,254,28,23.128420331631823,112.3970190056755
24,254,29,23.12847549739697,112.3971334346121
24,254,30,23.128438244520574,112.39693719840392
24,254,31,23.12856590680887,112.3967976662912
24,254,32,23.128648341479927,112.39667814179111
24,254,33,23.128488307068498,112.39663003585416
24,254,34,23.128348416507706,112.39659560376867
24,254,35,23.12822622117189,112.3968009757592
24,254,36,23.128120687914407,112.39692083625974
24,254,37,23.128247772321146,112.39698374799458
24,254,38,23.128127971920605,112.39725426081436
24,254,39,23.12867417141008,112.39693782045956
24,254,40,23.128707748075648,112.39677225718565
24,254,41,23.12881806110225,112.39663556195052
24,254,42,23.129041326752912,112.39669851926098
24,254,43,23.12911875357054,112.39722275861072
24,254,44,23.129235394493044,112.39744258613
24,254,45,23.12894301294209,112.39803223100942
24,254,46,23.12897771936748,112.39815127705651
24,254,47,23.128824416993574,112.39822265944883
24,254,48,23.12881332045821,112.39805110610445
24,254,49,23.12858894279349,112.39807825374018
24,254,50,23.128146687342817,112.39805608242663
24,254,51,23.12895489436,112.39857580241664
24,254,52,23.12961017048161,112.39863659217674
24,254,53,23.12955267213956,112.39904034184433
24,254,54,23.128462179402504,112.39643107860532
24,254,55,23.128487848982385,112.39629618432214
24,254,56,23.128520681446805,112.39619485063724
24,254,57,23.12871779042081,112.3961183947135
24,254,58,23.128666991786005,112.39598322314929
24,254,59,23.12884565316201,112.39598474079828
24,254,60,23.128393653629207,112.39538908643488
24,254,61,23.127613685011312,112.39542647464732
24,254,62,23.127174381200675,112.3952668962126
24,254,63,23.12637602870683,112.39535775620875
24,254,64,23.12535444948093,112.39478231299732
24,254,65,23.125241481949903,112.3932618175542
24,254,66,23.12785644047804,112.39597752884144
24,254,67,23.127482780502756,112.39651486260033
24,254,68,23.124661456551845,112.39729541258409
24,254,69,23.129210259809984,112.39353214569438
25,217,0,22.90188699425613,113.5593607838088
25,217,1,22.91424742459147,113.55776368853628
25,217,2,22.914702151992216,113.55762074872416
25,217,3,22.914476606358384,113.55724355681676
25,217,4,22.91470567575464,113.55695474376766
25,217,5,22.914779288266683,113.55687331297256
25,217,6,22.91492879541224,113.5568900767326
25,217,7,22.91463811810692,113.55671897775814
25,217,8,22.914494466274142,113.5567921216731
25,217,9,22.91434268475985,113.55677170999996
25,217,10,22.91401919234576,113.55644297237102
25,217,11,22.91412105401434,113.55625975644573
25,217,12,22.91461217620123,113.55612757177104
25,217,13,22.91468943707058,113.55629374252224
25,217,14,22.91480439329332,113.55639374551092
25,217,15,22.914933751731716,113.55643238416287
25,217,16,22.9146954932235,113.55596130960434
25,217,17,22.914503858789452,113.5556429033347
25,217,18,22.91436712268873,113.555140251582
25,217,19,22.91399150862577,113.55541717288922
25,217,20,22.914732974535102,113.55413994365053
25,217,21,22.916124004248505,113.55674711604804
25,217,22,22.91587205578888,113.55705156458676
25,217,23,22.915900073980414,113.5573640556816
25,217,24,22.91605375342612,113.55741945372606
25,217,25,22.916009249413907,113.55761425453548
25,217,26,22.916127385654217,113.55762514095038
25,217,27,22.91611414227002,113.5577767120254
25,217,28,22.91625544702082,113.55796702836932
25,217,29,22.91610130337272,113.55822592070726
25,217,30,22.915961255987103,113.55823627033442
25,217,31,22.915929754282747,113.5580260595138
25,217,32,22.915783281167908,113.5579156759112
25,217,33,22.915329890382285,113.55744706054207
25,217,34,22.91524934791239,113.55716093375932
25,217,35,22.91646843160287,113.5575386906345
25,217,36,22.916572081265592,113.55787345683716
25,217,37,22.91712482699248,113.55745897116996
25,217,38,22.917447677568536,113.55687940119942
25,217,39,22.916541381459247,113.5592820803798
25,217,40,22.917004247709425,113.56030193818532
25,217,41,22.918177996071137,113.56172125461862
25,217,42,22.91784991249272,113.56268087012909
25,217,43,22.919169749372895,113.56428237941762
25,217,44,22.91943076999893,113.5652297138761
25,217,45,22.919425737098862,113.55945499251824
25,217,46,22.918238803769817,113.55175301635298
25,217,47,22.926826520553213,113.55090150149807
25,217,48,22.927412468410186,113.5510229378324
25,217,49,22.92772993019568,113.55103939177366
25,217,50,22.9278218888624,113.55133488428524
25,217,51,22.927958016482734,113.55129532718097
25,217,52,22.927762174938813,113.55150800817158
25,217,53,22.928174587502102,113.55158329541553
25,217,54,22.92829614461169,113.55154297241674
25,217,55,22.92845338950397,113.55128528462384
25,217,56,22.928581987431357,113.55111648351658
25,217,57,22.928723118267712,113.55110057669498
25,217,58,22.92852338183867,113.55089124827278
25,217,59,22.92858598275724,113.55040150293756
25,217,60,22.92834811709633,113.55032345490984
25,217,61,22.927969331405365,113.55075951700128
25,217,62,22.928019842909094,113.55089271371163
25,217,63,22.927752910504594,113.55082308948298
25,217,64,22.92773563247876,113.5505736593448
25,217,65,22.927565763841525,113.5504450922188
25,217,66,22.927637457897088,113.5503441092628
25,217,67,22.92744273595999,113.5503769780669
25,217,68,22.92748882912836,113.55059522190858
25,217,69,22.92736819150416,113.55004444785598
25,217,70,22.92697281386023,113.54983075772526
25,217,71,22.927523181331143,113.54855498700316
25,217,72,22.92909591160994,113.55059971303554
25,217,73,22.928793959469008,113.55162576267938
25,217,74,22.928761122449217,113.55178412541724
25,217,75,22.928921572906585,113.55173180069222
25,217,76,22.928692371418038,113.5520215618338
25,217,77,22.928707879451267,113.55219198198468
25,217,78,22.92863980399977,113.5523460439182
25,217,79,22.92884506728891,113.55242902443804
25,217,80,22.92871591908236,113.55266252945331
25,217,81,22.92912991155626,113.55254945754446
25,217,82,22.92930176987372,113.55175681027606
25,217,83,22.92821002570566,113.55230727319154
25,217,84,22.92751765971733,113.55226785288204
25,217,85,22.92751486988561,113.55261702650532
25,217,86,22.928059999569047,113.5530493291395
25,217,87,22.92874285790912,113.55401324077998
25,217,88,22.929102448037835,113.554436288118
25,217,89,22.929409730698488,113.55474319549856
25,217,90,22.9296269911601,113.55510137955504
25,217,91,22.92949502649831,113.55542696822856
25,217,92,22.9293783736747,113.55402829532628
25,217,93,22.93040213315672,113.5530131843672
25,217,94,22.93431877322751,113.55052432358912
25,217,95,22.934162805792823,113.54849177042884
25,217,96,22.934794693819608,113.5481085986256
25,217,97,22.9348955027661,113.54803239601485
25,217,98,22.934835652006456,113.54751400272374
25,217,99,22.93534322557357,113.5475903743732
25,217,100,22.93541189898075,113.54746218003696
25,217,101,22.93534013542372,113.54734007440858
25,217,102,22.935392602085823,113.54724231875728
25,217,103,22.935495954097416,113.54716450801142
25,217,104,22.93546591013734,113.54703486324796
25,217,105,22.93538760324087,113.54689144983011
25,217,106,22.93533709221037,113.54674911632677
25,217,107,22.93580737934612,113.54636156073934
25,217,108,22.935653499803745,113.5461579506042
25,217,109,22.935653779455738,113.54719999689028
25,217,110,22.935742314413364,113.54736788426388
25,217,111,22.935637350543637,113.5474061628776
25,217,112,22.935570798684715,113.54784158338455
25,217,113,22.936024312343477,113.54810929174872
25,217,114,22.93616122642463,113.54819126638957
25,217,115,22.936234988279384,113.54830887985838
25,217,116,22.93623110889855,113.54841608782372
25,217,117,22.93614675284658,113.54852508102286
25,217,118,22.936038367597423,113.54866886347716
25,217,119,22.935962056057583,113.54850946014253
25,217,120,22.935813591964795,113.54873901202488
25,217,121,22.9363616457126,113.54858683805188
25,217,122,22.936506626190184,113.548648728966
25,217,123,22.936801411750576,113.5486799781641
25,217,124,22.936790899854262,113.54903538166452
25,217,125,22.936417362739903,113.54906571889605
25,217,126,22.93626722991151,113.54927900575224
25,217,127,22.93648154724879,113.54824296521468
25,217,128,22.93668416607695,113.54783302384251
25,217,129,22.93656185471432,113.54738924471076
25,217,130,22.93645850162613,113.54702048825293
25,217,131,22.936300642955285,113.54703701096228
25,217,132,22.936178190252733,113.54743168168068
25,217,133,22.936101648320648,113.54752992413978
25,217,134,22.937008195899946,113.54737515584104
25,217,135,22.93683216563377,113.5469118849496
25,217,136,22.938178026645343,113.54740756475478
25,217,137,22.934619101433285,113.5466120443239
25,157,0,22.931022535468117,113.50666141804608
25,157,1,22.93409179785976,113.5026842528248
25,157,2,22.93330789851724,113.50007288954602
25,157,3,22.933023173573503,113.50011769004878
25,157,4,22.93294918201733,113.49979354740744
25,157,5,22.933013900369023,113.49965352645624
25,157,6,22.93282906448324,113.49965817099812
25,157,7,22.932768624873013,113.49974540649671
25,157,8,22.932565544660395,113.4995483928229
25,157,9,22.93225579224884,113.49960640886933
25,157,10,22.932205071892536,113.4994472895702
25,157,11,22.931937213884403,113.49961689169794
25,157,12,22.93218887038048,113.49980689234089
25,157,13,22.93227273902664,113.49992753000572
25,157,14,22.932401320997982,113.4998378022608
25,157,15,22.93239929810805,113.50015967352934
25,157,16,22.932256056482792,113.50023252873528
25,157,17,22.93239801411609,113.50035288431629
25,157,18,22.932652365354528,113.50029025487292
25,157,19,22.93378903544092,113.4999247105818
25,157,20,22.93387911012527,113.49961296511796
25,157,21,22.933009742068418,113.49914796947856
25,157,22,22.946395524780105,113.4801250064003
25,58,0,22.908067533551385,113.43180526012516
25,58,1,22.909887118720672,113.43114893525347
25,58,2,22.90998771676094,113.43096946140746
25,58,3,22.909840794240743,113.43065268142254
25,58,4,22.90979204005105,113.43049659178962
25,58,5,22.90987019516885,113.4303448625014
25,58,6,22.90978372679489,113.43017833775818
25,58,7,22.90961672378052,113.4302278692452
25,58,8,22.90952393995743,113.43035010394658
25,58,9,22.90953985586209,113.42996225387128
25,58,10,22.91011411520216,113.4301609838947
25,58,11,22.910238011449188,113.4301341054236
25,58,12,22.91041350012244,113.43009492207018
25,58,13,22.910560355074903,113.4295703556584
25,58,14,22.91048148896937,113.42948852807883
25,58,15,22.91031666922954,113.42909647509347
25,58,16,22.90659060537661,113.42434137767464
25,58,17,22.88059614326244,113.42652094669414
25,174,0,22.92927018805049,113.54657319246236
25,174,1,22.933074120649632,113.54506266609928
25,174,2,22.945345564682043,113.54298615735912
26,1066,0,23.124386045631677,112.93456944415703
26,1066,1,23.12413860224206,112.9353757316345
26,1066,2,23.123932810817266,112.93567317119306
26,1066,3,23.12404006054841,112.93581823992234
26,1066,4,23.12409392135751,112.9359517358744
26,1066,5,23.12403127827585,112.93613614337244
26,1066,6,23.123889745509945,112.93599067629638
26,1066,7,23.123784485737104,112.93600488384956
26,1066,8,23.123651677653303,112.93620296166377
26,1066,9,23.123628673774867,112.93633271693014
26,1066,10,23.123513577933323,112.93640904721563
26,1066,11,23.12335432347203,112.93645275401477
26,1066,12,23.12319282887505,112.93651808050446
26,1066,13,23.123281550300465,112.93661767045457
26,1066,14,23.123445405521636,112.93663951127569
26,1066,15,23.123543237539145,112.93674539858144
26,1066,16,23.123602424602687,112.936885154881
26,1066,17,23.12359897879201,112.93698645612434
26,1066,18,23.12370347596929,112.93700020094374
26,1066,19,23.123649819643774,112.93710478736092
26,1066,20,23.12354479443,112.93692274138144
26,1066,21,23.123414833899403,112.93679592930155
26,1066,22,23.123548713248773,112.93665001644209
26,1066,23,23.12350746486415,112.93655623595455
26,1066,24,23.123675681688525,112.93659680624852
26,1066,25,23.12379050499238,112.93658982344448
26,1066,26,23.123842378865437,112.93668718760682
26,1066,27,23.12383154671525,112.9368071146617
26,1066,28,23.123682032460668,112.936835325921
26,1066,29,23.12383152788216,112.93694964307454
26,1066,30,23.123951909717743,112.93696160266096
26,1066,31,23.124093531511257,112.9370023205314
26,1066,32,23.124033860640186,112.936899008216
26,1066,33,23.12395616697222,112.93682751836256
26,1066,34,23.123897449044435,112.93673892503035
26,1066,35,23.12387923029344,112.93658162412616
26,1066,36,23.12384509864169,112.93645285871878
26,1066,37,23.124003637366087,112.93647486024972
26,1066,38,23.12415016327437,112.93647889140078
26,1066,39,23.12410873855138,112.93634078578188
26,1066,40,23.124275421298385,112.93636219837
26,1066,41,23.1243757959096,112.93600183289271
26,1066,42,23.12432490204805,112.93591186199342
26,1066,43,23.12419623132753,112.93576910175942
26,1066,44,23.12446267639859,112.93572383400593
26,1066,45,23.12384966972241,112.93637103919508
26,1066,46,23.123760244659184,112.936426695449
26,1066,47,23.123681361424744,112.9363146045006
26,1066,48,23.123354386259606,112.9361106745124
26,1066,49,23.1231665408832,112.93628258410932
26,1066,50,23.12319162823979,112.93638164562654
26,1066,51,23.122963932028384,112.93626930948804
26,1066,52,23.122820219561486,112.93624399238288
26,1066,53,23.122757292427924,112.93632567581447
26,1066,54,23.122701232915624,112.93641522407
26,1066,55,23.122739509226182,112.93651566649746
26,1066,56,23.122628207245103,112.93653322304208
26,1066,57,23.12256086582237,112.93644587677184
26,1066,58,23.1224421452982,112.93638498898748
26,1066,59,23.12243412953494,112.93627877906684
26,1066,60,23.12253858343594,112.93627782018704
26,1066,61,23.122478249534414,112.93611935599898
26,1066,62,23.122472536860517,112.93595704305446
26,1066,63,23.122607147135977,112.93601924677608
26,1066,64,23.12271054285478,112.93611275250018
26,1066,65,23.122607871518333,112.9362317838147
26,1066,66,23.122458538320668,112.93651869266778
26,1066,67,23.122412544733464,112.93662629822138
26,1066,68,23.122269727033597,112.9367043936828
26,1066,69,23.122359537976525,112.93690212933085
26,1066,70,23.12248761888512,112.93687277452072
26,1066,71,23.12252539395992,112.93676214977113
26,1066,72,23.122671909743087,112.93666151945388
26,1066,73,23.12280656440595,112.93666214794712
26,1066,74,23.122858286839936,112.93654673020724
26,1066,75,23.12301525674228,112.9365882553565
26,1066,76,23.12314702582156,112.9366888919538
26,1066,77,23.123107176039667,112.93681316823196
26,1066,78,23.12289553291847,112.93681578032226
26,1066,79,23.1228108254525,112.93690977125928
26,1066,80,23.122635251761903,112.93687295769055
26,1066,81,23.12233719679246,112.93717364150731
26,1066,82,23.12218469842576,112.93694124282824
26,1066,83,23.12207640786877,112.93680535756388
26,1066,84,23.12198764066568,112.93685193881969
26,1066,85,23.121949712449364,112.93663920099704
26,1066,86,23.122143744078148,112.93668522215248
26,1066,87,23.122199843604527,112.93650239231536
26,1066,88,23.12221239486741,112.93629819073558
26,1066,89,23.12233436035513,112.93623718514216
26,1066,90,23.12191992607953,112.93614546780822
26,1066,91,23.121730201589862,112.93651343585027
26,1066,92,23.12167606002326,112.9366361576709
26,1066,93,23.121526348573877,112.9367094670297
26,1066,94,23.121420110385763,112.93681733252026
26,1066,95,23.12168315202304,112.93698761237412
26,1066,96,23.121652807486885,112.93718230888948
26,1066,97,23.12171471349684,112.93737163929188
26,1066,98,23.121908416731973,112.93713362168174
26,1066,99,23.121248866622807,112.93721447869645
26,1066,100,23.12226334845465,112.935808251951
26,1066,101,23.12248571421173,112.93573792571344
26,1066,102,23.12234089325147,112.93546962790742
26,1066,103,23.12284766957324,112.9350172035736
26,1066,104,23.12305835698322,112.9353693096045
26,1066,105,23.123480511195872,112.93588057739936
26,1066,106,23.12391880516358,112.93689831608478
26,1066,107,23.123631506864733,112.92944150784636
26,38,0,23.12884258506744,112.92531108957232
26,38,1,23.129416663880008,112.92516647963603
26,38,2,23.130862539551824,112.92370670793665
26,38,3,23.130587553556,112.92308021775436
26,38,4,23.13090187795216,112.92286317128834
26,38,5,23.130994045525995,112.92273367643377
26,38,6,23.131050227325076,112.92255547940218
26,38,7,23.1312731456604,112.92244149432383
26,38,8,23.13132556456417,112.92234831439112
26,38,9,23.131455431021717,112.92233547224455
26,38,10,23.131571086655978,112.92240882842523
26,38,11,23.13146110014789,112.92241293469326
26,38,12,23.13137025544079,112.9226247167789
26,38,13,23.13153683530241,112.92267914956504
26,38,14,23.13159354755754,112.92252209866888
26,38,15,23.131745104842185,112.92258530680536
26,38,16,23.13185399835406,112.92241986927752
26,38,17,23.131760377774725,112.9223252068198
26,38,18,23.131686319263466,112.92221303901032
26,38,19,23.131569953105902,112.9221681183112
26,38,20,23.131486917169404,112.922097659122
26,38,21,23.13163878447391,112.92204016801948
26,38,22,23.1317388346938,112.92206698476544
26,38,23,23.131771499822467,112.92192187050269
26,38,24,23.13166492812405,112.92189334262515
26,38,25,23.13155585803958,112.92182422989504
26,38,26,23.13149433842693,112.92193968382507
26,38,27,23.131413620338023,112.92203743403114
26,38,28,23.131292227086945,112.92203788172904
26,38,29,23.13119826098781,112.92190672342964
26,38,30,23.13121259024101,112.92180645784237
26,38,31,23.13136809042984,112.92178281293262
26,38,32,23.131581425088665,112.92191198227412
26,38,33,23.131706393105613,112.9221721564134
26,38,34,23.13187559367192,112.92216768465286
26,38,35,23.131885631725044,112.92200891580916
26,38,36,23.13199380250435,112.92183027717924
26,38,37,23.13211244429134,112.92190082353372
26,38,38,23.132211698659667,112.92195204223282
26,38,39,23.132308206075887,112.92203795862108
26,38,40,23.13238371313194,112.92213028259584
26,38,41,23.132490540421703,112.92211511201498
26,38,42,23.13254875108489,112.92201032907352
26,38,43,23.13251945548515,112.92191114344372
26,38,44,23.132555492419023,112.92180491453011
26,38,45,23.132440863691773,112.92179703780656
26,38,46,23.13247368319756,112.92189534464364
26,38,47,23.13235810428928,112.9219196145357
26,38,48,23.13224638038688,112.92191408052784
26,38,49,23.132319354275023,112.92184471490565
26,38,50,23.13230111919896,112.92173451030928
26,38,51,23.13219275434291,112.92176300853816
26,38,52,23.13232821844714,112.92163329263629
26,38,53,23.13232098051536,112.921510915248
26,38,54,23.13242260214234,112.92157471186664
26,38,55,23.132388210979013,112.92169087245128
26,38,56,23.132492919666944,112.92170029217556
26,38,57,23.13263595714237,112.9217135931345
26,38,58,23.13274273684032,112.9216324013939
26,38,59,23.132641245021425,112.92157259078238
26,38,60,23.132703767179567,112.92146548664384
26,38,61,23.13282115345622,112.92143265594078
26,38,62,23.132791080740866,112.92131045519628
26,38,63,23.1326147333665,112.92124017228237
26,38,64,23.132639435512317,112.92107954794132
26,38,65,23.132758397275403,112.9209596617076
26,38,66,23.132819770891054,112.92087473458513
26,38,67,23.132987125903675,112.92082598048628
26,38,68,23.13284283300788,112.92070565216868
26,38,69,23.13279403509214,112.9205604785952
26,38,70,23.1330362701414,112.92048350920662
26,38,71,23.133216326067167,112.92056150377049
26,38,72,23.133494428411638,112.92014417023532
26,38,73,23.132875209056063,112.92110060201732
26,38,74,23.132567419357212,112.92137462615617
26,38,75,23.1325458154878,112.92148693372827
26,38,76,23.132394586400228,112.92125888328052
26,38,77,23.13228293299977,112.92137355591302
26,38,78,23.132439941055825,112.92105030277632
26,38,79,23.132444973739265,112.92073905334053
26,38,80,23.132014308101024,112.92009220252348
26,38,81,23.131655452486715,112.92087565097158
26,38,82,23.13201593853539,112.92161906654314
26,38,83,23.132402796412094,112.92202751902958
26,38,84,23.132565273111016,112.9221794596558
26,38,85,23.132601618669472,112.9220792096035
26,38,86,23.13265185363086,112.9221660444882
26,38,87,23.13275197595033,112.92210585747245
26,38,88,23.13271290766938,112.92198245708984
26,38,89,23.13266478560493,112.921830019448
26,38,90,23.133088983751566,112.92212292566856
26,38,91,23.132222828863835,112.9222884808279
26,38,92,23.13144818613712,112.9221860802215
26,38,93,23.13125677473529,112.92223246823109
26,38,94,23.13111019388463,112.92207141684568
26,38,95,23.131642247403164,112.92283096818012
26,38,96,23.131308321389717,112.92299459812176
26,38,97,23.12910574233529,112.9196915855524
26,38,98,23.132167105384013,112.91839096506182
27,101,0,23.00943321260745,113.04362499446636
27,101,1,23.01121148339189,113.04474572901933
27,101,2,23.01183927239793,113.0414499386262
27,101,3,23.012219775692515,113.0403578974337
27,101,4,23.01157723148479,113.03931526166518
27,101,5,23.011282316884632,113.0391041039089
27,101,6,23.01117853926863,113.0391614243414
27,101,7,23.01108458666411,113.0392586479403
27,101,8,23.011100929887505,113.03910419563722
27,101,9,23.01091416966643,113.03917308203673
27,101,10,23.010797119753278,113.03942907536914
27,101,11,23.010749352981133,113.03958097286734
27,101,12,23.010702336380003,113.03968597983094
27,101,13,23.0105671607595,113.03970554126828
27,101,14,23.01063555518705,113.03980975784292
27,101,15,23.010743174633436,113.03980124139925
27,101,16,23.010643018795825,113.03974670954592
27,101,17,23.01059209992834,113.03983416803958
27,101,18,23.010462248454505,113.03979344348136
27,101,19,23.01042855788768,113.03992443821248
27,101,20,23.01054722183728,113.0399202922729
27,101,21,23.010699966609312,113.03990156526058
27,101,22,23.01082646512065,113.03989407223344
27,101,23,23.010832964004425,113.03977926907592
27,101,24,23.010720839090485,113.0398395563735
27,101,25,23.01080569059068,113.03999353593396
27,101,26,23.010647219752197,113.04001434010168
27,101,27,23.0105953783856,113.0401211384354
27,101,28,23.010490243250832,113.040086158942
27,101,29,23.01045423770479,113.03998994471488
27,101,30,23.01034928830641,113.04006256841348
27,101,31,23.010329844262603,113.03995292210224
27,101,32,23.010226403510995,113.03996663854215
27,101,33,23.01017053682661,113.04005214163604
27,101,34,23.010064755354936,113.040098416205
27,101,35,23.009973665371184,113.0401569370042
27,101,36,23.00988638595512,113.0400727153257
27,101,37,23.009846080650792,113.04017600393648
27,101,38,23.009877214457703,113.04028985110044
27,101,39,23.009748799380947,113.04028167543484
27,101,40,23.009828495958654,113.0401353280106
27,101,41,23.009852430277824,113.04002971026524
27,101,42,23.009989145448444,113.03997255804046
27,101,43,23.010089110567773,113.03995595930051
27,101,44,23.01024192118848,113.04009629802836
27,101,45,23.010356676032263,113.04010856171809
27,101,46,23.01045962211988,113.04011305718188
27,101,47,23.010011775114087,113.0402222371959
27,101,48,23.010053109820685,113.04042936745282
27,101,49,23.009859566218164,113.0403949290638
27,101,50,23.009687307705768,113.0403622365444
27,101,51,23.00960045849362,113.04029402596824
27,101,52,23.009452965465183,113.04032761001775
27,101,53,23.00953638784003,113.04045635864416
27,101,54,23.00937566442838,113.04049499497822
27,101,55,23.00929407270583,113.04057074415404
27,101,56,23.00955295880477,113.04064472667258
27,101,57,23.00989228234893,113.04071691803436
27,101,58,23.009640149283264,113.04010883288126
27,101,59,23.009372292872037,113.04011185511604
27,101,60,23.01064814945051,113.03961653153648
27,101,61,23.01089435008345,113.03959192243656
27,101,62,23.01096742335738,113.03950143596884
27,101,63,23.01117142106849,113.0393934658292
27,101,64,23.010933253899235,113.03974031337977
27,101,65,23.01109956522646,113.03981909389724
27,101,66,23.01177098857835,113.03891373502962
27,101,67,23.011792211562003,113.03868025845958
27,101,68,23.01108194052402,113.03715135889686
27,101,69,23.013725157278348,113.03904271591688
27,101,70,23.0162256187842,113.03751126148047
27,101,71,23.018592100382303,113.03569194425316
27,101,72,23.01238594495636,113.03393138252515
27,101,73,23.01100736274295,113.03120237960074
27,101,74,23.01187210561888,113.02955083095438
27,101,75,23.00794618392652,113.03856397529503
27,101,76,23.011373873482867,113.04945324183916
27,345,0,23.004593761335972,113.04674329762688
27,345,1,23.004457463962908,113.04694710042426
27,345,2,23.004188709456532,113.04709661441323
27,345,3,23.004065939465043,113.04700907705654
27,345,4,23.00402231147944,113.04691275676696
27,345,5,23.00400541002494,113.04705481641922
27,345,6,23.00402558927636,113.04716501735
27,345,7,23.003954478152583,113.04707264997312
27,345,8,23.00387304263366,113.04698023667062
27,345,9,23.00380343822301,113.04718303511608
27,345,10,23.00371052835797,113.04724917388086
27,345,11,23.00370044032878,113.04738603570227
27,345,12,23.003680681230648,113.04749577073711
27,345,13,23.00363313942232,113.04738528276827
27,345,14,23.00358806107912,113.04728539246716
27,345,15,23.003489780397512,113.04737112679253
27,345,16,23.003340206681354,113.04750603951196
27,345,17,23.003282820828662,113.04759564507653
27,345,18,23.00334113269137,113.04768018592912
27,345,19,23.00325027633608,113.04772875061252
27,345,20,23.003158359523063,113.0477846674505
27,345,21,23.0032771363753,113.04782183051051
27,345,22,23.00321611414689,113.0479085478246
27,345,23,23.00311086119775,113.04796762740855
27,345,24,23.00296144152502,113.04793824218896
27,345,25,23.003127105637382,113.04804965055476
27,345,26,23.00324511065636,113.04808795723156
27,345,27,23.00340929604773,113.04808292567373
27,345,28,23.003352838265105,113.04825456575848
27,345,29,23.00325942039229,113.04834495953594
27,345,30,23.003085359527205,113.04837006676904
27,345,31,23.003008326000582,113.04858570799198
27,345,32,23.00335163991136,113.04869477601812
27,345,33,23.00344717537737,113.0486443553992
27,345,34,23.00364137687717,113.0490812476325
27,345,35,23.003699417145647,113.0495213696156
27,345,36,23.00418065250086,113.04866369500633
27,345,37,23.00457900666505,113.04873591305784
27,345,38,23.003949989768703,113.04814224935036
27,345,39,23.00402269953093,113.04794544021838
27,345,40,23.00422930682793,113.04784974486545
27,345,41,23.004466330448665,113.04779818530668
27,345,42,23.00451607484755,113.04745530254968
27,345,43,23.00485161516731,113.04736357464276
27,345,44,23.005012456116468,113.04720563034712
27,345,45,23.00535780340735,113.04739034710263
27,345,46,23.00416033901173,113.04755483138528
27,345,47,23.004006103120837,113.0475446863598
27,345,48,23.004005576445756,113.04742552466196
27,345,49,23.00390371407753,113.04735889032268
27,345,50,23.00380383972877,113.04739582742263
27,345,51,23.00386935057652,113.04729600606473
27,345,52,23.00404188221648,113.04729579189284
27,345,53,23.00379559255328,113.04746977588492
27,345,54,23.00366824860852,113.04754739572226
27,345,55,23.003595252108568,113.04761723201248
27,345,56,23.00347304707829,113.04762138714128
27,345,57,23.003356702816653,113.04765738714175
27,345,58,23.003249833307255,113.04766152735652
27,345,59,23.00313454922989,113.04764652724636
27,345,60,23.00319536442943,113.0475652984374
27,345,61,23.003369712999557,113.04753757816124
27,345,62,23.00354927669596,113.0475381623793
27,345,63,23.003639309721628,113.0476589139241
27,345,64,23.003747413607503,113.04772216332012
27,345,65,23.003805804332814,113.0476257110511
27,345,66,23.003417281163475,113.04775411006302
27,345,67,23.003493987473604,113.04791051238574
27,345,68,23.003319995100167,113.04801079004152
27,345,69,23.003109963927358,113.04813957170047
27,345,70,23.002739806940856,113.0482868767307
27,345,71,23.00260284528536,113.04890155426898
27,345,72,23.003709218548607,113.0471448279226
28,175,0,23.104935244787296,113.29918370796968
28,175,1,23.111144023543176,113.3126512547584
28,175,2,23.11090046656764,113.31429778845316
28,175,3,23.11104821172992,113.31438806789694
28,175,4,23.11111050002573,113.31450967747556
28,175,5,23.11122893019256,113.31453849488685
28,175,6,23.11136117229254,113.31459095205938
28,175,7,23.1112483872456,113.31481409636756
28,175,8,23.1111106154214,113.31479419659036
28,175,9,23.11093063910453,113.31482883219915
28,175,10,23.110954162944584,113.31461488250204
28,175,11,23.11122886689079,113.31494085750602
28,175,12,23.11123702734171,113.3150505342254
28,175,13,23.111364503825712,113.31503747056462
28,175,14,23.111156777250248,113.31502557609028
28,175,15,23.111050474996077,113.31506768116984
28,175,16,23.11103895726109,113.31524351796466
28,175,17,23.110858542405545,113.31527465760011
28,175,18,23.1106944107218,113.3152702061483
28,175,19,23.1106025619485,113.31537209316184
28,175,20,23.11065070376215,113.3155068561965
28,175,21,23.110735103897344,113.31568103612408
28,175,22,23.110858933833036,113.31566934048624
28,175,23,23.11080460712209,113.3157539185942
28,175,24,23.11075722380801,113.31590157388796
28,175,25,23.110985830490424,113.31573437062517
28,175,26,23.11093894890641,113.31557834287128
28,175,27,23.11080631325001,113.31517287978478
28,175,28,23.11084137296586,113.3162010696805
28,175,29,23.112110246042445,113.31746446262552
28,175,30,23.112002545728654,113.31961814870732
28,393,0,23.11594697389877,113.26408933988051
28,393,1,23.115932696946118,113.26388165095022
28,393,2,23.115961704894733,113.26377720019308
28,393,3,23.11558911304404,113.26377491922293
28,393,4,23.11549903724294,113.26338397817298
28,393,5,23.11569244330912,113.2633354472952
28,393,6,23.115723452236995,113.26318567233942
28,393,7,23.11561425913801,113.26317795858964
28,393,8,23.11567887371836,113.26305502989898
28,393,9,23.11560781804238,113.26285336830144
28,393,10,23.115685737639463,113.2627050613177
28,393,11,23.115803008776247,113.26274453682822
28,393,12,23.11568517272368,113.2625405911619
28,393,13,23.115597436087235,113.2626182500924
28,393,14,23.11577220373465,113.26242671490483
28,393,15,23.11567167556529,113.26234591363128
28,393,16,23.11552644983917,113.2623221773014
28,393,17,23.11519404125956,113.26215627692142
28,393,18,23.115235061488228,113.26201982322702
28,393,19,23.11417000021732,113.26177664041973
28,393,20,23.11626306914917,113.26327835918912
29,36,0,23.07352346443391,112.18241792045193
29,36,1,23.077131685069105,112.19064845014876
29,36,2,23.07741845696548,112.1909121947542
29,36,3,23.0773636201262,112.19100002963997
29,36,4,23.0773888432297,112.1911676255074
29,36,5,23.077545696720215,112.19118424824345
29,36,6,23.077623635889417,112.19111865608528
29,36,7,23.077152888774407,112.19110898690602
29,36,8,23.076846454013808,112.19166156400054
29,36,9,23.076724676113443,112.19165808998564
29,36,10,23.076666657760384,112.19180246155452
29,36,11,23.076599748873377,112.19188203247106
29,36,12,23.07649687683,112.19184634240617
29,36,13,23.07658342349938,112.1917471194445
29,36,14,23.07656264440831,112.19192300973876
29,36,15,23.07641135541632,112.19189706672354
29,36,16,23.076304794699716,112.19199228155183
29,36,17,23.076412807778663,112.19222641863192
29,36,18,23.076589295477586,112.19211709391776
29,36,19,23.07669789330791,112.19203759650996
29,36,20,23.076805292471207,112.19203566266818
29,36,21,23.076990716423538,112.19206867636176
29,36,22,23.077101912291077,112.1921958783282
29,36,23,23.077254204778644,112.19230613034006
29,36,24,23.077029069676545,112.19243100867192
29,36,25,23.076866008191534,112.19247378513228
29,36,26,23.076689047572224,112.1924256154983
29,36,27,23.076757874596936,112.19221042279092
29,36,28,23.076860851808323,112.19226579092096
29,36,29,23.076790638009665,112.191895112896
29,36,30,23.077040855079566,112.19188064397464
29,36,31,23.0771910350624,112.19282644101185
29,36,32,23.079220258573823,112.19272139594791
29,36,33,23.07832431223373,112.19071402332148
29,36,34,23.082445283118496,112.1881721366824
29,36,35,23.082643275447374,112.18825694909292
29,36,36,23.08282991894184,112.1883633621452
29,36,37,23.08294144653444,112.18830813635913
29,36,38,23.0829824707357,112.18806673020244
29,36,39,23.08308311750791,112.1880165094439
29,36,40,23.082987295916418,112.1878658317132
29,36,41,23.083118927064334,112.18780778773092
29,36,42,23.08324998744745,112.18783795858752
29,36,43,23.08333550656544,112.18767552266914
29,36,44,23.083494411776165,112.187671600202
29,36,45,23.083665815053923,112.18773970696608
29,36,46,23.083645085276387,112.18792499756027
29,36,47,23.083512516183973,112.18799510221696
29,36,48,23.083302192264384,112.1879511277575
29,36,49,23.08345856892924,112.18786640149396
29,36,50,23.083207220838588,112.18751473715572
29,36,51,23.08314052992333,112.18723375466462
29,36,52,23.08285957240538,112.1873481839703
29,36,53,23.082814030565,112.18756935227906
29,36,54,23.08263844570304,112.18769251732672
29,36,55,23.082393001740705,112.18767309411476
29,36,56,23.0827664977937,112.18788097690448
29,36,57,23.08279011206704,112.18805781433352
29,36,58,23.08354986134728,112.1873146419505
29,36,59,23.08384968629222,112.18760325833358
29,36,60,23.08408212691124,112.18702260485836
29,36,61,23.084769941159763,112.1867146102104
29,36,62,23.08460705815405,112.18292766083496
29,144,0,23.078806593208117,112.1772060751507
29,144,1,23.085821487441567,112.1762898470983
29,144,2,23.07962596126077,112.16943756412437
29,144,3,23.079586057659395,112.1691942432297
29,144,4,23.0791244434826,112.16929610200512
29,144,5,23.07906472847888,112.16912088115753
29,144,6,23.07903901553428,112.16901860111726
29,144,7,23.07893582852076,112.1691491125233
29,144,8,23.07884992482057,112.1690589901723
29,144,9,23.07871144879664,112.16903285350072
29,144,10,23.078709737344724,112.169164911926
29,144,11,23.07880430450716,112.16923691727676
29,144,12,23.07870016859643,112.16932845894434
29,144,13,23.07860239555876,112.16928108736916
29,144,14,23.07840321980772,112.16916872762546
29,144,15,23.07832418183879,112.1692340371886
29,144,16,23.07826010894396,112.16931353022702
29,144,17,23.07808667904833,112.16929335667912
29,144,18,23.07802875360664,112.16908153283926
29,144,19,23.07799285413089,112.16892255665724
29,144,20,23.078223340440545,112.16906601533113
29,144,21,23.078367613389343,112.16900240656756
29,144,22,23.07846811773733,112.16900767381026
29,144,23,23.07863483476426,112.16894112298374
29,144,24,23.0785953060155,112.1686772006568
29,144,25,23.078564753713565,112.16855516066414
29,144,26,23.07827750721024,112.16856075436566
29,144,27,23.077873699477568,112.16860719436583
29,144,28,23.077608977857714,112.16836687775462
29,144,29,23.07748661932041,112.16864476963798
29,144,30,23.07732122427234,112.16893645139132
29,144,31,23.07714353489773,112.1687572587671
29,144,32,23.07702262152109,112.16883610043897
29,144,33,23.076904996010708,112.16887696727063
29,144,34,23.07666014655705,112.1686280433698
29,144,35,23.076367654238044,112.16867315119794
29,144,36,23.075766293562573,112.16874952970144
29,144,37,23.075646403490516,112.16894890598329
29,144,38,23.07547717554848,112.169025261476
29,144,39,23.075334271177915,112.16894819187182
29,144,40,23.075237458176744,112.16879301807668
29,144,41,23.07531640237478,112.1687046514642
29,144,42,23.07537353361535,112.1685807376796
29,144,43,23.07525957259785,112.1685598478906
29,144,44,23.075071171734816,112.1685610810014
29,144,45,23.0749740340527,112.1686715659564
29,144,46,23.07478191955666,112.1686302591256
29,144,47,23.07481786955662,112.16843854511056
29,144,48,23.07456937243728,112.16857351144108
29,144,49,23.074435023271786,112.16858253998372
29,144,50,23.074420001402,112.16840007392396
29,144,51,23.07453521966377,112.1687736798266
29,144,52,23.07465922557767,112.16885226295784
29,144,53,23.07477325765684,112.1688260578406
29,144,54,23.07481378767213,112.16912937007204
29,144,55,23.07508959786712,112.1690935038668
29,144,56,23.075086488053188,112.16894408817322
29,144,57,23.07510736747879,112.16881956614884
29,144,58,23.07535198893376,112.1688025535706
29,144,59,23.075502231830534,112.16878801702669
29,144,60,23.075432238050173,112.16919540475274
29,144,61,23.07556320415121,112.16930462138777
29,144,62,23.075673422746483,112.16933386935337
29,144,63,23.075685428971514,112.16948817543576
29,144,64,23.075720421784087,112.16975578101328
29,144,65,23.07521269136736,112.16949215934518
29,144,66,23.07526225882438,112.16939113948548
29,144,67,23.07522491530162,112.1691954561722
29,144,68,23.075074339788102,112.16968847199284
29,144,69,23.074579381736434,112.16938432090554
29,144,70,23.07480119634176,112.16809125686316
29,144,71,23.073650847058914,112.1680514418566
29,144,72,23.07233344345792,112.16811315073971
29,144,73,23.07302196042597,112.16667736471084
29,144,74,23.073023961706664,112.1648619806906
29,144,75,23.07708204800417,112.1679680359032
29,144,76,23.077717810557807,112.169183513834
29,144,77,23.09192965924324,112.16114198898862
30,131,0,23.1612896701376,112.7785525543456
30,131,1,23.160724956489112,112.78171040412732
30,131,2,23.1610123433617,112.78181613834631
30,131,3,23.160652206345627,112.7822002655805
30,131,4,23.160494401897605,112.78221267923786
30,131,5,23.160444624521038,112.78235367486948
30,131,6,23.1602851484843,112.78238342883247
30,131,7,23.16017531717185,112.7823512736393
30,131,8,23.160211031441754,112.78248044450412
30,131,9,23.16012562618185,112.78258853360794
30,131,10,23.160150478320208,112.78268686454624
30,131,11,23.16019771907414,112.7828504575686
30,131,12,23.160347600861723,112.78277168931524
30,131,13,23.1603472053342,112.78265278827566
30,131,14,23.1603747691327,112.78253546536546
30,131,15,23.160248813306936,112.78245422463692
30,131,16,23.160478791105923,112.78249799036016
30,131,17,23.160504590198222,112.7826522354626
30,131,18,23.160449235774536,112.78273708497323
30,131,19,23.160608160320425,112.78274461864692
30,131,20,23.160677688766217,112.78291626803396
30,131,21,23.16076766130712,112.7827091270689
30,131,22,23.16095590641236,112.78276211346802
30,131,23,23.16066901918372,112.78243673067811
30,131,24,23.16043906157821,112.78218096041375
30,131,25,23.160328754910008,112.78216325093588
30,131,26,23.16017427386042,112.7822045265578
30,131,27,23.160024577569843,112.7822600015404
30,131,28,23.159978617264382,112.78237907001824
30,131,29,23.159828162046367,112.78238193870024
30,131,30,23.15971557989752,112.78226746707162
30,131,31,23.159570205558676,112.78227898620057
30,131,32,23.15935095722731,112.78220038725208
30,131,33,23.159279322963496,112.7823482039084
30,131,34,23.15909170997351,112.7822899910494
30,131,35,23.15904389713702,112.78238478209452
30,131,36,23.15892856999401,112.78251712364786
30,131,37,23.15883826497928,112.78265802810856
30,131,38,23.158722645646638,112.78255462298952
30,131,39,23.158774525603977,112.78240320545969
30,131,40,23.158949123364117,112.78226536705674
30,131,41,23.15893190140861,112.7821604127447
30,131,42,23.159029189730617,112.78219816304784
30,131,43,23.15912824595935,112.78212651478778
30,131,44,23.15930773676461,112.78204058105364
30,131,45,23.159232631209683,112.78197303801622
30,131,46,23.159106511306398,112.78187234054435
30,131,47,23.15898817537872,112.78180374163767
30,131,48,23.158852961465687,112.7818747742173
30,131,49,23.15875747592892,112.78181464571117
30,131,50,23.158590388002203,112.7817450711554
30,131,51,23.15852520134561,112.78186004195044
30,131,52,23.15848733240278,112.78202523960078
30,131,53,23.158590489042385,112.78220496430488
30,131,54,23.15876611486936,112.78207240565892
30,131,55,23.158801897995907,112.78163071375884
30,131,56,23.158742263193076,112.78154749387475
30,131,57,23.158583206259,112.7813845174002
30,131,58,23.15852510308337,112.78127675120932
30,131,59,23.158364596636638,112.7813718180786
30,131,60,23.158418947565323,112.78145683528334
30,131,61,23.158357970916708,112.78155674784796
30,131,62,23.158469383925453,112.78171749825763
30,131,63,23.15821496734044,112.78175304616803
30,131,64,23.15820434839524,112.78214838064306
30,131,65,23.157929357106543,112.78266300971704
30,131,66,23.15866864902947,112.7830980362923
30,131,67,23.158992821285977,112.78274109362346
30,131,68,23.15922933524659,112.78255198941932
30,131,69,23.15948343542185,112.78251399276252
30,131,70,23.159905042311237,112.7825709002304
30,131,71,23.159967912009883,112.78209682969292
30,131,72,23.160075278494148,112.78199368584208
30,131,73,23.160236185621272,112.78195624986364
30,131,74,23.16030653235992,112.78202794753469
30,131,75,23.160463636097965,112.78204409065434
30,131,76,23.16006592000729,112.78176441928942
30,131,77,23.16044491573615,112.78297343720162
30,131,78,23.16023113808829,112.78302618872492
30,131,79,23.157001326115967,112.78142441681946
30,131,80,23.15659577588001,112.78318184388594
30,131,81,23.153632274089645,112.78356669422688
30,131,82,23.153375885188552,112.7823550047774
30,131,83,23.158200501748464,112.77680984119448
30,206,0,23.16111206511881,112.773652758531
30,206,1,23.160413993587586,112.77074026833492
30,206,2,23.16363225744753,112.770723756734
30,206,3,23.16506005594129,112.77079368267916
30,206,4,23.16531730896077,112.77063183502604
30,206,5,23.165513560822024,112.77087411449564
30,206,6,23.16564429624158,112.77073422859436
30,206,7,23.16579705143277,112.77078668961578
30,206,8,23.16576954715984,112.7706577944594
30,206,9,23.165734332425608,112.77052639453576
30,206,10,23.165711345178,112.7704131710187
30,206,11,23.16570373193652,112.77025681716503
30,206,12,23.16549870809133,112.77019292102632
30,206,13,23.1656402261187,112.7706353152292
30,206,14,23.16591499049244,112.77044190931404
30,206,15,23.166126506386355,112.77053757297196
30,206,16,23.166157165859232,112.7706504532457
30,206,17,23.16624315728576,112.77070584779386
30,206,18,23.16633915400141,112.77083815259168
30,206,19,23.166531665500244,112.77093464192583
30,206,20,23.16657539002191,112.77083832411824
30,206,21,23.16666832926338,112.77087660119204
30,206,22,23.16688731471424,112.77099713017051
30,206,23,23.1669797644272,112.77088539291238
30,206,24,23.16697485072593,112.77074829144271
30,206,25,23.16704717613463,112.7706271060741
30,206,26,23.16719644105717,112.77063813345552
30,206,27,23.167228999369463,112.77051533148574
30,206,28,23.166951217143957,112.7704349732932
30,206,29,23.1671842047028,112.77002573429
30,206,30,23.16739294457458,112.77004309147584
30,206,31,23.167553392629863,112.77049618893214
30,206,32,23.1675734242663,112.77072762174832
30,206,33,23.16768499646842,112.77065644992436
30,206,34,23.16783931746893,112.77065471012736
30,206,35,23.167735762655116,112.77077063158151
30,206,36,23.16773630286255,112.770874062306
30,206,37,23.16769918465129,112.7709723456148
30,206,38,23.167611679971778,112.77105941202625
30,206,39,23.1674950099248,112.77106196826084
30,206,40,23.167591686462163,112.77118481455526
30,206,41,23.16767018617472,112.77125740370612
30,206,42,23.16778958607193,112.77130534512294
30,206,43,23.16776212960687,112.77116246592682
30,206,44,23.167869878115347,112.77117264247102
30,206,45,23.167970794562727,112.77111356667731
30,206,46,23.168054933991936,112.77099013649982
30,206,47,23.1681454785131,112.77093284010422
30,206,48,23.16821696996059,112.77082050822436
30,206,49,23.16809562779924,112.77079854941876
30,206,50,23.167964938739523,112.77080909918192
30,206,51,23.16793626263939,112.77098372102516
30,206,52,23.16760895392613,112.77085847289592
30,206,53,23.167494891079645,112.7708492428446
30,206,54,23.167372650108288,112.77092859491393
30,206,55,23.167356010977745,112.77104248540832
30,206,56,23.16727894878922,112.77119031402836
30,206,57,23.167406901469924,112.77117286189126
30,206,58,23.167338150411783,112.77073138648278
30,206,59,23.16775899681164,112.77039370629277
30,206,60,23.16785984671033,112.77046153583774
30,206,61,23.168055700203503,112.77034079454226
30,206,62,23.168535187530825,112.7702590899018
30,206,63,23.16865501402158,112.77126806183408
30,206,64,23.168884923725685,112.77143562219818
30,206,65,23.16849860481448,112.77171101442408
30,206,66,23.16826114551475,112.77131930941172
30,206,67,23.16799394890796,112.7714618008728
30,206,68,23.16787706561544,112.77139931277624
30,206,69,23.166781756663102,112.77152741297988
30,206,70,23.16648270033031,112.77152366678744
30,206,71,23.166417085967957,112.7713965391952
30,206,72,23.166466217468777,112.77129930558256
30,206,73,23.166317983778782,112.7712546519379
30,206,74,23.16622052868953,112.77129721329888
30,206,75,23.16609890698309,112.77128684226246
30,206,76,23.166149081467715,112.77119159192262
30,206,77,23.16594826042649,112.77109347591896
30,206,78,23.165689602512707,112.77110335341136
30,206,79,23.1660718077568,112.77086999917424
30,206,80,23.166185210378774,112.77077484554462
30,206,81,23.166018728451903,112.77076635454854
30,206,82,23.166288674338105,112.77060436485849
30,206,83,23.16626400539663,112.77144552812936
30,206,84,23.16615547361799,112.7715066043312
30,206,85,23.16574916449913,112.7717211675158
30,206,86,23.16492163676192,112.77143125922598
30,206,87,23.163959645916357,112.7726691699868
30,206,88,23.167328699890938,112.76883110414212
30,206,89,23.1683317095355,112.76873526866024
30,206,90,23.168553394606,112.76924286303708
30,206,91,23.170524227619083,112.76864437754884
31,728,0,23.148375591255764,112.80925578088276
31,728,1,23.146748330867645,112.8090696317178
31,728,2,23.146199780360465,112.80848153733696
31,728,3,23.146250086280723,112.80834869949564
31,728,4,23.146327897165424,112.80825481824078
31,728,5,23.146380344297285,112.80816563054395
31,728,6,23.146361892323267,112.80806572458782
31,728,7,23.146258644887727,112.8080867644134
31,728,8,23.14614416760406,112.80815446459604
31,728,9,23.146105264790933,112.8080273548908
31,728,10,23.14619605900743,112.80793728639388
31,728,11,23.14623660064982,112.80783379035974
31,728,12,23.146110969222573,112.80782268480108
31,728,13,23.146175613618144,112.8076899295703
31,728,14,23.14632154426514,112.80764933962588
31,728,15,23.14630993412992,112.80775666093734
31,728,16,23.146314684692463,112.8078649256792
31,728,17,23.146276823934468,112.80799956029465
31,728,18,23.14610687154829,112.80792024803476
31,728,19,23.14603451596171,112.80801688263844
31,728,20,23.146067521106776,112.80829532467996
31,728,21,23.146490135403223,112.80829078735847
31,728,22,23.14649616178017,112.80817762274108
31,728,23,23.146419832839992,112.8077379492978
31,728,24,23.146572970528062,112.80741772719952
31,728,25,23.14666337571077,112.80737411523498
31,728,26,23.146750328594567,112.80729922282946
31,728,27,23.1466464075771,112.80728197031364
31,728,28,23.14653402829092,112.80717694073134
31,728,29,23.14655632448878,112.80705541280726
31,728,30,23.146473863239997,112.80691241865324
31,728,31,23.14638542731499,112.80686531501304
31,728,32,23.146538570914192,112.80682985116336
31,728,33,23.14668200472129,112.80694678328624
31,728,34,23.14674394790848,112.80704341866854
31,728,35,23.14667673295613,112.80712312259664
31,728,36,23.146526668490985,112.8072733152968
31,728,37,23.14638804443573,112.80723744952697
31,728,38,23.146381665473392,112.80706589920084
31,728,39,23.14648264181593,112.80711726675314
31,728,40,23.146307364538977,112.80685397205112
31,728,41,23.14638500323076,112.8067175657392
31,728,42,23.14642655006486,112.80660007561325
31,728,43,23.146314914776024,112.80650824903432
31,728,44,23.146233115854383,112.80665338037537
31,728,45,23.146185729192453,112.80649521632336
31,728,46,23.146520569313125,112.80633207998956
31,728,47,23.146737706650143,112.80608630493715
31,728,48,23.14664589528717,112.80675744612222
31,728,49,23.145869717444175,112.80599047442416
31,728,50,23.14600547605652,112.80771838373052
31,485,0,23.14943633136044,112.81122732917018
31,485,1,23.148643563894154,112.81300386417507
31,485,2,23.15080799265884,112.81492030396494
31,485,3,23.151655773240467,112.814721240398
33,419,0,23.082373271954197,113.43241758927742
33,419,1,23.084598421576366,113.43418402504874
33,419,2,23.08481449551277,113.43423320308683
33,419,3,23.084900961939105,113.43434052823838
33,419,4,23.084868785476285,113.43451903479162
33,419,5,23.08479067556827,113.4345943773572
33,419,6,23.084563926014468,113.43449714102582
33,419,7,23.085008247009608,113.43420703190068
33,419,8,23.085113304530672,113.43408179585002
33,419,9,23.08506589232885,113.43396960833456
33,419,10,23.08517218910417,113.433890503998
33,419,11,23.085508370491407,113.4338645176212
33,419,12,23.085649623302576,113.43392280341112
33,419,13,23.085764619469828,113.43381640411286
33,419,14,23.08588049947997,113.43368869354208
33,419,15,23.086122093000903,113.43363624013588
33,419,16,23.086080308193893,113.43322693245683
33,419,17,23.085255850978783,113.43419980928392
33,689,0,23.07746410143672,113.43687191002977
33,689,1,23.07724833126925,113.43667982255428
33,689,2,23.07720412900179,113.43645786056604
33,689,3,23.07716647629389,113.43634302063056
33,689,4,23.077164408982583,113.4362248640389
33,689,5,23.077229178509384,113.43606925170762
33,689,6,23.07708086130125,113.43604409428627
33,689,7,23.07700897187897,113.43595147636464
33,689,8,23.076891049381253,113.43588197739518
33,689,9,23.076971560014485,113.4357969013526
33,689,10,23.07710771413308,113.43588963141174
33,689,11,23.077234759633228,113.43583995550318
33,689,12,23.07731993677917,113.43592822411593
33,689,13,23.077426922516235,113.4357502137474
33,689,14,23.07721071879049,113.43572932383378
33,689,15,23.077120566553464,113.43565193853608
33,689,16,23.07710780732444,113.43553755395762
33,689,17,23.077089894178616,113.43540689235564
33,689,18,23.07728852799583,113.43532567403116
33,689,19,23.077219007277257,113.43524982431792
33,689,20,23.077273243676316,113.43515971056073
33,689,21,23.077368625537755,113.43519565985255
33,689,22,23.07745395149996,113.43504157928896
33,689,23,23.07754135252318,113.43493122619552
33,689,24,23.077549714231647,113.43472071048718
33,689,25,23.077266444869352,113.43474468448468
33,689,26,23.07727164761195,113.43485780623172
33,689,27,23.07715145548602,113.43490473675996
33,689,28,23.07702410446747,113.43490722316744
33,689,29,23.07699612341219,113.4350416625136
33,689,30,23.07689213612638,113.43503198073404
33,689,31,23.07679877259051,113.43492356811556
33,689,32,23.07667905295968,113.43489931225008
33,689,33,23.076701527630053,113.43476022399943
33,689,34,23.076929278262647,113.43471028924426
33,689,35,23.076961715637584,113.4346079066946
33,689,36,23.07686385617147,113.4344789085156
33,689,37,23.076663147408944,113.43442224032306
33,689,38,23.07650532256226,113.43434477867471
33,689,39,23.07681075500116,113.4342469645818
33,689,40,23.077012077211787,113.43433021460798
33,689,41,23.07709258732864,113.43447180878871
33,689,42,23.0771840988218,113.43455912691576
33,689,43,23.07709637039194,113.43461794643864
33,689,44,23.07713187052765,113.4347381424082
33,689,45,23.07708861708471,113.4348300085226
33,689,46,23.07715545304357,113.435014676748
33,689,47,23.077194800791094,113.4351303170962
33,689,48,23.0770798722061,113.43528510903516
33,689,49,23.076918192591183,113.43530677879224
33,689,50,23.076802730925376,113.43537205784536
33,689,51,23.076696385143563,113.43530351713083
33,689,52,23.07654441756796,113.43531465393892
33,689,53,23.07648135260588,113.43489793268232
33,689,54,23.077296235878205,113.43498014532037
33,689,55,23.077287167829574,113.43442416776804
33,689,56,23.077253218113427,113.43553847618588
33,689,57,23.07704783671313,113.43568990041324
33,689,58,23.07696190930283,113.4356200904287
33,689,59,23.07684867158543,113.43568257556063
33,689,60,23.07684225528903,113.43585150752372
33,689,61,23.076775459941462,113.43593010920932
33,689,62,23.076812691433098,113.4360251215092
33,689,63,23.076697417053747,113.43593525611476
33,689,64,23.076547063517257,113.43595565469587
33,689,65,23.07667808469708,113.43616881122826
33,689,66,23.0768418946972,113.4362287626591
33,689,67,23.07684683954002,113.43634995604408
33,689,68,23.07686965060067,113.43663755333236
33,689,69,23.077107794827587,113.4370205019156
33,689,70,23.07705052191794,113.43711658396164
33,689,71,23.07747331955223,113.43642881771314
33,689,72,23.075147442122784,113.43596316671744
33,689,73,23.076191647086844,113.43403157133773
33,689,74,23.076176250485023,113.43389949651984
34,269,0,23.156852091646627,112.59136821772948
34,269,1,23.157547258312093,112.59093235455168
34,269,2,23.15875985062466,112.59195627464224
34,269,3,23.158697778444434,112.59207469980508
34,269,4,23.15861718477805,112.59220307638714
34,269,5,23.15890523767319,112.592338474468
34,269,6,23.158933213524566,112.59244073364802
34,269,7,23.158871727369828,112.59253354380198
34,269,8,23.15898814982352,112.59261473158224
34,269,9,23.159087413322045,112.59264698974054
34,269,10,23.15916455705328,112.59255527451184
34,269,11,23.15916350227112,112.59243940171196
34,269,12,23.159257777063743,112.59229411977137
34,269,13,23.15931854408506,112.59215590870684
34,269,14,23.159419452229592,112.59207316118132
34,269,15,23.159607524326525,112.59208095024483
34,269,16,23.15985298281416,112.59207305923272
34,269,17,23.15993693316779,112.59191552000702
34,269,18,23.16012598112017,112.5920589185994
34,269,19,23.16014540621365,112.59218602068324
34,269,20,23.16025893024588,112.59204601375792
34,269,21,23.160316611824975,112.5919140959665
34,269,22,23.160290084883165,112.591790694876
34,269,23,23.16037088217431,112.5917125283131
34,269,24,23.160454901790377,112.59178613162273
34,269,25,23.16047728077165,112.59144581274052
34,269,26,23.16065828582669,112.59120513385017
34,269,27,23.160782959109216,112.59113469631473
34,269,28,23.16085976392424,112.59102146593712
34,269,29,23.1607953432981,112.59088593495902
34,269,30,23.16094616327471,112.59087576724778
34,269,31,23.16103504824949,112.59098711234196
34,269,32,23.161126173814505,112.59082175120795
34,269,33,23.161114955360304,112.59060488029134
34,269,34,23.161243854916385,112.59056653303486
34,269,35,23.161305267195505,112.59091616353996
34,269,36,23.16136494895867,112.59101360129009
34,269,37,23.161388006113395,112.59113280546303
34,269,38,23.16122533519465,112.59129387583498
34,269,39,23.16133192737974,112.59149971201906
34,269,40,23.16124756866978,112.59162255011668
34,269,41,23.1611426316716,112.59163410987756
34,269,42,23.16102395393875,112.59159022238951
34,269,43,23.16091359859493,112.59150519277652
34,269,44,23.16096340032048,112.5913874532586
34,269,45,23.160727313926344,112.59104589981924
34,269,46,23.16086713803848,112.59173065584407
34,269,47,23.16107946958764,112.59181139074508
34,269,48,23.1610379083372,112.59194251589602
34,269,49,23.160842440363524,112.59206087886363
34,269,50,23.16112813839254,112.59230237501292
34,269,51,23.16150146660304,112.59170155955668
34,269,52,23.16165048143153,112.59107813798936
34,269,53,23.160336839311277,112.59234591581976
34,269,54,23.16007022018639,112.59250443225778
34,269,55,23.159958661004243,112.5925919857664
34,269,56,23.160076161914265,112.59270797333092
34,269,57,23.159360222126853,112.5924548481894
34,269,58,23.159113054596343,112.59220577339391
34,269,59,23.15905875815626,112.59207112670612
34,269,60,23.158959426289528,112.59199809734692
34,269,61,23.15922096572535,112.59174328817656
34,269,62,23.158612391747813,112.59255560842278
34,269,63,23.158753351405217,112.59271763738332
34,269,64,23.158629469745417,112.59278373897706
34,269,65,23.158695617461444,112.59289053025338
34,269,66,23.1586048623377,112.59300558076676
34,269,67,23.158487992229254,112.5930162410861
34,269,68,23.15844119996744,112.59310533810364
34,269,69,23.158341602817117,112.59323012605904
34,269,70,23.15823206603116,112.59339550211445
34,269,71,23.158078129532807,112.5934268047851
34,269,72,23.15802408126708,112.59333504213367
34,269,73,23.15812753179724,112.59292579899105
34,269,74,23.1583324754152,112.59287201555873
34,269,75,23.15847698622345,112.59292011811164
34,269,76,23.15869386873561,112.59313450702764
34,269,77,23.158512753437748,112.59333569591898
34,269,78,23.15851254711863,112.59344484510044
34,269,79,23.15880596547851,112.59292848116472
34,269,80,23.158905132842847,112.59281656386972
34,269,81,23.16083804707153,112.59338729546572
34,269,82,23.16151268643356,112.5932784007957
34,269,83,23.161751861257542,112.59438769173082
34,269,84,23.16022541722552,112.59825161054025
34,269,85,23.15002067249912,112.59370429206628
34,269,86,23.14934967159537,112.5910784060692
34,62,0,23.149972156214293,112.58381116268026
34,62,1,23.1509349240654,112.58146629207508
34,62,2,23.150393024415663,112.58093449291135
34,62,3,23.1503223928087,112.58067622912182
34,62,4,23.15016238800657,112.58077459018394
34,62,5,23.149986746288253,112.58095963158752
34,62,6,23.149901624598243,112.58077221516707
34,62,7,23.14979751361576,112.58054724267588
34,62,8,23.149688274324063,112.58064394808108
34,62,9,23.14955227009504,112.58065816225908
34,62,10,23.14944377472204,112.58073165437234
34,62,11,23.1494823644728,112.58050976543969
34,62,12,23.149180679209064,112.58037445543016
34,62,13,23.149231115358603,112.58014708397398
34,62,14,23.1491988820767,112.57980422596246
34,62,15,23.148841038715545,112.5802690793928
34,62,16,23.14883621283529,112.58039189940764
34,62,17,23.14880660143622,112.5805328861965
34,62,18,23.14880125508748,112.58064415898863
34,62,19,23.148879608249747,112.58072131032588
34,62,20,23.148763910249457,112.58077283619068
34,62,21,23.148620472629165,112.5806851552056
34,62,22,23.148627418815916,112.58048838989612
34,62,23,23.148582893849284,112.58029957559842
34,62,24,23.148501053044274,112.58017965053858
34,62,25,23.149022392676617,112.58064601994288
34,62,26,23.14901985016336,112.58083046498064
34,62,27,23.14899907914554,112.58095491064476
34,62,28,23.14879684294808,112.58102378609696
34,62,29,23.14871352526602,112.58111369474372
34,62,30,23.14864947951735,112.58103030142632
34,62,31,23.148540609734287,112.58100636886546
34,62,32,23.148483097451315,112.58111733864638
34,62,33,23.1484989724857,112.5812391744814
34,62,34,23.14863613739313,112.58126488528818
34,62,35,23.148560285652835,112.58141792933566
34,62,36,23.14848148182886,112.5815133682604
34,62,37,23.14827848254176,112.58165036912727
34,62,38,23.14822214374979,112.58156545690032
34,62,39,23.148255750482956,112.58146560035972
34,62,40,23.14815267013964,112.58132624499812
34,62,41,23.14817007570729,112.58121287585782
34,62,42,23.148042304532908,112.5811047633447
34,62,43,23.148072091811034,112.58123374828138
34,62,44,23.14805589223345,112.5814177918809
34,62,45,23.14790297037684,112.5815140756503
34,62,46,23.147897510988805,112.58105010834892
34,62,47,23.147758845576703,112.58097524425152
34,62,48,23.14805548063344,112.58088047639497
34,62,49,23.148254203189623,112.58097631656148
34,62,50,23.14830590302105,112.58085358996018
34,62,51,23.148358245931146,112.58100667463204
34,62,52,23.14850465467261,112.58088741622532
34,62,53,23.148668768170847,112.58089134899944
34,62,54,23.14850709214348,112.58131859746165
34,62,55,23.149827770446333,112.58009960833574
34,62,56,23.14996928216754,112.5801662054644
34,62,57,23.150055673878843,112.58022758032368
34,62,58,23.150019570385957,112.58006778485472
34,62,59,23.149948674357177,112.57995473932692
34,62,60,23.150136197791035,112.57995436866454
34,62,61,23.15022687487981,112.58001891801224
34,62,62,23.150254475624045,112.58014718685
34,62,63,23.15030167415842,112.58032829576076
34,62,64,23.150373322172456,112.58009723121344
34,62,65,23.150451728190827,112.5800310025015
34,62,66,23.150682563323112,112.58014375805644
34,62,67,23.150756697089943,112.5800367334656
34,62,68,23.15068586215588,112.5798345093412
34,62,69,23.15069061120075,112.57970356582378
34,62,70,23.15095907324561,112.57961788943526
34,62,71,23.15100721158566,112.57991456329592
34,62,72,23.150529996669466,112.57967348265971
34,62,73,23.1504237536878,112.57967879836106
34,62,74,23.150447296246085,112.57955751080924
34,62,75,23.15053529071312,112.5794832425582
34,62,76,23.15069206887378,112.57947037784088
34,62,77,23.150754510995387,112.57938163376602
34,62,78,23.15079664976535,112.57914742251047
34,62,79,23.15016869594159,112.57974895454882
34,62,80,23.15021100622469,112.57984665836614
34,62,81,23.15084632192293,112.58062419866918
34,62,82,23.14347767342531,112.5787494109974
34,62,83,23.14265224273884,112.58443620325474
35,134,0,23.06477095254792,112.52296832003704
35,134,1,23.066777945925573,112.52261504121596
35,134,2,23.06767976267741,112.5238077584689
35,134,3,23.067135510450395,112.52432228478295
35,134,4,23.06778899617597,112.5247343559099
35,134,5,23.06760392734859,112.52527763600168
35,134,6,23.0677067339027,112.5254209958139
35,134,7,23.06762851965575,112.5254946273154
35,134,8,23.06774598104328,112.52558177073118
35,134,9,23.0676589538044,112.5256976375481
35,134,10,23.06753695890321,112.52568452691658
35,134,11,23.06738343890759,112.52568993875836
35,134,12,23.067279717420465,112.52568751302042
35,134,13,23.067288757851145,112.5258700765568
35,134,14,23.06724841168063,112.52610571364998
35,134,15,23.067186847063223,112.52618795566184
35,134,16,23.06757583682561,112.52610758008244
35,134,17,23.06767049977991,112.52604020576015
35,134,18,23.067771581508904,112.526018175136
35,134,19,23.067787315588863,112.5258356840932
35,134,20,23.06792534256227,112.52580076225266
35,134,21,23.068030792554065,112.52575532228715
35,134,22,23.06800983294013,112.52562412163282
35,134,23,23.06794863898068,112.52553362915154
35,134,24,23.06780307950528,112.52562331659716
35,134,25,23.06779018271312,112.52572638656518
35,134,26,23.06772927465072,112.52581660356272
35,134,27,23.067590127764404,112.52583910658974
35,134,28,23.067547752523843,112.5260117469612
35,134,29,23.0676827341838,112.5261961513724
35,134,30,23.06779717515328,112.52618410741748
35,134,31,23.0682021890832,112.52625860198972
35,134,32,23.06785823117677,112.52679365036325
35,134,33,23.06777113726033,112.52690612325532
35,134,34,23.067638089446625,112.52693260598504
35,134,35,23.06761242380208,112.52708891450588
35,134,36,23.06750119779148,112.5270735917202
35,134,37,23.06739657259378,112.52715923118755
35,134,38,23.067289332143137,112.5271889708782
35,134,39,23.06732578273836,112.52707695151346
35,134,40,23.067179845167107,112.52733431097889
35,134,41,23.06722858397463,112.52743978472468
35,134,42,23.06732779490453,112.52748612495562
35,134,43,23.067374055801263,112.52759499033456
35,134,44,23.06744539432595,112.52745915118544
35,134,45,23.06753795402211,112.52738578019569
35,134,46,23.067649559568736,112.52739819632274
35,134,47,23.06770647401816,112.52730482920174
35,134,48,23.06771501056337,112.52718913768628
35,134,49,23.067807772775005,112.527072753593
35,134,50,23.0679138351749,112.52707434492557
35,134,51,23.067814181576637,112.52715449105916
35,134,52,23.067986374710877,112.52720122056326
35,134,53,23.06804416021472,112.52733439777016
35,134,54,23.06796325909432,112.52740327296392
35,134,55,23.067843077812142,112.52737169346813
35,134,56,23.068103579654384,112.52722819934289
35,134,57,23.068351384562767,112.52718596176562
35,134,58,23.06809613972441,112.52697108396018
35,134,59,23.06867811807048,112.52686852375516
35,134,60,23.067719161085964,112.52782623960356
35,134,61,23.06739017159004,112.52784537649252
35,134,62,23.067178673374503,112.5276674589295
35,134,63,23.067228961578905,112.52753211915191
35,134,64,23.067041276411416,112.52760125669158
35,134,65,23.067206390543987,112.52548378907262
35,134,66,23.067546471772093,112.52547037065168
35,134,67,23.06782016921592,112.52542110685737
35,134,68,23.06811388233612,112.52550576329224
35,134,69,23.072249296735396,112.5262287091654
35,42,0,23.06878382653545,112.397387074493
35,42,1,23.0688362641208,112.39712823332133
35,42,2,23.06879095819755,112.39702077704742
36,246,0,23.08041864266531,112.20080800126564
36,246,1,23.087848859294677,112.20187080327116
36,246,2,23.09037112260884,112.20257464457887
36,246,3,23.09064052365478,112.20262499762556
36,246,4,23.090720248679222,112.20298449745448
36,246,5,23.090569559547603,112.20322243805994
36,246,6,23.09052373083788,112.2034240950254
36,246,7,23.0905683172896,112.20368382315098
36,246,8,23.090580281103257,112.20389775618084
36,246,9,23.09059669641352,112.20401705008275
36,246,10,23.09070507340957,112.2040679213398
36,246,11,23.09077950302865,112.20397899308878
36,246,12,23.09077564246915,112.20386139921588
36,246,13,23.09081808018907,112.203736486604
36,246,14,23.09095471241837,112.20378346354728
36,246,15,23.090915447925973,112.20396417323798
36,246,16,23.09100983216848,112.20414573876116
36,246,17,23.09092487097689,112.20428452839302
36,246,18,23.090864438136112,112.20438613165894
36,246,19,23.09091730576372,112.20450215006512
36,246,20,23.091079936914586,112.20451762167978
36,246,21,23.091353824345976,112.20424090627638
36,246,22,23.091571616692697,112.20443364230022
36,246,23,23.090864728458836,112.20414943636428
36,246,24,23.090814648093527,112.2040408909243
36,246,25,23.090608523232337,112.2040973501311
36,246,26,23.09050333513025,112.20404130114704
36,246,27,23.090361401952983,112.20405124801889
36,246,28,23.090217207404965,112.20418579381342
36,246,29,23.09040809319742,112.20429768703842
36,246,30,23.09035231395987,112.20439155191102
36,246,31,23.090316033447177,112.20448523669572
36,246,32,23.09033907004913,112.20459296420498
36,246,33,23.090181823069837,112.20444664169482
36,246,34,23.090459654318213,112.20416927103544
36,246,35,23.09047663233352,112.2039257740633
36,246,36,23.09078616383424,112.20355326323995
36,246,37,23.090249055681067,112.20337127017874
36,246,38,23.09069847540113,112.2043759309234
36,246,39,23.09154241848308,112.20648066800614
36,246,40,23.091908731303384,112.20056034596077
36,246,41,23.092082106638312,112.20023900694522
36,246,42,23.092151649502814,112.200131437914
36,246,43,23.09219380875889,112.19981249091738
36,246,44,23.092053656152085,112.19970890411663
36,246,45,23.092168369579596,112.1996448937739
36,246,46,23.092251065005183,112.19974698342284
36,246,47,23.092283536884345,112.1996248955551
36,246,48,23.092373781140147,112.19955141958376
36,246,49,23.09235490713177,112.1994227798607
36,246,50,23.09220355022706,112.19934997169162
36,246,51,23.092289754509537,112.19923730409636
36,246,52,23.09240285989373,112.1990138307443
36,246,53,23.09249834015576,112.1988276908749
36,246,54,23.092633758780945,112.19856463853858
36,246,55,23.092920683653364,112.19839084307506
36,246,56,23.09258586764222,112.19913387307112
36,246,57,23.09260105778845,112.19925861327984
36,246,58,23.09203079873329,112.1995087098253
36,246,59,23.09176525372183,112.19935903524764
36,246,60,23.09172449856331,112.1992014862584
36,246,61,23.091871588106127,112.19912462534072
36,246,62,23.091774967939426,112.1990166878328
36,246,63,23.09170667552554,112.19962606672664
36,246,64,23.09177638052349,112.19993884899996
36,246,65,23.091788181440656,112.20013917261387
36,246,66,23.0929455606973,112.19755294575144
36,246,67,23.094103558352973,112.19650398643228
36,246,68,23.089295286974348,112.19727934004104
37,1130,0,23.07547356175765,112.0380897280177
37,1130,1,23.07560917539784,112.03852316268514
37,1130,2,23.07540135383569,112.03860025412418
37,1130,3,23.075505204545344,112.0387222780974
37,1130,4,23.075315828089437,112.03892412640322
37,1130,5,23.075164808403077,112.03873048591844
37,1130,6,23.075047419914885,112.03879687759942
37,1130,7,23.07489024877421,112.03889756637804
37,1130,8,23.07482139349752,112.0390242259771
37,1130,9,23.074873778618176,112.0391535294
37,1130,10,23.07478042068688,112.03919012837892
37,1130,11,23.07459757599379,112.03925781808896
37,1130,12,23.07446071927473,112.03921245263388
37,1130,13,23.07451265413681,112.03909252275312
37,1130,14,23.07459225867993,112.03887624036686
37,1130,15,23.074993515817567,112.03908934510316
37,1130,16,23.07497425931913,112.03920267068747
37,1130,17,23.075051809322737,112.03928468638564
37,1130,18,23.07523082988128,112.03935969958208
37,1130,19,23.075311089628485,112.03944215297064
37,1130,20,23.07518523573308,112.03914581455297
37,1130,21,23.07491439468475,112.03938165753416
37,1130,22,23.074772459091548,112.0393858689413
37,1130,23,23.074697334808,112.03946336644144
37,1130,24,23.074539941649025,112.03941565307925
37,1130,25,23.07434207497052,112.03954145403613
37,1130,26,23.074194649397235,112.03968964843791
37,1130,27,23.074269397208894,112.03981136655209
37,1130,28,23.074218714927227,112.04000939818567
37,1130,29,23.0740649076758,112.040003499096
37,1130,30,23.073959151094837,112.03996884099789
37,1130,31,23.07407483178443,112.0399098186994
37,1130,32,23.073936845867728,112.0397917868352
37,1130,33,23.073878703295915,112.0396959639728
37,1130,34,23.07376586851658,112.03968666490788
37,1130,35,23.073719913089683,112.0398717765481
37,1130,36,23.073832609385303,112.03986007699568
37,1130,37,23.073754330676085,112.0399829385982
37,1130,38,23.07378149711054,112.04014856410151
37,1130,39,23.073871780320008,112.04034536013332
37,1130,40,23.073996138698373,112.04030619677522
37,1130,41,23.074033143502596,112.04010055212144
37,1130,42,23.074224471161017,112.04027012831368
37,1130,43,23.074408853842,112.04016189647292
37,1130,44,23.074521662830687,112.04014270184877
37,1130,45,23.07463093594809,112.04005632051972
37,1130,46,23.07447897994531,112.03993704292856
37,1130,47,23.07484835686496,112.04016818289692
37,1130,48,23.07403086994816,112.0396501491982
37,1130,49,23.07343657651424,112.03969281012726
37,1130,50,23.073484554044377,112.04003185259016
37,1130,51,23.073317446565408,112.04010712963364
37,1130,52,23.07319659100665,112.03998726293187
37,1130,53,23.07298850652814,112.04007846338448
37,1130,54,23.07352182450326,112.0402610615864
37,1130,55,23.07364816604118,112.04033570200016
37,1130,56,23.07597391457348,112.03897711543053
37,1130,57,23.076072765254747,112.03887465072222
37,1130,58,23.076326918549626,112.03879826255856
37,1130,59,23.076456400323035,112.03923863052395
37,1130,60,23.078601907663053,112.03847962574628
37,114,0,23.07764817869584,112.02749206206622
37,114,1,23.07784163479508,112.0274867476859
37,114,2,23.077809052157757,112.02733880383876
37,114,3,23.07789747219801,112.02726522319612
37,114,4,23.07800595117416,112.02716718343132
37,114,5,23.07792124954485,112.02706996992008
37,114,6,23.07781617532425,112.02708043232371
37,114,7,23.07772334609163,112.02712114341828
37,114,8,23.077668917287426,112.02720721151424
37,114,9,23.07776230700984,112.0269719674392
37,114,10,23.07784991822754,112.02681241905871
37,114,11,23.077806389718752,112.0266286390818
37,114,12,23.07794130967232,112.02673309368348
37,114,13,23.078081278618374,112.02677732356857
37,114,14,23.078170899347224,112.02690755142234
37,114,15,23.07806124995428,112.02698791795916
37,114,16,23.078009526591607,112.02689562635182
37,114,17,23.078194515446157,112.02702254367856
37,114,18,23.078461119090758,112.02699734076806
37,114,19,23.07816423577565,112.02713107248252
37,114,20,23.078342714480737,112.02736416332536
37,114,21,23.07899333528784,112.02717399488404
37,114,22,23.079111235429803,112.02713174838226
37,114,23,23.079175410560183,112.02724370390378
37,114,24,23.079288252638467,112.02717259629968
37,114,25,23.07939885732385,112.02705405474065
37,114,26,23.079502051677576,112.02698555307546
37,114,27,23.07961279390483,112.02699408950812
37,114,28,23.0797382309794,112.02711906489952
37,114,29,23.07987188550008,112.02702450250928
37,114,30,23.07998817805308,112.02714177676468
37,114,31,23.079764926911544,112.02738304181985
37,114,32,23.07966490107708,112.02738106563508
37,114,33,23.07965209640093,112.02753677426816
37,114,34,23.079473463938147,112.02748617149928
37,114,35,23.079337640242844,112.0273849267821
37,114,36,23.07939566171242,112.02723108316806
37,114,37,23.07950010165494,112.02728344930776
37,114,38,23.079581068056648,112.02718985320976
37,114,39,23.07951340999802,112.02710526755438
37,114,40,23.079238344936613,112.02695950657234
37,114,41,23.079152605497075,112.02681247750375
37,114,42,23.07929051519232,112.02686503011434
37,114,43,23.07914947061623,112.02698453742134
37,114,44,23.07899633579743,112.02704654395102
37,114,45,23.07936191616915,112.02661779474592
37,114,46,23.07963497945088,112.02660538593284
37,114,47,23.07765157683412,112.02655353455047
37,114,48,23.077605282122992,112.02665608033249
37,114,49,23.077386037295437,112.02708793685876
37,114,50,23.082217160476876,112.02230060588116
37,114,51,23.082556275659467,112.0220215871574
37,114,52,23.089218291665254,112.02472035688452
37,84,0,23.08829812642643,111.99401733601988
37,84,1,23.09025622756586,111.9861503845556
37,84,2,23.09006785617804,111.98569293791596
37,84,3,23.090299165824323,111.98542095038604
37,84,4,23.09023748602048,111.98523377248804
37,84,5,23.090109966938247,111.98513479585756
37,84,6,23.089990399775253,111.98503491641948
37,84,7,23.08991095428501,111.98489635300092
37,84,8,23.090176711520765,111.98496368616448
37,84,9,23.09026482996201,111.98501220121511
37,84,10,23.090414260912997,111.9850391121103
37,84,11,23.090494943809063,111.98485911614108
37,84,12,23.090621172474325,111.98481454721802
37,84,13,23.090652352789032,111.98494510457056
37,84,14,23.09073106942581,111.98510045383236
37,84,15,23.090600827105646,111.98523081532365
37,84,16,23.09046622540212,111.98526822955871
37,84,17,23.09040088352307,111.9851359555008
37,84,18,23.090528049961303,111.985054399011
37,84,19,23.09073004875972,111.98535067681242
37,84,20,23.09086211373837,111.98539400615356
37,84,21,23.091094752976897,111.98529570729916
37,84,22,23.090949006627664,111.98510989341898
37,84,23,23.09100318457708,111.98495342176209
37,84,24,23.09122877770244,111.98487697301373
37,84,25,23.091170523454014,111.9850452870654
37,84,26,23.09163805947496,111.98499661486798
37,84,27,23.092006151852605,111.9848018314604
37,84,28,23.092194106466447,111.98481923435575
37,84,29,23.092239851384587,111.98472112997824
37,84,30,23.092316715536924,111.984656088873
37,84,31,23.092170129647453,111.98451449428472
37,84,32,23.092166826214136,111.98439363266556
37,84,33,23.09196908719585,111.9844821152486
37,84,34,23.09171815646818,111.98453681594394
37,84,35,23.09232169955777,111.98490176833864
37,84,36,23.09242988765649,111.98486077000751
37,84,37,23.092476999225397,111.98476534232871
37,84,38,23.092443329562407,111.98462991419125
37,84,39,23.09258822977528,111.9848407603402
37,84,40,23.092733675825205,111.98460732642089
37,84,41,23.092855571397443,111.98465292172996
37,84,42,23.092955167800262,111.9844839181136
37,84,43,23.09288565383781,111.98427842937322
37,84,44,23.093146655933303,111.98426998896336
37,84,45,23.09332689874446,111.98456953692109
37,84,46,23.09364907922309,111.98459054953138
37,84,47,23.093579266319693,111.98477877106713
37,84,48,23.09350499210284,111.98501795997126
37,84,49,23.09384099597186,111.98500297893116
37,84,50,23.094133801673102,111.985121722325
37,84,51,23.09311780377583,111.98501149555112
37,84,52,23.092871735982133,111.98488794192576
37,84,53,23.09052657798362,111.98549229156916
37,84,54,23.08989325888057,111.98527496944378
37,84,55,23.09030022068432,111.984714418879
37,84,56,23.088959959944376,111.98512534095332
37,84,57,23.087279264986226,111.984327371002
37,84,58,23.101043908791723,111.98548541108072
37,81,0,23.09491320640517,111.97809617450346
37,81,1,23.098397723834648,111.9772794673596
37,81,2,23.1004873595132,111.976083308047
37,81,3,23.100652658742117,111.97616057680206
37,81,4,23.100840985074555,111.97621874248374
37,81,5,23.100817846225937,111.97635095753276
37,81,6,23.100978228535773,111.97616996843594
37,81,7,23.10097923810092,111.97601311430672
37,81,8,23.101200412053995,111.97598522853524
37,81,9,23.101278121606462,111.97622131377112
37,81,10,23.101483630222493,111.9762623008605
37,81,11,23.10161486470258,111.97637585652068
37,81,12,23.101676384434363,111.97646811653344
37,81,13,23.10163881038392,111.97663808619834
37,81,14,23.10154014452029,111.9765451249125
37,81,15,23.101420456965663,111.976542652815
37,81,16,23.101386872949178,111.97644163257728
37,81,17,23.10118941929736,111.97657846472262
37,81,18,23.101814314195074,111.97681417331502
37,81,19,23.102086763009627,111.976809931121
37,81,20,23.102159073927293,111.97650534695178
37,81,21,23.102292731711994,111.97641136129847
37,81,22,23.10209648264821,111.9764325870626
37,81,23,23.102007818878175,111.97635766886464
37,81,24,23.101886280865315,111.9763838304229
37,81,25,23.10182121450498,111.97620653613662
37,81,26,23.10169536975719,111.97611336999068
37,81,27,23.101913609057608,111.97604720064332
37,81,28,23.10193446969097,111.97589502267095
37,81,29,23.10164702559081,111.97582248709593
37,81,30,23.102277685807437,111.97599178832112
37,81,31,23.10254074290848,111.9766131818832
37,81,32,23.102918136234745,111.97679155268786
37,81,33,23.10316264476218,111.9766257724991
37,81,34,23.10326370449594,111.97664137990245
37,81,35,23.103357735996862,111.9765284775971
37,81,36,23.103361397570225,111.97633916778742
37,81,37,23.1030898635426,111.97643765380894
37,81,38,23.10319698985254,111.97690803017808
37,81,39,23.103650809675617,111.97706622668674
37,81,40,23.103761190344013,111.9769255710778
37,81,41,23.10372626005126,111.97676075592716
37,81,42,23.10369430015857,111.97657285558746
37,81,43,23.103834627835884,111.97658065217492
37,81,44,23.10378729565807,111.97641402721226
37,81,45,23.104081874102803,111.97677839730224
37,81,46,23.104163397227364,111.97669912464964
37,81,47,23.1040583580475,111.97695062778274
37,81,48,23.103936840993608,111.9769267306906
37,81,49,23.104422674387365,111.976817425695
37,81,50,23.10456529965328,111.97676310082429
37,81,51,23.104453552272947,111.97708220827018
37,81,52,23.105628375036925,111.9761596403072
37,81,53,23.10652052984301,111.97639463042069
37,81,54,23.108157129780363,111.9763607425828
37,81,55,23.10078277233201,111.97579397397354
37,81,56,23.10072632601004,111.97565515641296
37,81,57,23.10063774621938,111.97584329224664
37,81,58,23.09998873346228,111.97438068069562
37,81,59,23.09971167474128,111.97305166356644
37,81,60,23.10182619473437,111.97252279150216
37,81,61,23.095887218229027,111.97414404531744
37,81,62,23.09567984317593,111.97408867447912
37,81,63,23.08856409293745,111.97195465791404
37,81,64,23.0884626741204,111.96963636746182
38,1066,0,23.12753162138693,112.91756024716688
38,1066,1,23.12090093511936,112.93699380233222
38,1066,2,23.120610280521262,112.93861426475524
39,1086,0,22.97471796832959,113.11203338895696
39,1086,1,22.976162392682,113.1134839801732
39,1086,2,22.97640881500998,113.1137344008604
39,1086,3,22.97641348720675,113.113898763575
39,1086,4,22.97662194706264,113.1138128552052
39,1086,5,22.97682381885668,113.1137672835488
39,1086,6,22.976944031338817,113.11386656315956
39,1086,7,22.977069797963583,113.11388836041078
39,1086,8,22.977109656050462,113.11404936729822
39,1086,9,22.9770653284706,113.11414870192048
39,1086,10,22.977118679958966,113.11424975156838
39,1086,11,22.977218150419567,113.11418492207508
39,1086,12,22.97726158261484,113.11429270726734
39,1086,13,22.977186344568054,113.1143715994725
39,1086,14,22.97726971872959,113.11445738449775
39,1086,15,22.97715773277105,113.11459885193516
39,1086,16,22.977122098582367,113.11448570221036
39,1086,17,22.977007957397184,113.11455470068849
39,1086,18,22.97690670867732,113.11462761535138
39,1086,19,22.976798538099096,113.11467751904938
39,1086,20,22.976762769400636,113.11479709300676
39,1086,21,22.976838176285543,113.11487218688492
39,1086,22,22.97693392413186,113.11483673432892
39,1086,23,22.97693434408215,113.11494906411612
39,1086,24,22.97686400271778,113.11503752943074
39,1086,25,22.97683068790245,113.11493669805104
39,1086,26,22.97672468299271,113.1149460138177
39,1086,27,22.976702931790587,113.1148480182042
39,1086,28,22.976596109363065,113.1148548698499
39,1086,29,22.97661874673372,113.11502834666317
39,1086,30,22.97653166583244,113.11508403248398
39,1086,31,22.976431240950287,113.11502976538812
39,1086,32,22.976633665806716,113.11519795572556
39,1086,33,22.97670193561065,113.1153064035262
39,1086,34,22.97682077355624,113.115283248968
39,1086,35,22.97688753180748,113.11517386307912
39,1086,36,22.976759022202568,113.11515585463562
39,1086,37,22.976739576215596,113.11503109427248
39,1086,38,22.97699428008256,113.11505337350104
39,1086,39,22.97690524993368,113.11535569003418
39,1086,40,22.976799207328195,113.11538982795535
39,1086,41,22.976825300526308,113.11552494390084
39,1086,42,22.977024033965712,113.1155207604658
39,1086,43,22.97695191421176,113.11564509077412
39,1086,44,22.97708882466876,113.11569446506655
39,1086,45,22.977128138889665,113.11536136651635
39,1086,46,22.976573844724296,113.11538890182392
39,1086,47,22.97656037878037,113.11552210584382
39,1086,48,22.976704299458493,113.11573485698264
39,1086,49,22.976699126934264,113.1158410439933
39,1086,50,22.97703177173121,113.1161031630706
39,1086,51,22.976872769586517,113.11640237157629
39,1086,52,22.97718273403765,113.11659793405336
39,1086,53,22.97716378667875,113.1173863526843
39,1086,54,22.97744501687849,113.11830881460904
39,1086,55,22.977238240099336,113.11471692883202
39,1086,56,22.977102026643347,113.11468140039965
39,1086,57,22.976989910580794,113.11472757447126
39,1086,58,22.976988961667477,113.11450929184474
39,1086,59,22.976930610543505,113.1144242989617
39,1086,60,22.97703612439291,113.11435632509811
39,1086,61,22.97696573107613,113.11428475531508
39,1086,62,22.97689897170081,113.11440723526542
39,1086,63,22.976863145139355,113.11451879145818
39,1086,64,22.976705508485814,113.11457864839868
39,1086,65,22.976590780238016,113.11448478135344
39,1086,66,22.976683663884,113.1142050526083
39,1086,67,22.976842630367777,113.11415941544097
39,1086,68,22.97684707266473,113.1140506124496
39,1086,69,22.9770131222991,113.11414603941866
39,1086,70,22.97689502114877,113.11426843451814
39,1086,71,22.977124634734377,113.11435468885382
39,1086,72,22.97731600647064,113.11455432843051
39,1086,73,22.97720401107178,113.1146253931505
39,1086,74,22.977253174877006,113.11393221332035
39,1086,75,22.97673977979144,113.1139172140265
39,1086,76,22.97684322673,113.11361711294748
39,1086,77,22.97686164440185,113.11349085546172
39,1086,78,22.97690428783286,113.11323894807106
39,1086,79,22.97659169440108,113.1134693371906
39,1086,80,22.977022719862628,113.11259762902212
39,1086,81,22.974492790217077,113.11490673515034
39,159,0,22.888357259541905,113.1211403440293
39,159,1,22.887854107869863,113.12178038661364
39,159,2,22.8875809097354,113.12163266368738
39,159,3,22.88737673362524,113.1215208946013
39,159,4,22.887479826860652,113.1212656212499
39,159,5,22.88698119725541,113.12172484830324
39,159,6,22.88734944066217,113.12206912783871
39,159,7,22.887362625291725,113.12250412827908
39,159,8,22.887817765440843,113.12229231633056
39,374,0,22.97578724452347,113.1077626132155
39,374,1,22.975869000380925,113.10769079252115
39,374,2,22.97572122923928,113.10758315421124
39,374,3,22.97562027797036,113.10750676453584
39,374,4,22.97550559490313,113.10740874925597
39,374,5,22.975637269660822,113.10732391737952
39,374,6,22.97573956518013,113.1072951328065
39,374,7,22.97590113997499,113.10729501460663
39,374,8,22.9758709558354,113.10717884843012
39,374,9,22.975865630369576,113.10706224053328
39,374,10,22.97578121321861,113.10700731665877
39,374,11,22.97567158679556,113.10697542475688
39,374,12,22.975660029361816,113.10682976211514
39,374,13,22.975750808182617,113.1067445195137
39,374,14,22.97579718802833,113.10660964568116
39,374,15,22.975900113399856,113.10661939247215
39,374,16,22.975828051564275,113.10650156396513
39,374,17,22.97591773277021,113.10645644482702
39,374,18,22.975876734788468,113.10636132717012
39,374,19,22.975867207695423,113.10624421463234
39,374,20,22.975917648025455,113.10614874998576
39,374,21,22.97579390996718,113.10615382290568
39,374,22,22.975798954470125,113.10625998680382
39,374,23,22.975696019326943,113.10624501759342
39,374,24,22.97567549501807,113.10638492268346
39,374,25,22.9757823922201,113.10644018039557
39,374,26,22.97580731007361,113.10634186455064
39,374,27,22.975598788095645,113.10636797131151
39,374,28,22.975523256583056,113.10629035173046
39,374,29,22.97561776602709,113.1064835810428
39,374,30,22.97571725087484,113.1065717839334
39,374,31,22.97592013141024,113.10665916708236
39,374,32,22.975772559195526,113.10682611058311
39,374,33,22.97578075192108,113.10708191070688
39,374,34,22.97569797093389,113.10718326738488
39,374,35,22.9755863812206,113.10721310897824
39,374,36,22.975511805278,113.10712222644663
39,374,37,22.975597046650623,113.107013550166
39,374,38,22.97555829467868,113.10691524086972
39,374,39,22.975500947584173,113.10682625062412
39,374,40,22.97536145267964,113.10682211336402
39,374,41,22.975354605597047,113.10697130516252
39,374,42,22.97547438572046,113.10695867814782
39,374,43,22.975585731174093,113.10685558491572
39,374,44,22.97563413431691,113.10702312292422
39,374,45,22.97545335352156,113.10720405291572
39,374,46,22.975699034844272,113.1073444278407
39,374,47,22.97556778737714,113.10767916249348
39,374,48,22.97495826499485,113.10664601472374
39,374,49,22.975846762719595,113.10598272986468
40,71,0,23.12124458804874,113.22728637048688
40,71,1,23.12184714825593,113.22658328193693
40,71,2,23.121814635321996,113.22827367886678
40,71,3,23.1200298476576,113.23125017344748
40,71,4,23.1277793487409,113.22795630353342
40,71,5,23.129190226513145,113.22849089645062
40,71,6,23.12996236213373,113.22572110633422
40,71,7,23.127613984758256,113.22378643112376
40,71,8,23.128575840889635,113.22211443877327
40,71,9,23.130354768327496,113.22201199161344
40,71,10,23.13293537910018,113.22165305293944
40,71,11,23.136231230574,113.2228325696002
40,71,12,23.126032845575047,113.2219808671344
40,71,13,23.12559732585255,113.22101640842727
40,71,14,23.125656125882497,113.22050037558178
40,71,15,23.125632513510837,113.21991571825434
40,71,16,23.124821104203058,113.22033265566932
40,71,17,23.12469722888776,113.22022363328904
40,71,18,23.124596285319345,113.22028221727508
40,71,19,23.12464538028587,113.2204021218721
40,71,20,23.12473838480728,113.22049672297004
40,71,21,23.12485236555431,113.22065323331864
40,71,22,23.124371056275507,113.22037694647769
40,71,23,23.12416470616786,113.2203637429184
40,71,24,23.12408845058813,113.22029518694448
40,71,25,23.12401208495585,113.22018203469926
40,71,26,23.123883401571963,113.2202187292
40,71,27,23.123749821264745,113.22028289655007
40,71,28,23.123652481151023,113.22036929361218
40,71,29,23.1235582178735,113.2202705962858
40,71,30,23.123428485691036,113.22034443293671
40,71,31,23.123441973309003,113.22046853345554
40,71,32,23.123711645471094,113.22053684858324
40,71,33,23.1238122934388,113.22039138652173
40,71,34,23.12393445570569,113.2203907246385
40,71,35,23.124143757238336,113.22046111407036
40,71,36,23.12427136092301,113.22053384392696
40,71,37,23.1244159833176,113.22028235268226
40,71,38,23.1233704467778,113.22012643577024
40,71,39,23.1226621738515,113.22115920085824
40,71,40,23.12279022812561,113.22167414749038
40,71,41,23.121628928932957,113.22081234950495
40,71,42,23.123881134322414,113.22267338566576
40,89,0,23.1790023220783,113.20505100229076
40,89,1,23.18296745588614,113.20918745874437
40,89,2,23.184905203203943,113.20776862375502
40,89,3,23.18596842756528,113.20751966984342
40,89,4,23.185787722831535,113.20667417204696
40,89,5,23.18698866720807,113.20855951910085
40,89,6,23.189099515772877,113.20877028029444
40,89,7,23.18916733654352,113.2085660231936
40,89,8,23.18933108378557,113.20858543634556
40,89,9,23.18941762105194,113.20866815302406
40,89,10,23.18947762624545,113.20877646299616
40,89,11,23.18961787614093,113.20870970849636
40,89,12,23.189622175582844,113.20857959177928
40,89,13,23.189537135604105,113.20848904299312
40,89,14,23.18965721586926,113.2083786577725
40,89,15,23.189453217210563,113.20831991168704
40,89,16,23.189496497213717,113.2081865476724
40,89,17,23.189466673460643,113.20804828875964
40,89,18,23.18964426479445,113.20805341641363
40,89,19,23.189768513840203,113.20808630345628
40,89,20,23.189842609235043,113.2081724612412
40,89,21,23.18989314238748,113.208273769079
40,89,22,23.19004219736264,113.20821512353967
40,89,23,23.1899916381797,113.20807287474778
40,89,24,23.190066113824617,113.20796630730094
40,89,25,23.19019996972982,113.2078341019994
40,89,26,23.190170213100824,113.20765119507516
40,89,27,23.190383618096075,113.20769567830504
40,89,28,23.19052501658014,113.20760366070876
40,89,29,23.1908973123374,113.20744428236404
40,89,30,23.190248996241017,113.20806781917658
40,89,31,23.190249403686693,113.20835905772692
40,89,32,23.189859049015976,113.20785014261288
40,89,33,23.189711979522297,113.20795602393996
40,89,34,23.18918787403575,113.20792821565352
40,89,35,23.1893959645928,113.20717768558156
40,89,36,23.187093711272794,113.20424370723984
40,89,37,23.191049197885715,113.20312979320448
40,89,38,23.18918191261044,113.19897439284276
40,393,0,23.10929220350329,113.23996093697504
40,393,1,23.107449527641258,113.24125214006284
40,393,2,23.107303277693045,113.24118708909174
40,393,3,23.10707952815808,113.2412590893662
40,393,4,23.10712856737828,113.24155662586254
40,393,5,23.107225599555907,113.24163018199958
40,393,6,23.10708197348185,113.24180029620656
40,393,7,23.107194724748204,113.24193000852816
40,393,8,23.107188874134025,113.2422961455962
40,393,9,23.107119893100933,113.24238376484637
40,393,10,23.107293961244565,113.24260049838512
40,393,11,23.10713932990003,113.2428886051756
40,393,12,23.107285659471664,113.24150252807418
40,393,13,23.107467438094364,113.24143234447804
40,393,14,23.10654942097221,113.24150377600388
40,393,15,23.10583213349313,113.24192190169184
40,393,16,23.10897204374125,113.2428965397728
40,393,17,23.11133650504162,113.24146234267732
40,393,18,23.124615820077167,113.23702317987474
40,405,0,23.102716997177367,113.23725296700336
40,405,1,23.102832331893147,113.23758963486269
40,405,2,23.10359514386197,113.23835732780196
40,405,3,23.10396979654023,113.2392810255086
40,405,4,23.10305793996205,113.2392451620528
40,405,5,23.102424854318837,113.24006513722696
40,405,6,23.102442050750245,113.24017238076578
40,405,7,23.10220515876283,113.24056952371777
40,405,8,23.102081988976263,113.24057458651396
40,405,9,23.10201122327281,113.24050044799664
40,405,10,23.101968723716144,113.24034413524215
40,405,11,23.10192608212521,113.24045256746496
40,405,12,23.10185425785272,113.240527125662
40,405,13,23.101778908307487,113.24038713923062
40,405,14,23.101666611552165,113.24042972420948
40,405,15,23.101591834580912,113.24035053879844
40,405,16,23.1014631290734,113.24030253892718
40,405,17,23.101342180059955,113.2402641722108
40,405,18,23.101337797200863,113.24012415686856
40,405,19,23.101292627285087,113.23997285570432
40,405,20,23.10112711048832,113.24025131836288
40,405,21,23.10098279072877,113.24028001693362
40,405,22,23.10091640029532,113.24039853703276
40,405,23,23.1009430701596,113.2405535132284
40,405,24,23.101116144875995,113.24053681475152
40,405,25,23.101049188896987,113.240619670525
40,405,26,23.10122431292881,113.24066075212964
40,405,27,23.101328372658784,113.24060565895287
40,405,28,23.101332454925245,113.24075238056204
40,405,29,23.10150182128253,113.24051023805562
40,405,30,23.10174356828081,113.24013658669718
40,405,31,23.101969125308816,113.23951119728044
40,405,32,23.101853027082758,113.23949394823276
40,405,33,23.10126701829735,113.23937223095476
40,405,34,23.100671995393554,113.239864815617
40,405,35,23.10077865585308,113.2400954830977
40,405,36,23.10049024725318,113.240530186225
40,405,37,23.10024101970248,113.240620805901
40,405,38,23.10066057732584,113.2407737823534
40,405,39,23.10044555921348,113.2410830662542
40,405,40,23.099562252965736,113.24037112210496
40,405,41,23.09974197047613,113.23853549430662
40,405,42,23.102846515769908,113.2407658247327
41,49,0,23.041142660441444,113.35364312567717
41,49,1,23.039935645248104,113.3577543726815
41,49,2,23.040781287375136,113.35896569531845
41,49,3,23.03762712167758,113.36129591852696
41,49,4,23.03691459988269,113.3620294587858
41,49,5,23.03656091031977,113.36181702313324
41,49,6,23.036317679840216,113.36214491652036
41,49,7,23.03602309752301,113.36222382943774
41,49,8,23.036312854992676,113.36245973255788
41,49,9,23.036454762387606,113.3624519872816
41,49,10,23.03623867947141,113.3626656435693
41,49,11,23.036131862636417,113.36265744771804
41,49,12,23.036118624099675,113.3630448494864
41,49,13,23.036114707127343,113.36319759667776
41,49,14,23.035951444710363,113.36317522719683
41,49,15,23.03596837398749,113.363335907803
41,49,16,23.03609741315316,113.3634216915702
41,49,17,23.036241842554848,113.36343282241006
41,49,18,23.036276663419887,113.36329535330071
41,49,19,23.036287307793096,113.3631310202782
41,49,20,23.03642965307984,113.36291083604708
41,49,21,23.036634622399465,113.36304106153244
41,49,22,23.036542180217115,113.36331367615352
41,49,23,23.03638556509908,113.3633623889628
41,49,24,23.036292736541743,113.3635156145409
41,49,25,23.03622700502599,113.3635976577068
41,49,26,23.036119220943142,113.3636211248885
41,49,27,23.03611220971664,113.36375364923413
41,49,28,23.036124451052824,113.36386244890504
41,49,29,23.036248434345296,113.3639525299443
41,49,30,23.036309782997822,113.36384231025366
41,49,31,23.036318158080505,113.36372114764832
41,49,32,23.03650218339064,113.3636976642002
41,49,33,23.03659126931912,113.36379803361248
41,49,34,23.03666905666481,113.36371469022242
41,49,35,23.03673809990633,113.36382409005664
41,49,36,23.03660516475369,113.36400401436224
41,49,37,23.03640621726419,113.3639002396505
41,49,38,23.03625762821893,113.3636753827999
41,49,39,23.03605523650829,113.36371347713282
41,49,40,23.035953820479712,113.36371951293738
41,49,41,23.03586187211664,113.36378977969798
41,49,42,23.03574955539314,113.36383987951208
41,49,43,23.035712095684676,113.36397142078911
41,49,44,23.035787151600992,113.36407488296778
41,49,45,23.03560587629471,113.36409072345266
41,49,46,23.035669220810068,113.36423005485791
41,49,47,23.035813238140666,113.3643789267756
41,49,48,23.0357856038984,113.36448319666056
41,49,49,23.03589871526593,113.36445683927418
41,49,50,23.03594525447791,113.364567158849
41,49,51,23.03602704793409,113.36448595907524
41,49,52,23.03594906539768,113.36436541536132
41,49,53,23.0358661124985,113.36428166554548
41,49,54,23.035999662153063,113.3641717782411
41,49,55,23.036032355639232,113.36406854486803
41,49,56,23.03599132189987,113.36385525799324
41,49,57,23.036007875310126,113.36360940635008
41,49,58,23.03632528857056,113.36360088788174
41,49,59,23.036514802190748,113.36353884142464
41,49,60,23.036616966357855,113.3635231550243
41,49,61,23.03678662340185,113.36349683147871
41,49,62,23.036184109368904,113.36326074808788
41,49,63,23.03574667461404,113.3631607824372
41,49,64,23.035465354616168,113.36325226292558
41,49,65,23.03539810578887,113.3636604718744
41,49,66,23.03516830711284,113.36400272390276
41,49,67,23.03527721978539,113.36408249162004
41,49,68,23.035544960704385,113.36440337641454
41,49,69,23.03564949558221,113.36448979367364
41,49,70,23.03563143376979,113.36459891647338
41,49,71,23.035624521437654,113.3647012390304
41,49,72,23.03577335796997,113.36465868864178
41,49,73,23.035847202141213,113.3647717602642
41,49,74,23.03599906824409,113.36468043342784
41,49,75,23.03597849574316,113.36489527709097
41,49,76,23.03584197558779,113.36486522419423
41,49,77,23.03571510148817,113.36506897402276
41,49,78,23.0357052097962,113.36521751704038
41,49,79,23.03585526172236,113.36530393197764
41,49,80,23.036047039425934,113.36517728965111
41,49,81,23.03614781824584,113.36537524492552
41,49,82,23.0366466594354,113.36523601238738
41,49,83,23.036289641564245,113.36442759487826
41,49,84,23.03630055329114,113.36420430236365
41,49,85,23.03603636523637,113.364269694113
41,49,86,23.035450758967038,113.36460251439128
41,49,87,23.03586257724151,113.36583628706644
41,49,88,23.03565029375257,113.36599017796142
41,49,89,23.03538159030477,113.36644101212072
41,49,90,23.0355553941448,113.36651157302845
41,49,91,23.03594670638305,113.36703491235076
41,49,92,23.03612082931645,113.36599598553406
41,49,93,23.03507764640894,113.36817613548196
41,49,94,23.03655620406274,113.36868431079498
41,49,95,23.035350566945155,113.37012821050293
41,49,96,23.039738421530604,113.37206645672148
41,49,97,23.039856954300667,113.3725734277468
41,49,98,23.03977297789767,113.37327934337638
41,49,99,23.039528752304197,113.3627184492467
41,49,100,23.035595745460903,113.36217797347408
41,49,101,23.03579522107777,113.36060095908292
41,637,0,23.03918881934992,113.3542124221438
41,637,1,23.039612642826278,113.35216472789972
41,637,2,23.040252919522302,113.35206853617458
41,637,3,23.040710875689467,113.35137514045078
41,637,4,23.04038792559404,113.35084924119364
41,637,5,23.0400041458242,113.35102379547128
41,637,6,23.039608258746608,113.35101167870322
41,637,7,23.03942989775937,113.35060224952974
41,637,8,23.039946605460937,113.35042145661248
41,637,9,23.039942280462625,113.3502584609063
41,637,10,23.0401321305948,113.35019462237186
41,637,11,23.03858740769362,113.35206648440672
42,1133,0,23.069172856362524,112.39586812370884
42,1133,1,23.069785506726,112.39604326094766
42,1133,2,23.069974410460237,112.39582773050782
42,1133,3,23.06995775840464,112.3957174337108
42,1133,4,23.06982932049971,112.39567857614544
42,1133,5,23.070071905545497,112.3956332341664
42,1133,6,23.07009834428205,112.39580566023533
42,1133,7,23.070639392351737,112.39592931620383
42,1133,8,23.07058884931316,112.39612232625656
42,1133,9,23.07066911758525,112.396244165749
42,1133,10,23.070552534335977,112.39627562935163
42,1133,11,23.070623065998507,112.3964124519142
42,1133,12,23.070573156853428,112.39654109746029
42,1133,13,23.070616599513603,112.39667189233936
42,1133,14,23.070694509705746,112.39658547523445
42,1133,15,23.070753012348742,112.39648075601092
42,1133,16,23.07080561003076,112.39658323642588
42,1133,17,23.070960608348955,112.3966584511858
42,1133,18,23.07099646156916,112.39677501524372
42,1133,19,23.070798130263388,112.39677395705196
42,1133,20,23.0707769777969,112.39688745020624
42,1133,21,23.0706752556004,112.39694270581612
42,1133,22,23.070556353772364,112.39680860759805
42,1133,23,23.07050959103969,112.39659600386022
42,1133,24,23.07075267808984,112.39676244560044
42,1133,25,23.070861726144337,112.39702370419845
42,1133,26,23.071069658270385,112.39684534611686
42,1133,27,23.0711547827459,112.39673986463676
42,1133,28,23.071111049044465,112.39652372740244
42,1133,29,23.071033561442796,112.39638431893616
42,1133,30,23.07096714502977,112.39627779654016
42,1133,31,23.070866033169345,112.39633654474224
42,1133,32,23.070752616500545,112.3962999474832
42,1133,33,23.070877339240404,112.39612125901284
42,1133,34,23.07089220679997,112.39599006627522
42,1133,35,23.07113401434532,112.39610032400964
42,1133,36,23.071272425836145,112.39620357153149
42,1133,37,23.07134893067069,112.39610952359968
42,1133,38,23.07133926008781,112.39638719507872
42,1133,39,23.07127816699477,112.39647200585668
42,1133,40,23.071319068949403,112.39690101591938
42,1133,41,23.071415861158048,112.3973298219461
42,1133,42,23.071007624419718,112.39744830195168
42,1133,43,23.07068796294894,112.3975092197784
42,1133,44,23.07081153039071,112.39820629143138
42,1133,45,23.071768124336604,112.39687246962946
42,1133,46,23.069631401928014,112.39636713396756
42,1133,47,23.07498646541127,112.39770488367938
43,511,0,23.05769187642156,113.27807102157742
43,511,1,23.05784639540313,113.27771638478464
43,511,2,23.057782460866655,113.27763360016324
43,511,3,23.05775644546571,113.27748166278252
43,511,4,23.05767929370881,113.27740948581548
43,511,5,23.057818821910804,113.27735887660285
43,511,6,23.057892847873102,113.27745232055123
43,511,7,23.057905865065525,113.27730046937212
43,511,8,23.058037248493576,113.27724439806192
43,511,9,23.05801894033735,113.27709341699725
43,511,10,23.057921374891503,113.2770613340887
43,511,11,23.05781951132076,113.27712076533712
43,511,12,23.05778724339806,113.2770129579616
43,511,13,23.05785647713281,113.2769235068876
43,511,14,23.057750511510037,113.27690686810308
43,511,15,23.05761367290505,113.2768585715754
43,511,16,23.057586723475385,113.27701313228076
43,511,17,23.057683518835837,113.27716913062608
43,511,18,23.05757693236997,113.27719930943756
43,511,19,23.057439223605268,113.27718450003572
43,511,20,23.05733526911362,113.2770670010646
43,511,21,23.05741713090701,113.27695279580122
43,511,22,23.05751573739193,113.2765717780584
43,511,23,23.05759858559742,113.276512181661
43,511,24,23.057726192669488,113.27659937113094
43,511,25,23.05779102659964,113.27652173141728
43,511,26,23.057910637042884,113.27656171369443
43,511,27,23.058086464115476,113.27671983726928
43,511,28,23.05800237124087,113.2767859142606
43,511,29,23.05792767585462,113.27686487661668
43,511,30,23.05785005244482,113.27679876642463
43,511,31,23.05782724841878,113.27666531309632
43,511,32,23.057949995039078,113.2764612927523
43,511,33,23.057851691899643,113.2764061420936
43,511,34,23.057813826096336,113.27629862235976
43,511,35,23.057920378910797,113.27631376662202
43,511,36,23.0579763543742,113.27620618295305
43,511,37,23.057908765404783,113.27606664419756
43,511,38,23.05784281607217,113.2759133202025
43,511,39,23.05793271352331,113.27586551390074
43,511,40,23.057751665883277,113.27602953857404
43,511,41,23.05783631965796,113.27609627665512
43,511,42,23.05758140595506,113.2759026218591
43,511,43,23.05763219191716,113.27579203952298
43,511,44,23.057531761652005,113.27564043203252
43,511,45,23.05751150166206,113.27547936720312
43,511,46,23.057691651361367,113.27547917523208
43,511,47,23.05782912168765,113.27560255116028
43,511,48,23.05753285135644,113.27637150440056
43,511,49,23.05719652774601,113.27640471255816
43,511,50,23.058021675754897,113.27686556372652
43,511,51,23.0579614283132,113.27698306085055
43,511,52,23.05815227967455,113.2765115992616
43,511,53,23.05807854221952,113.2775721960504
43,511,54,23.0580219105658,113.27768484774944
43,511,55,23.057706769535645,113.27767668696085
43,511,56,23.05753577303393,113.2774464219381
43,511,57,23.05733205133032,113.27791778876237
43,614,0,23.05771958895588,113.27810329064448
43,614,1,23.057567057766025,113.27819494752454
43,614,2,23.05786754624573,113.27883422565672
43,614,3,23.05793977448188,113.27899685487284
43,614,4,23.05801171834713,113.27918495046308
43,614,5,23.05799169061348,113.27937787290278
43,614,6,23.057935527104277,113.27949313924437
43,614,7,23.057967207570844,113.27958904731878
43,614,8,23.058097558069957,113.27950739374702
43,614,9,23.058236286400035,113.2794973768178
43,614,10,23.058097709193284,113.27957672096112
43,614,11,23.0581636500618,113.27971177940826
43,614,12,23.058197591912496,113.27980597130656
43,614,13,23.05807968770477,113.2798621976204
43,614,14,23.057974711053703,113.2799522085688
43,614,15,23.057866964538068,113.27995957713937
43,614,16,23.05778516365889,113.28002359404373
43,614,17,23.057782869781544,113.28024350070578
43,614,18,23.057877105375127,113.28032935314477
43,614,19,23.0579735379816,113.28020331765111
43,614,20,23.05804115657161,113.28028460255818
43,614,21,23.057957011337358,113.28036118535115
43,614,22,23.057894056741,113.2804853091955
43,614,23,23.057985483651567,113.28059235290132
43,614,24,23.057948888369204,113.28068774591117
43,614,25,23.0579429032149,113.28080429199528
43,614,26,23.057836014995527,113.28078941442618
43,614,27,23.057850887597464,113.28068718123666
43,614,28,23.057778964243397,113.28060032888672
43,614,29,23.05781261386453,113.28044989880458
43,614,30,23.05772551605021,113.28052035247656
43,614,31,23.05764737058372,113.28042602055667
43,614,32,23.05757109268281,113.2803231429606
43,614,33,23.05768423231498,113.28036090008408
43,614,34,23.05752751109094,113.28034041882596
43,614,35,23.057378051652897,113.28024040309413
43,614,36,23.05749477990156,113.28043136362274
43,614,37,23.05754416216066,113.2805237234586
43,614,38,23.05763303005738,113.2806238086571
43,614,39,23.057582168880717,113.2807151931771
43,614,40,23.057727406797746,113.28067445956778
43,614,41,23.05776371403092,113.28084083219186
43,614,42,23.057657278791996,113.28083214883524
43,614,43,23.057523374640585,113.28090330060226
43,614,44,23.057494114161667,113.28103459377458
43,614,45,23.057556325295145,113.28121954911096
43,614,46,23.05749969591436,113.28131392211375
43,614,47,23.057430192281306,113.28121431767376
43,614,48,23.05730562679068,113.28127601975298
43,614,49,23.057334297644424,113.28101664204286
43,614,50,23.057249412347804,113.28064700465998
43,614,51,23.05746243756032,113.28059098838686
43,614,52,23.05772052819469,113.28044964359478
43,614,53,23.058004519253004,113.28011021455276
43,614,54,23.058099904380853,113.2801516884867
43,614,55,23.058228147694383,113.28019628270852
43,614,56,23.05814514159463,113.28009680126652
43,614,57,23.05826247547001,113.28006176218769
43,614,58,23.05832457240076,113.27993745525416
43,614,59,23.05826638008268,113.27984747538224
43,614,60,23.0582302625538,113.27967366645149
43,614,61,23.058168933703143,113.27992732802832
43,614,62,23.05807750983681,113.27998565944527
43,614,63,23.058214295316255,113.28022415858412
43,614,64,23.05832237496255,113.28023807828872
43,614,65,23.05831441059734,113.2803659789373
43,614,66,23.05822867588075,113.28043786996696
43,614,67,23.058139369681303,113.28029342319785
43,614,68,23.058346140084247,113.280202488644
43,614,69,23.058471839374462,113.28024234242103
43,614,70,23.05851037004336,113.2801313918983
43,614,71,23.05844718495168,113.28001777713824
43,614,72,23.058610372348696,113.27999054541596
43,614,73,23.058546768375837,113.27987575525756
43,614,74,23.05861366409546,113.28022168466012
43,614,75,23.058745307133997,113.28030453030917
43,614,76,23.058476905576025,113.28045609323634
43,614,77,23.05822516623033,113.28065387701872
43,614,78,23.05812939088908,113.28081641216664
43,614,79,23.05798275880313,113.28100070226148
43,614,80,23.057827775231285,113.28094452696617
43,614,81,23.05773714650021,113.28110672896236
43,614,82,23.058910946752476,113.2805981118926
43,614,83,23.05847370102051,113.27946724526954
43,614,84,23.05833250946032,113.27921749534748
43,614,85,23.057848353476043,113.27969058859344
43,614,86,23.05764259080499,113.2791357378586
43,614,87,23.05734932969022,113.27896184553045
43,614,88,23.057222697540368,113.27949154605146
43,614,89,23.05693441707088,113.28010712800348
43,614,90,23.05586685249444,113.28091086651682
43,614,91,23.05535483440708,113.2792551212859
44,52,0,23.500574491948136,112.91344614738672
44,52,1,23.45838541587368,112.89297804954784
44,52,2,23.45827763268625,112.8928760363616
44,52,3,23.45814644989689,112.89298815111717
44,52,4,23.45785819919336,112.89302970070112
44,52,5,23.45763909912646,112.89306431038123
44,52,6,23.457551406845795,112.8931624834761
44,52,7,23.457430265331222,112.89303744666236
44,52,8,23.457455439360483,112.89290370305623
44,52,9,23.457496965272835,112.89281067385473
44,52,10,23.457642433675638,112.89283709716128
44,52,11,23.45770647397388,112.8926846120287
44,52,12,23.45774503712162,112.89229674550168
44,52,13,23.457520378881263,112.89235021577264
44,52,14,23.45744929001092,112.89214886209416
44,52,15,23.457600754292056,112.89187317279946
44,52,16,23.45766956442812,112.89177178723524
44,52,17,23.45790811495849,112.89192929965996
44,52,18,23.458138531746748,112.8921557670732
44,52,19,23.45856868000092,112.89214948565268
44,52,20,23.458396376436976,112.8913227092306
44,52,21,23.457061401876537,112.89235101101114
44,52,22,23.45688682181157,112.8923746331232
44,52,23,23.456784921041898,112.89260527730268
44,52,24,23.456908686062043,112.89282233951252
45,243,0,23.196296908855157,112.80436622225058
45,243,1,23.196501382863904,112.80425244803988
45,243,2,23.196948755817207,112.80382465011547
45,243,3,23.19713926556963,112.80404942208098
45,243,4,23.197140360302903,112.80415748882744
45,243,5,23.197293597002545,112.80421951789874
45,243,6,23.19744328791088,112.80411624281908
45,243,7,23.19764925833394,112.80424535565552
45,243,8,23.19775615360207,112.80434442834944
45,243,9,23.19784799839174,112.8043017077705
45,243,10,23.19777139281472,112.80415959311728
45,243,11,23.19769527438621,112.80404456271296
45,243,12,23.197658441578668,112.80391343509064
45,243,13,23.197552360498687,112.80377929405016
45,243,14,23.19737289899501,112.80373534338028
45,243,15,23.197303334486502,112.80390107786344
45,243,16,23.19776152026588,112.80340028197824
45,243,17,23.198523903081988,112.80385247094593
45,243,18,23.198068790919237,112.80453327681973
45,243,19,23.198035214875897,112.8046541254424
45,243,20,23.19790881252935,112.8047109962856
45,243,21,23.197869482060437,112.80461450290554
45,243,22,23.197881991982307,112.80484039774096
45,243,23,23.197999793178493,112.80487441382904
45,243,24,23.198107608685547,112.80489447932908
45,243,25,23.198069228683316,112.80506996720528
45,243,26,23.19793394671709,112.80515933009556
45,243,27,23.197934254719986,112.80499636681756
45,243,28,23.197888331086588,112.80490666947752
45,243,29,23.1977486747883,112.80488994757958
45,243,30,23.197727108747102,112.80503123993174
45,243,31,23.198193691363635,112.80506326663622
45,243,32,23.198251952584105,112.8047490116858
45,243,33,23.198408785796,112.8047527464557
45,243,34,23.19859880832093,112.80473708088353
45,243,35,23.1973072479243,112.80461519070714
45,243,36,23.19760699313577,112.80228818107456
45,243,37,23.19817541468415,112.8023600872026
45,243,38,23.19793811493207,112.80174654901256
45,243,39,23.19759181170436,112.81648163715752
45,238,0,23.244624215651942,112.82125971780668
45,238,1,23.24745499103237,112.81787168592729
45,238,2,23.247935106880576,112.81743184231496
45,238,3,23.24793288719232,112.81718731019352
45,238,4,23.247768898237226,112.81724994820802
45,238,5,23.248609123639277,112.81880737826302
45,238,6,23.24870056169095,112.81893566143832
45,238,7,23.248982851097598,112.81912892919831
45,238,8,23.249002496837623,112.81922934394022
45,238,9,23.24918497027437,112.82059804643448
45,238,10,23.254210859194508,112.82081136489607
45,238,11,23.255104163360883,112.82090851183608
45,524,0,23.17239554161597,112.80946651058146
45,524,1,23.172315557801344,112.80963765667472
45,524,2,23.171979094013142,112.80942821260268
45,524,3,23.171821337390803,112.8097036825757
45,524,4,23.171614669081908,112.8096925704476
45,524,5,23.17153807696503,112.80977625032772
45,524,6,23.17137717513253,112.80990337600696
45,524,7,23.171665521136116,112.8100410863336
45,524,8,23.171720986806328,112.80993559943416
45,524,9,23.17186364678716,112.80992594493055
45,524,10,23.171974954326696,112.80984922146928
45,524,11,23.1718943732679,112.8100882881605
45,524,12,23.17185579598868,112.81021451745929
45,524,13,23.171739047433416,112.8103386825145
45,524,14,23.171602374885868,112.8103882734513
45,524,15,23.17151600057472,112.81025198048768
45,524,16,23.171190123860036,112.8102125872885
45,524,17,23.17129594199792,112.80962326582024
45,524,18,23.171066779277773,112.80958260615762
45,524,19,23.171171481062498,112.80936631867138
45,524,20,23.17099100293809,112.80935468400656
45,524,21,23.17094423068185,112.80925380053822
45,524,22,23.170716336664714,112.8094219457518
45,524,23,23.170491408207656,112.80964914931069
45,524,24,23.17030639084469,112.8098546662398
45,524,25,23.17017556547644,112.80988133695745
45,524,26,23.171648864525288,112.81059851080988
45,524,27,23.171804936608662,112.81058653741756
45,524,28,23.171746077731072,112.8107240040856
45,524,29,23.1720319112843,112.81010048561151
45,524,30,23.172409069152383,112.81006322941572
45,524,31,23.172128151908957,112.80884157809164
46,153,0,23.170547573660965,112.2973295351904
46,153,1,23.171668770263302,112.29906429248172
46,153,2,23.17209369108592,112.29946314000684
46,153,3,23.172247130816,112.29946480775816
46,153,4,23.17230583816287,112.29973432584978
46,153,5,23.17221717636904,112.29987129965367
46,153,6,23.172106731058733,112.30001079509124
46,153,7,23.172171568745856,112.30011218324624
46,153,8,23.171999766115796,112.30015048368048
46,153,9,23.171896531086887,112.30014042654348
46,153,10,23.17175583080028,112.30011581453851
46,153,11,23.171662159624784,112.30003141405494
46,153,12,23.17174496225294,112.2998743739286
46,153,13,23.17177588370424,112.29976555829136
46,153,14,23.17191367928248,112.29976723854575
46,153,15,23.172039864041984,112.29983553414144
46,153,16,23.17201511428926,112.30001801467876
46,153,17,23.17192671516439,112.29996060151596
46,153,18,23.171783673375657,112.30002600957492
46,153,19,23.17176957231169,112.30021463244148
46,153,20,23.171639631640605,112.30016748113694
46,153,21,23.171557825872146,112.30028686575568
46,153,22,23.171432070142973,112.30031584612264
46,153,23,23.17149256120224,112.30040132286776
46,153,24,23.17142299114525,112.3002546281537
46,153,25,23.171368801443016,112.30012433701953
46,153,26,23.171225249600585,112.30010266916727
46,153,27,23.17149531348944,112.30003117363124
46,153,28,23.171487611940865,112.2999228252484
46,153,29,23.17160637689876,112.29972727952229
46,153,30,23.171920689353424,112.29962617724227
46,153,31,23.17180939971657,112.30031441683842
46,153,32,23.172159737560825,112.30051238225118
46,153,33,23.17233664586371,112.30058949202504
46,153,34,23.17249841220414,112.30058180388446
46,153,35,23.172608087222933,112.30053782570702
46,153,36,23.17275403410123,112.30051165699744
46,153,37,23.17281104306144,112.30039416343864
46,153,38,23.172697312751527,112.30029636552626
46,153,39,23.172770138805472,112.30021440748266
46,153,40,23.172900846549297,112.30022974550832
46,153,41,23.173023626875857,112.3002275354354
46,153,42,23.173051836298555,112.30033733627316
46,153,43,23.17307245665009,112.30050776968136
46,153,44,23.173170368885625,112.30063402686724
46,153,45,23.17320613218926,112.30075544664182
46,153,46,23.173339128386026,112.30091029608008
46,153,47,23.17342620259679,112.30072891254868
46,153,48,23.173346247882584,112.30053808037556
46,153,49,23.173215773677487,112.30046595624152
46,153,50,23.173229471459774,112.30028968035693
46,153,51,23.17318454289867,112.30014093442522
46,153,52,23.173397721677187,112.30016232423309
46,153,53,23.173517462350965,112.30026024685556
46,153,54,23.17356383523139,112.30015400021448
46,153,55,23.173628208979352,112.30031452787814
46,153,56,23.173472297079083,112.30039030379716
46,153,57,23.17339787804895,112.3002952327506
46,153,58,23.172948774913213,112.30057459625895
46,153,59,23.17302171333317,112.30080808479984
46,153,60,23.17282563966005,112.30083879992291
46,153,61,23.17280848302104,112.30108702248764
46,153,62,23.17292895566095,112.301101167461
46,153,63,23.173096288132214,112.301356446648
46,153,64,23.172546546449222,112.300932570247
46,153,65,23.172464582495135,112.30102720004052
46,153,66,23.172947444889083,112.30221318279862
46,153,67,23.173973707811854,112.3001754281236
46,153,68,23.17394497294921,112.29996366131718
46,153,69,23.1726990320036,112.29975141988236
46,153,70,23.17132648858668,112.300387864365
46,153,71,23.171179268832777,112.30043550341097
46,153,72,23.17113486491167,112.29942126743384
46,103,0,23.17000284812261,112.29276110835184
46,103,1,23.17036456403514,112.29079941347824
46,103,2,23.170133152107645,112.29055769010452
46,103,3,23.16996190708544,112.29056213847116
46,103,4,23.169732840670463,112.2905389534147
46,103,5,23.16968246591325,112.29032292414202
46,103,6,23.169675160853405,112.290163279734
46,103,7,23.16985401282725,112.29019251654589
46,103,8,23.169925180417213,112.29005256157768
46,103,9,23.17003041799053,112.29006896834125
46,103,10,23.17005227878729,112.29019943074992
46,103,11,23.17017052299113,112.29028253420388
46,103,12,23.17048913666087,112.29028025428512
46,103,13,23.170502168276457,112.29011130416843
46,103,14,23.17062064675932,112.2900434351788
46,103,15,23.170622195165816,112.28989041646965
46,103,16,23.17058326223896,112.28973731950435
46,103,17,23.17049565304448,112.28966319047368
46,103,18,23.170656340835517,112.2896307095294
46,103,19,23.17076132873444,112.2894054059343
46,103,20,23.17059933508318,112.28933565316252
46,103,21,23.17046094817537,112.2892566688693
46,103,22,23.17023902155641,112.28953237703308
46,103,23,23.17009522428924,112.28953074710228
46,103,24,23.16996252307016,112.28961493710764
46,103,25,23.170157974665877,112.28959842308156
46,103,26,23.17019187615575,112.28969783343872
46,103,27,23.17016858221902,112.28988529933804
46,103,28,23.16996280740909,112.2899525736895
46,103,29,23.16981850582495,112.28987417196144
46,103,30,23.169710514021315,112.28990448464936
46,103,31,23.16955395352828,112.2899911102256
46,103,32,23.169319478999824,112.2901260200275
46,103,33,23.16908216713797,112.29047602617116
46,103,34,23.16876780677421,112.29033147220004
46,103,35,23.168602590022463,112.29032409968558
46,103,36,23.168439429321477,112.29041011521028
46,103,37,23.16826417367148,112.29043259724448
46,103,38,23.168132547584875,112.2905222548739
46,103,39,23.168017801422923,112.29058069192769
46,103,40,23.16790179302144,112.29057305342528
46,103,41,23.167760791771308,112.29055115649358
46,103,42,23.167736859520303,112.29074651927736
46,103,43,23.1678848900558,112.29099838498028
46,103,44,23.1679088307125,112.29109971082671
46,103,45,23.16794283546601,112.2909767943594
46,103,46,23.167798517076523,112.2911030580858
46,103,47,23.16774402889376,112.2912243921788
46,103,48,23.167610000868056,112.2911152305664
46,103,49,23.16748774388487,112.29108898056889
46,103,50,23.16732312427917,112.29105073884624
46,103,51,23.167598626815792,112.2909563763124
46,103,52,23.167570679016848,112.29077599612263
46,103,53,23.167244826308742,112.29062163002472
46,103,54,23.167893957269044,112.29040738641302
46,103,55,23.167981511677556,112.29025163668484
46,103,56,23.16821877141984,112.28999239641394
46,103,57,23.168058908138335,112.28990401744916
46,103,58,23.16842060426742,112.28994877379178
46,103,59,23.16860320198952,112.29010043873028
46,103,60,23.168719392903515,112.29011105248252
46,103,61,23.16834330473437,112.29021700446955
46,103,62,23.16836695754852,112.2905695191531
46,103,63,23.168478220609128,112.29070124336552
46,103,64,23.16861433963573,112.29051807176042
46,103,65,23.168023816397845,112.29071090663132
46,103,66,23.1674717722152,112.29141313392164
46,103,67,23.1698017006014,112.28974746370608
46,103,68,23.170387086363817,112.28988417528488
46,103,69,23.17049295545901,112.2899260528588
46,103,70,23.17084155450037,112.29019630134368
46,103,71,23.170800701960317,112.2903272153218
46,103,72,23.17097222638375,112.2898187796844
46,103,73,23.17111924107528,112.28923481107954
46,103,74,23.170454003107515,112.28886483403063
46,103,75,23.168750503196687,112.28814366413214
46,103,76,23.167007937487927,112.28824884699516
47,293,0,23.04127012745176,113.50896268425564
47,293,1,23.04166258613177,113.508706202252
47,293,2,23.04182884187318,113.50886447734273
47,293,3,23.042044089958043,113.5088338691764
47,293,4,23.04209874786848,113.50867761531208
47,293,5,23.04219231591224,113.50856312925492
47,293,6,23.04233780430063,113.50865025942552
47,293,7,23.042373783707085,113.50875220902684
47,293,8,23.04245124618067,113.5089199550622
47,293,9,23.042571212987795,113.5088606962072
47,293,10,23.042651842982355,113.50866718671504
47,293,11,23.04275123506794,113.50859934541263
47,293,12,23.04280638264517,113.50848793763149
47,293,13,23.042699870979792,113.50841731537344
47,293,14,23.042577682335597,113.50823101632932
47,293,15,23.04254315584671,113.508127767974
47,293,16,23.042642493263287,113.50804698522693
47,293,17,23.0423758904536,113.50804514710822
47,293,18,23.042259703507188,113.5079254964114
47,293,19,23.04215178771259,113.5079092390494
47,293,20,23.04209125683655,113.50802168760362
47,293,21,23.041990742630244,113.5081094722639
47,293,22,23.042118158447156,113.5081822465535
47,293,23,23.041978723224577,113.50830041713192
47,293,24,23.042090657224264,113.5083736397966
47,293,25,23.04221378918868,113.50834745522349
47,293,26,23.042327076212512,113.5084317461579
47,293,27,23.04233616255961,113.50828709766331
47,293,28,23.04246819652661,113.5082716688928
47,293,29,23.042515691047267,113.50846265208376
47,293,30,23.04266732915865,113.50853547921196
47,293,31,23.042572057110885,113.50862528531088
47,293,32,23.042757927856968,113.50867434902808
47,293,33,23.04283836666855,113.5088143507367
47,293,34,23.04301724267132,113.50873595099516
47,293,35,23.04323229170772,113.50851156897926
47,293,36,23.043497542896063,113.50822244849908
47,293,37,23.04378785941164,113.50899534059214
47,293,38,23.043884601424462,113.50942830116009
47,293,39,23.04394753432595,113.50967863862206
47,293,40,23.04403956873989,113.50972944875588
47,293,41,23.043991923284533,113.50986859129112
47,293,42,23.043855980176588,113.5098690406294
47,293,43,23.043756000989333,113.50977971169108
47,293,44,23.04372379048993,113.51007733325096
47,293,45,23.04387751429297,113.51026081594162
47,293,46,23.04397068559748,113.51019692266424
47,293,47,23.043979154484944,113.51006966848968
47,293,48,23.044134239990356,113.5101905092056
47,293,49,23.04424259145561,113.51036996086457
47,293,50,23.044307421520788,113.51048909286747
47,293,51,23.044234811052423,113.51057022126238
47,293,52,23.04430594120229,113.51068706116608
47,293,53,23.044256746593337,113.51083810788478
47,293,54,23.044134032779056,113.5107241010024
47,293,55,23.04399556359796,113.51067550624764
47,293,56,23.044062896304304,113.51056873994364
47,293,57,23.04411018951496,113.51042250835924
47,293,58,23.044406285976628,113.5103266830214
47,293,59,23.044495932765557,113.5101460362264
47,293,60,23.044616531635725,113.51013120656845
47,293,61,23.044650640359038,113.51040739623316
47,293,62,23.04476233665424,113.51053648123742
47,293,63,23.04485987879791,113.51038967386684
47,293,64,23.044970409413207,113.51040831733556
47,293,65,23.04536285866381,113.51017209567976
47,293,66,23.045395886118435,113.50958654354083
47,293,67,23.044880687125637,113.509258592089
47,293,68,23.044663913380763,113.50948718751714
47,293,69,23.044536623851524,113.50961666363112
47,293,70,23.04431148634031,113.50941726350776
47,293,71,23.043365366633,113.5097045858658
47,293,72,23.042406941133976,113.50924898751232
47,293,73,23.04225738626538,113.50874076592837
47,293,74,23.041924465565604,113.50854228977347
47,293,75,23.041631720873752,113.50778325844692
47,293,76,23.042043490817317,113.5075448645118
47,293,77,23.04199143347706,113.5069561798814
47,293,78,23.041514751889903,113.50660227588656
47,293,79,23.04413847572729,113.50737935340256
47,293,80,23.04527629653492,113.50718586345754
47,293,81,23.044204533125495,113.50552008525209
47,293,82,23.04443801808969,113.51052848072658
47,293,83,23.04439600858396,113.51062073696306
47,293,84,23.04450556501744,113.51085026041842
47,293,85,23.044425789440428,113.51091520190154
47,293,86,23.044394413600955,113.51105838966708
47,293,87,23.04449317253522,113.51120042623118
47,293,88,23.044514559261327,113.51131681548549
47,293,89,23.044468441728057,113.51142324687014
47,293,90,23.044537438324006,113.51158211120324
47,293,91,23.044657301690947,113.5115564561585
47,293,92,23.04469887451,113.51133270550145
47,293,93,23.044288253477838,113.51141115993848
47,293,94,23.044125609249352,113.51103723559405
47,293,95,23.044088127800865,113.51094281783764
47,293,96,23.04419126942761,113.51095889330834
47,293,97,23.043675471941,113.510940169712
47,293,98,23.043518368656244,113.5113017495978
47,293,99,23.044654628378456,113.51240249220696
47,136,0,23.036757761575704,113.51057173660324
47,136,1,23.03449205292563,113.51101768413317
47,136,2,23.03436664756703,113.51186398226729
47,136,3,23.034445981553333,113.5121366189089
47,136,4,23.034157584910087,113.51215455164724
47,136,5,23.034103110892136,113.51203259426394
47,136,6,23.034179324910195,113.51241764112147
47,136,7,23.034359896771893,113.51235170863951
47,136,8,23.034408090235825,113.51248331725756
47,136,9,23.03448514192651,113.51262314083282
47,136,10,23.03460692543379,113.51259103269324
47,136,11,23.03459709186512,113.51281700998712
47,136,12,23.03458512390832,113.51302407804668
47,136,13,23.034494829016538,113.5132084729565
47,136,14,23.034589841027667,113.51332274256193
47,136,15,23.034629649436955,113.51355439551376
47,136,16,23.034166051205982,113.5133780053724
47,136,17,23.033730138522923,113.51330640015676
47,136,18,23.033768188644032,113.51316768334262
47,136,19,23.03345360596677,113.51303618414822
47,136,20,23.03336361905928,113.51288081768824
47,136,21,23.03312254699861,113.512964697735
47,136,22,23.033383333666823,113.51240334171152
47,136,23,23.0340145652812,113.51272017074074
47,136,24,23.03414114847472,113.51285193130576
47,136,25,23.03404037260849,113.5128987278662
47,136,26,23.03429959315276,113.51291282256008
47,136,27,23.03495478655907,113.51308021025012
47,136,28,23.03531664407473,113.51329310787972
47,136,29,23.035395175319056,113.51321625883568
47,136,30,23.03545260748027,113.51357137373547
47,136,31,23.035415482291107,113.51368067223994
47,136,32,23.03528728520204,113.51366972871756
47,136,33,23.03516323808028,113.51376649985784
47,136,34,23.03511958604072,113.51391092853696
47,136,35,23.035190566427467,113.5140638318876
47,136,36,23.03544852376297,113.51408699660205
47,136,37,23.03539929478948,113.51417861706362
47,136,38,23.03557409733884,113.51427368990232
47,136,39,23.035483087626837,113.51447641190548
47,136,40,23.03535816112084,113.51439100232048
47,136,41,23.03523893042097,113.5144448334475
47,136,42,23.03519203354257,113.51434074129668
47,136,43,23.035070285193715,113.51414589121066
47,136,44,23.034913833667936,113.51425386124698
47,136,45,23.035033239773515,113.51451144243136
47,136,46,23.035122643217992,113.51455809011335
47,136,47,23.035387613229243,113.51461824823085
47,136,48,23.03535035389924,113.51473551369762
47,136,49,23.035529319799124,113.51469078403312
47,136,50,23.035725026064323,113.51447668773316
47,136,51,23.03614793849576,113.51456684090286
47,136,52,23.03613605455219,113.51467396696002
47,136,53,23.035906974837417,113.5149239624296
47,136,54,23.03590797682819,113.51504867075968
47,136,55,23.035816026267668,113.51531142536538
47,136,56,23.03581692597539,113.51545412659416
47,136,57,23.03578440651384,113.5155751761088
47,136,58,23.035398434173167,113.5155063841334
47,136,59,23.035358678900295,113.5153919548479
47,136,60,23.03533267640949,113.5155855587673
47,136,61,23.035234835525458,113.51563141431444
47,136,62,23.035334833969568,113.51578760644846
47,136,63,23.03506796474356,113.51572531897096
47,136,64,23.034904256163006,113.51517124048836
47,136,65,23.03518200464617,113.51517358357184
47,136,66,23.03517814011614,113.51505613531369
47,136,67,23.035321596058687,113.51514140711006
47,136,68,23.034827308195105,113.5148493618887
47,136,69,23.034714993307414,113.51456443742032
47,136,70,23.034604990077803,113.5144783668916
47,136,71,23.035481236107167,113.51393363262903
47,136,72,23.03573574029521,113.51397732390646
47,136,73,23.03582748610865,113.51386624615525
47,136,74,23.03621220472137,113.51500630462652
47,136,75,23.035607897794105,113.516095565123
47,136,76,23.035679454140624,113.5162870530627
47,136,77,23.035459865344137,113.51635396128118
47,136,78,23.035385326152937,113.51624496164222
47,136,79,23.035436406940253,113.516650195104
47,136,80,23.035918790221857,113.51674931764934
47,136,81,23.03592717033987,113.51718439814736
47,136,82,23.035600995620147,113.5174831395593
47,136,83,23.03618022975731,113.51759099955233
47,136,84,23.033798436527142,113.51152092973848
47,257,0,23.04508442685386,113.51887337608444
47,257,1,23.045124925722888,113.51918249042411
47,257,2,23.04527871774103,113.5191882073642
47,257,3,23.04537547368285,113.51925780334838
47,257,4,23.045434340855174,113.519040979081
47,257,5,23.045522860778355,113.51881853860904
47,257,6,23.045644649171177,113.51870228849675
47,257,7,23.045784477165544,113.5189413362849
47,257,8,23.04587452216038,113.51902047404808
47,257,9,23.045893026840385,113.51926470249371
47,257,10,23.045739231330156,113.51923065844764
47,257,11,23.045779256915782,113.51937506449806
47,257,12,23.04580857790355,113.51951323582875
47,257,13,23.045982418145503,113.51972980955654
47,257,14,23.045794802251617,113.51976525264716
47,257,15,23.04570905710517,113.5198517415986
47,257,16,23.045661836926037,113.51975970236796
47,257,17,23.045579783657622,113.51982687655712
47,257,18,23.04565594352778,113.52003823871556
47,257,19,23.04576706183782,113.520060475069
47,257,20,23.045706066253626,113.52020118988452
47,257,21,23.04585370188369,113.52026195547158
47,257,22,23.04596434958146,113.52038438990898
47,257,23,23.045943446803943,113.52049605345276
47,257,24,23.045759658440943,113.52055253536832
47,257,25,23.0458383396926,113.52072599251125
47,257,26,23.046159149236544,113.5203417076747
47,257,27,23.046350838762663,113.52018397629926
47,257,28,23.04645142866776,113.52005876270754
47,257,29,23.04662468095225,113.52023364665716
47,257,30,23.045983449967245,113.51998393091756
47,257,31,23.045459080922758,113.52012499205468
47,257,32,23.04532715693195,113.52019942238935
47,257,33,23.04527024520707,113.51993606986142
47,257,34,23.04509864874032,113.5195018947701
47,257,35,23.045386532722823,113.51945150653958
47,257,36,23.045608909437927,113.5193403630878
47,257,37,23.0462708964689,113.51945402882554
47,257,38,23.04485455710242,113.51931387469692
47,257,39,23.044684169420133,113.51940659409964
47,257,40,23.04468928540552,113.51981500276273
47,257,41,23.04432109416193,113.52008178537658
47,257,42,23.045137292087183,113.52055274429225
47,257,43,23.04528637995743,113.52067403234642
47,257,44,23.04706658534033,113.52099422908216
47,257,45,23.04787769525195,113.52340940719596
48,355,0,23.085310450837827,112.07901104466742
48,355,1,23.085387250239403,112.08149282611284
48,355,2,23.085255998953,112.08168959987638
48,355,3,23.08534450579236,112.08189585670472
48,355,4,23.08551877072743,112.08197085270574
48,355,5,23.085613303453364,112.08201187550053
48,355,6,23.08562463661692,112.08217369563576
48,355,7,23.08574763144937,112.08221180159572
48,355,8,23.08591416937209,112.08223365469412
48,355,9,23.0860897309868,112.08221088559552
48,355,10,23.085982449362746,112.08211561394572
48,355,11,23.085842211448696,112.08201926943153
48,355,12,23.085692172544608,112.08200114144618
48,355,13,23.08564907686636,112.08187967171352
48,355,14,23.08559300713208,112.08232685214962
48,355,15,23.08550078969897,112.08244206972562
48,355,16,23.085393219808232,112.08244721900476
48,355,17,23.085361995133677,112.08262239712
48,355,18,23.08547503851033,112.08266546100506
48,355,19,23.08558868677057,112.08268056839512
48,355,20,23.085686906269984,112.08264673757552
48,355,21,23.08588121208193,112.08252084835722
48,355,22,23.08571527071928,112.08238385746976
48,355,23,23.08542367533897,112.08233539802788
48,355,24,23.085236435947465,112.08220900277206
48,355,25,23.08514592434155,112.08225397189584
48,355,26,23.08506406514396,112.08254859289153
48,355,27,23.08536065999774,112.08281344280282
48,355,28,23.08508075254364,112.0831252709336
48,355,29,23.08506957256368,112.0832514995996
48,355,30,23.085154477216587,112.08335408950938
48,355,31,23.08490910636025,112.08330824266574
48,355,32,23.084882819406875,112.0834569260594
48,355,33,23.084695615185154,112.08343794767777
48,355,34,23.08473460486585,112.08332054421363
48,355,35,23.08460755633768,112.0836329663058
48,355,36,23.084604993463543,112.08375374554936
48,355,37,23.084712795578383,112.08383750274795
48,355,38,23.0848683281546,112.0837297572136
48,355,39,23.08498472302325,112.08367802452769
48,355,40,23.084888380849872,112.08392969728796
48,355,41,23.084780359765645,112.08403543374824
48,355,42,23.084556722576952,112.08394207224453
48,355,43,23.084457087138887,112.0841080109609
48,355,44,23.084356229985872,112.0839508328398
48,355,45,23.08426355662756,112.08400247973265
48,355,46,23.08438140859967,112.08379725592276
48,355,47,23.0843014335818,112.08371115103073
48,355,48,23.084384827922836,112.0836299323553
48,355,49,23.0845514052562,112.08362166567645
48,355,50,23.084841298442026,112.08428806584008
48,355,51,23.08517731002737,112.0841193364397
48,355,52,23.08541284512456,112.0838363029918
48,355,53,23.08541351617829,112.08367408639472
48,355,54,23.085545963776024,112.08329712791506
48,355,55,23.083780794786996,112.08417795053282
48,355,56,23.08540994979951,112.0858398582787
48,355,57,23.08431940578801,112.08931411417176
48,355,58,23.08220873614384,112.08182596340625
48,355,59,23.08750217936019,112.08183118028415
48,355,60,23.088726810703083,112.07950866581102
48,1130,0,23.0788960262221,112.06183607696344
48,1130,1,23.07801885484833,112.05957692270594
48,1130,2,23.077957581683396,112.0594873733401
48,1130,3,23.077870709067955,112.0595913776968
48,1130,4,23.07778852367676,112.05943465444658
48,1130,5,23.07773406159736,112.0592512325078
48,1130,6,23.077669712526543,112.05916947238164
48,1130,7,23.07754552633067,112.05908077625324
48,1130,8,23.077576376729414,112.05895937787092
48,1130,9,23.07779377110892,112.0589673681772
48,1130,10,23.07789718571965,112.05898766232596
48,1130,11,23.078104792408592,112.0589837840104
48,1130,12,23.0781463654288,112.05887615536092
48,1130,13,23.078058961624983,112.05881740450212
48,1130,14,23.07829402693611,112.05884629478548
48,1130,15,23.0783329378778,112.0586948042654
48,1130,16,23.07841668979697,112.0584919938447
48,1130,17,23.078630140763885,112.05850806174102
48,1130,18,23.078706223386504,112.05827128261402
48,1130,19,23.078576787834784,112.0582399720368
48,1130,20,23.078487956161894,112.05802275783287
48,1130,21,23.07851892664077,112.05783280609052
48,1130,22,23.078839309513334,112.05776636037994
48,1130,23,23.078946096177884,112.05777163774668
48,1130,24,23.07903542903181,112.05771925943633
48,1130,25,23.07898548125311,112.0576141475497
48,1130,26,23.079195237277325,112.0577106089272
48,1130,27,23.079351057931103,112.057726830877
48,1130,28,23.079606722364648,112.0577678498852
48,1130,29,23.07971780366089,112.057848167631
48,1130,30,23.07966752437537,112.05796955550451
48,1130,31,23.07954445503932,112.05802541079812
48,1130,32,23.079455711078616,112.05810392190772
48,1130,33,23.07960615682033,112.0582136839456
48,1130,34,23.07949536470136,112.05831023752738
48,1130,35,23.0791954617855,112.05823232050643
48,1130,36,23.079076303865254,112.0582455844813
48,1130,37,23.079030140574048,112.05843881437472
48,1130,38,23.0788863011149,112.05852397260004
48,1130,39,23.07886297534535,112.05832276859752
48,1130,40,23.078930621599163,112.05813047902548
48,1130,41,23.07913756277244,112.0581156400992
48,1130,42,23.079114805599737,112.05800338469668
48,1130,43,23.07906075218273,112.05786601902815
48,1130,44,23.07877012572101,112.05751027752603
48,1130,45,23.078096284620248,112.0575141602792
48,1130,46,23.07898321274463,112.05640917250308
48,1130,47,23.079858143557445,112.0582382273572
48,1130,48,23.08056385107944,112.05819334441324
48,1130,49,23.07802154274632,112.05927778731902
48,1130,50,23.077593283391916,112.05928608930388
48,1130,51,23.07746564487197,112.05920155832531
48,1130,52,23.077446811107404,112.05908805587876
48,1130,53,23.0774876245828,112.0589452716956
48,1130,54,23.077354590460725,112.05896860328252
48,1130,55,23.07738072813041,112.05916000373088
48,1130,56,23.077214280621057,112.05936649347028
48,1130,57,23.077305558303685,112.05948479832192
48,1130,58,23.07743081563381,112.05952517827906
48,1130,59,23.077724764476443,112.05962058859586
48,1130,60,23.077048612250167,112.05918309746436
48,1130,61,23.076752019017597,112.05895782514688
48,1130,62,23.081032094508227,112.05529804761584
48,1130,63,23.079546363905383,112.05270261142276
48,1130,64,23.08263794555645,112.04632444468244
48,1130,65,23.08568153984129,112.05950573484218
48,1130,66,23.083842320783745,112.0615385000928
50,254,0,23.128544287917105,112.36917264064078
50,254,1,23.123546544344933,112.37490163462756
50,254,2,23.12382473129944,112.37581726588348
50,254,3,23.12428430013648,112.37721522259272
50,254,4,23.124838713110947,112.37788203953107
50,254,5,23.12670293583403,112.37837818735431
50,254,6,23.1292288936345,112.38048830537464
50,254,7,23.130175193346385,112.37956953324188
50,254,8,23.13029426375285,112.3794764772809
50,254,9,23.130377454651708,112.37939090467052
50,254,10,23.13040989387549,112.37928780475876
50,254,11,23.130536767864093,112.37933289085548
50,254,12,23.130660097885443,112.37918842203858
50,254,13,23.13067708299607,112.37908114847669
50,254,14,23.130903246616107,112.37914695935208
50,254,15,23.13087014477699,112.3793082040281
50,254,16,23.13098606158314,112.37941106132118
50,254,17,23.130965055337423,112.37960273667127
50,254,18,23.13082665490105,112.37960712175548
50,254,19,23.130791182583568,112.37973025785628
50,254,20,23.130897486144708,112.3797323170442
50,254,21,23.13095125368345,112.37990832167516
50,254,22,23.13111317295773,112.37983789800282
50,254,23,23.13128457299005,112.37970858547696
50,254,24,23.13138875549377,112.37972464707418
50,254,25,23.1312534312832,112.3795844050504
50,254,26,23.131108916698377,112.3795663281397
50,254,27,23.13131784311732,112.3794206956114
50,254,28,23.13160614340445,112.37944329092082
50,254,29,23.131555775546406,112.37911029576458
50,254,30,23.131232291713665,112.37899530096836
50,254,31,23.131181658832737,112.37876019411046
50,254,32,23.130977340694848,112.37887070255488
50,254,33,23.130578997849728,112.37904053830762
50,254,34,23.13049174962397,112.37911068579363
50,254,35,23.13041176102793,112.37892714853892
50,254,36,23.130115411747024,112.3793359720668
50,254,37,23.13037350082234,112.37956925460064
50,254,38,23.130439244079376,112.37972064648967
50,254,39,23.13062678797885,112.37955458370402
50,254,40,23.131253998998645,112.37989942362626
50,254,41,23.131338515749576,112.38001291394124
50,254,42,23.131498276333748,112.37996515280994
50,254,43,23.131579920400632,112.37980862638148
50,254,44,23.132185831022564,112.38047491758913
50,254,45,23.132328108567677,112.38041481727882
50,254,46,23.132267607228595,112.3806657355936
50,254,47,23.13237345966818,112.38068876543794
50,254,48,23.132323085760525,112.38079232289004
50,254,49,23.132078264638377,112.38077782930696
50,254,50,23.13210027152452,112.380641813772
50,254,51,23.13211661784584,112.38097027927826
50,254,52,23.132648157996,112.38131567020174
50,254,53,23.132770003244573,112.38103974315882
50,254,54,23.13294522590766,112.38100287775978
50,254,55,23.132928404974788,112.38078960958644
50,254,56,23.133056756682965,112.38078008602312
50,254,57,23.13313828342509,112.38085687731208
50,254,58,23.13312378270952,112.3810541335568
50,254,59,23.13322766488969,112.38099348874462
50,254,60,23.133352032106025,112.38088438633451
50,254,61,23.133450190633237,112.38085714054692
50,254,62,23.133472554735487,112.3810467091518
50,254,63,23.133642813175047,112.38102535163196
50,254,64,23.133685135090044,112.38084415818996
50,254,65,23.134006115297115,112.38094545145135
50,254,66,23.133884027317077,112.38127149941978
50,254,67,23.133962026504737,112.38138918893044
50,254,68,23.133772302347587,112.3815654637821
50,254,69,23.13350434182232,112.38147110503252
50,254,70,23.133383240462987,112.38154223255374
50,254,71,23.13324294153105,112.38141091419288
50,254,72,23.1332913256944,112.38116569309042
50,254,73,23.133000955300734,112.38127262938912
50,254,74,23.132929955256657,112.38173617044352
50,254,75,23.132832381146127,112.38070300316264
50,254,76,23.133063067914968,112.38064667501942
50,254,77,23.13387521777313,112.38231582059854
50,254,78,23.13261971822116,112.38300510088294
50,254,79,23.132163024000537,112.3824898041092
50,254,80,23.131268684328813,112.3817490558681
50,254,81,23.128271881868628,112.38154080404182
50,254,82,23.13132549973166,112.37832888936116
50,254,83,23.131046698024083,112.37802822285624
50,254,84,23.132090594083344,112.37775992826845
50,254,85,23.13140932854277,112.3769087746477
50,254,86,23.132919599587872,112.38467785458496
50,116,0,23.14328612101144,112.3647363860328
50,116,1,23.142389551182767,112.3624479263409
50,116,2,23.14228879358478,112.36235120399242
50,116,3,23.14228630037415,112.36224103863124
50,116,4,23.142201349616105,112.3620663061182
50,116,5,23.142061555129374,112.3620406402484
50,116,6,23.142140463103036,112.36196021992258
50,116,7,23.142242520709097,112.36195210607224
50,116,8,23.142298659861343,112.36185932390174
50,116,9,23.142173107750256,112.36185141380032
50,116,10,23.142116077290662,112.36171267527789
50,116,11,23.14234118683056,112.36199121905068
50,116,12,23.142437597957574,112.362030636005
50,116,13,23.142470002345064,112.36217584761744
50,116,14,23.14218094382292,112.36226117257496
50,116,15,23.14211096921964,112.36218441193893
50,116,16,23.14196423449077,112.36224076323488
50,116,17,23.14205385246036,112.36234731722344
50,116,18,23.14199149222634,112.3624320613796
50,116,19,23.14186675187021,112.36235275574934
50,116,20,23.14170447308453,112.3623585925329
50,116,21,23.141774297973257,112.36225704079769
50,116,22,23.141862147572585,112.3621479195404
50,116,23,23.14191698380333,112.36203538284036
50,116,24,23.141716933719724,112.36259520454948
50,116,25,23.141649174922573,112.36084427944051
50,116,26,23.141561937599747,112.36077957532252
50,116,27,23.14165375135519,112.36070651138236
50,116,28,23.141835541646028,112.36079027155662
50,116,29,23.14183567359425,112.36063167423544
50,116,30,23.14176606759619,112.36054967032209
50,116,31,23.141644394682764,112.360517144632
50,116,32,23.141678196461417,112.36036862533004
50,116,33,23.14161886055524,112.36027217488906
50,116,34,23.141464820820893,112.36023888767804
50,116,35,23.14135141359208,112.36020975678062
50,116,36,23.141286783697417,112.36030340990158
50,116,37,23.14139556236335,112.36030123607976
50,116,38,23.14133756914737,112.36040010229485
50,116,39,23.141324882545867,112.36054349945664
50,116,40,23.14146826908176,112.360650067907
50,116,41,23.141454727953985,112.36075599571836
50,116,42,23.141591138580537,112.3605969137118
50,116,43,23.141766691408684,112.36047983509798
50,116,44,23.141859145597905,112.36039872483995
50,116,45,23.141872581964947,112.36027952948172
50,116,46,23.14184196124212,112.36009701772088
50,116,47,23.141658450507254,112.36001070565436
50,116,48,23.14161514949637,112.36015154444912
50,116,49,23.14151963416525,112.36000301870855
50,116,50,23.141441787236666,112.36008737772018
50,116,51,23.14145474006484,112.36041693917656
50,116,52,23.14197731257365,112.3604382465731
50,116,53,23.142104773193207,112.36042569693026
50,116,54,23.14209359208378,112.360549833095
50,116,55,23.14218904944246,112.36013352482637
50,116,56,23.143325767582635,112.36041396701891
50,116,57,23.148506248403027,112.35648653333088
51,897,0,23.042778981546544,113.21574721664848
51,897,1,23.04300890737175,113.21677195539894
51,897,2,23.04362920231111,113.21721534955856
51,897,3,23.04386442038065,113.21713474070496
51,897,4,23.043879104495257,113.21765565052232
51,897,5,23.043812007138957,113.21778060662398
51,897,6,23.04394312733224,113.21781504001449
51,897,7,23.044371070094687,113.2177378090438
51,897,8,23.0444013545528,113.2178361541807
51,897,9,23.044360145405705,113.2179460433273
51,897,10,23.044410242678488,113.21768035539476
51,897,11,23.04435827470602,113.21754473190632
51,897,12,23.044379381517555,113.21827811023518
51,897,13,23.043897079635496,113.21902117556354
51,897,14,23.0426557329368,113.2176097206841
52,95,0,23.390735852600336,112.8722729052862
52,95,1,23.38232340520012,112.86651643604463
52,95,2,23.384608625892128,112.8639054606777
52,95,3,23.36695616840981,112.86655871060624
52,95,4,23.34436945245761,112.86964789855767
52,95,5,23.35115875509944,112.88568698936136
52,95,6,23.35266074994413,112.886031888382
52,95,7,23.35296198662108,112.88562871066296
52,95,8,23.35309968490916,112.88574298721151
52,95,9,23.35318719551961,112.88584255606298
52,95,10,23.3533615361286,112.8860425866051
52,95,11,23.35340574008989,112.88623578139745
52,95,12,23.35339159802309,112.88650904441248
52,95,13,23.353404796087197,112.88675244533265
52,95,14,23.35326260309221,112.8867861373344
52,95,15,23.353579248369243,112.88681731536629
52,95,16,23.3537204871654,112.88697689555588
52,95,17,23.353686326993945,112.8870959717464
52,95,18,23.35372439969083,112.8872580551836
52,95,19,23.353639379670145,112.88731131331556
52,95,20,23.35349552286042,112.88712939653222
52,95,21,23.35353189674712,112.88703281103764
52,95,22,23.35373954164479,112.88755015261228
52,95,23,23.3539221219635,112.8875296024802
52,95,24,23.353930130006763,112.88776674790888
52,95,25,23.353777329647485,112.88775524072145
52,95,26,23.35376578723851,112.88806940521526
52,95,27,23.35423334960735,112.88804977777556
52,95,28,23.35306058680264,112.8863630769346
52,95,29,23.353175236331463,112.88555234729009
52,95,30,23.35329464365857,112.8853980981149
52,95,31,23.35370187795863,112.89070631565204
53,249,0,23.08657470867985,112.11826039085489
53,249,1,23.086932767072486,112.11839628022088
53,249,2,23.087174253327184,112.11843259253534
53,249,3,23.08752969815039,112.11821767516068
53,249,4,23.087043123756988,112.11883384911997
53,249,5,23.08698167790845,112.11902140053824
53,249,6,23.086991877528096,112.11914363092528
53,249,7,23.086973981539856,112.11931757798938
53,249,8,23.086773564241877,112.11924957099082
53,249,9,23.08676498437803,112.1191435308125
53,249,10,23.0867570109034,112.11903466585238
53,249,11,23.08665204194017,112.1190671186946
53,249,12,23.086524185486383,112.11904009322014
53,249,13,23.08648602978618,112.1191550771106
53,249,14,23.0864051743564,112.11900717313988
53,249,15,23.08626474839504,112.11903864021062
53,249,16,23.0862691064609,112.11890710620594
53,249,17,23.086424843525897,112.11876312586752
53,249,18,23.086579091644214,112.11869926718184
53,249,19,23.08664092369101,112.11880355827428
53,249,20,23.08674716766392,112.1187906625604
53,249,21,23.086777144992,112.11893968039846
53,249,22,23.086677980867613,112.119214553135
53,249,23,23.086298460034467,112.119184618771
53,249,24,23.086132198748462,112.11921363856078
53,249,25,23.086067716035423,112.11906360759558
53,249,26,23.085941789575987,112.1193017360762
53,249,27,23.08584790260609,112.11926643181964
53,249,28,23.085811629574707,112.1193886245418
53,249,29,23.08590351553892,112.11954434533445
53,249,30,23.08576250369466,112.119622557464
53,249,31,23.08563483957525,112.11949751753292
53,249,32,23.08562507379276,112.1193884163301
53,249,33,23.08563963517228,112.1192143818516
53,249,34,23.08543951736529,112.1192173762784
53,249,35,23.08534354865809,112.11926865456388
53,249,36,23.08541337338612,112.11937513963063
53,249,37,23.08528416915205,112.11955369833566
53,249,38,23.08532813069095,112.11964712427542
53,249,39,23.085456243611475,112.11974812819956
53,249,40,23.085564985104643,112.1197246410928
53,249,41,23.08559371437692,112.11982840596396
53,249,42,23.0857231993381,112.1197300280012
53,249,43,23.08581802076777,112.11986019983706
53,249,44,23.08569911040259,112.11996279531098
53,249,45,23.085756716018,112.12008019086052
53,249,46,23.085479630511596,112.12001890931104
53,249,47,23.0852531648964,112.11973874948131
53,249,48,23.085132575750247,112.1196692143585
53,249,49,23.084992040050555,112.11964159144878
53,249,50,23.084944372353423,112.11948163878384
53,249,51,23.084986900160185,112.11936257936468
53,249,52,23.08516089551912,112.11925691570434
53,249,53,23.085264969821303,112.1192859853292
53,249,54,23.085810719499133,112.12069263346643
53,249,55,23.08683860142676,112.11875674360212
53,249,56,23.087866530132416,112.11900112951378
53,1138,0,23.08604880204346,112.10971456769244
53,1138,1,23.08698522018626,112.1088068871961
53,1138,2,23.08691062397553,112.10864977531084
53,1138,3,23.08717490115512,112.10880743687063
53,1138,4,23.08730925272439,112.10867160976008
53,1138,5,23.087468810623797,112.10857829330216
53,1138,6,23.087599741567285,112.1085994846049
53,1138,7,23.08771026622419,112.10869243418692
53,1138,8,23.0877705825868,112.1086124334459
53,1138,9,23.08790527908972,112.10866953287626
53,1138,10,23.08789282078133,112.10878952342216
53,1138,11,23.08782202843259,112.10893597828591
53,1138,12,23.08780900381201,112.10911288883815
53,1138,13,23.087893470682104,112.10923833123006
53,1138,14,23.088013821292225,112.109194265554
53,1138,15,23.088142243215277,112.1092108324121
53,1138,16,23.08821865649756,112.109129096662
53,1138,17,23.088186563110444,112.10896127032538
53,1138,18,23.088365117894703,112.10886468356942
53,1138,19,23.088330175742456,112.10874791572256
53,1138,20,23.088797814345227,112.10855417429602
53,1138,21,23.08895765968555,112.10872208290137
53,1138,22,23.088967569016344,112.10885429291169
53,1138,23,23.088885577635512,112.1089237801988
53,1138,24,23.089035312297437,112.10896812152684
53,1138,25,23.089154504272507,112.10896788738096
53,1138,26,23.089240507800017,112.1088674279497
53,1138,27,23.089374441470856,112.10879615384128
53,1138,28,23.08932663472245,112.10866298521736
53,1138,29,23.089452913067475,112.10864931323192
53,1138,30,23.089461548206955,112.10847185728387
53,1138,31,23.089502816575614,112.10827321016647
53,1138,32,23.08932652727357,112.1083145667654
53,1138,33,23.089065663918998,112.10837955070362
53,1138,34,23.08922818541044,112.1085774958403
53,1138,35,23.08918445211233,112.10879056994573
53,1138,36,23.08925894903846,112.10899571153362
53,1138,37,23.089219218069875,112.10911307849696
53,1138,38,23.08911915447148,112.10910346047464
53,1138,39,23.08894562610691,112.10906465921404
53,1138,40,23.0893446097286,112.10903920925632
53,1138,41,23.089465112081086,112.1090552891975
53,1138,42,23.089661777591797,112.10909035988875
53,1138,43,23.08969392943441,112.10899267262808
53,1138,44,23.08968864464875,112.10876918360138
53,1138,45,23.089450142289703,112.1092007936687
53,1138,46,23.089684639928,112.10929269622608
53,1138,47,23.08985108160653,112.10816273364073
53,1138,48,23.08808073778197,112.10937915715056
53,1138,49,23.08810255004365,112.10964860038908
53,1138,50,23.08782652705988,112.10977598992363
53,1138,51,23.08769743369469,112.10959416085086
53,1138,52,23.087720399975343,112.10940515257668
53,1138,53,23.087623496751892,112.1093565168597
53,1138,54,23.08729940452853,112.10917637130729
53,1138,55,23.08743652048397,112.10887521082584
53,1138,56,23.08768719006969,112.10892485282014
53,1138,57,23.087753642983664,112.10880406364402
53,1138,58,23.08501149288689,112.10341435671084
54,108,0,22.81895782823573,113.58493144594294
54,108,1,22.816700279833285,113.59963877981184
54,108,2,22.814313466492123,113.60439331720448
55,126,0,23.170539123091988,112.7006147809161
55,126,1,23.171307023714803,112.70356036021536
55,126,2,23.171398165094395,112.70393914016508
55,126,3,23.170667464729515,112.70427060335103
55,126,4,23.17030513839176,112.70468453710178
55,126,5,23.170626525907675,112.70493922876555
55,126,6,23.170808560476768,112.7048555072965
55,126,7,23.171303203975945,112.7049848959817
55,126,8,23.17141715067419,112.70524637660736
55,126,9,23.171358341507503,112.70534251527008
55,126,10,23.17121907635466,112.7054163949487
55,126,11,23.171306399117963,112.70548541579863
55,126,12,23.17120288772903,112.70557343579596
55,126,13,23.171172767082187,112.70567677729828
55,126,14,23.171241233447574,112.70578679084495
55,126,15,23.17137118329596,112.70579187308164
55,126,16,23.171552890716477,112.70581472770436
55,126,17,23.17162237145938,112.7057204930062
55,126,18,23.17172513486589,112.7057285171999
55,126,19,23.17184397717053,112.70564149883192
55,126,20,23.171774574741168,112.70553782882229
55,126,21,23.171844385680878,112.7054549320138
55,126,22,23.17170648014023,112.70536929763684
55,126,23,23.17150913231094,112.70529320108928
55,126,24,23.17142978506604,112.70543161119672
55,126,25,23.171390233943363,112.705536964974
55,126,26,23.171486494332736,112.70557182415357
55,126,27,23.171629273815103,112.70560174604046
55,126,28,23.1718967303993,112.70572113220358
55,126,29,23.17196331497946,112.70580739433277
55,126,30,23.17204474726441,112.70588498762552
55,126,31,23.17220328369417,112.70594728257058
55,126,32,23.17231384610001,112.70608240207449
55,126,33,23.17219643422401,112.70572937953254
55,126,34,23.172280273809616,112.70562296722215
55,126,35,23.17229307772268,112.70542262562267
55,126,36,23.17219362004072,112.70538921363436
55,126,37,23.172345210461067,112.70507381639732
55,126,38,23.172226127514914,112.70492861961188
55,126,39,23.17275354455133,112.70543176225593
55,126,40,23.172798039691266,112.70597456240026
55,126,41,23.171862743754158,112.70587742016292
55,126,42,23.171744644039805,112.70593567174156
55,126,43,23.17095160715588,112.70561205785596
55,126,44,23.17099665045575,112.7054106897316
55,126,45,23.170608324463903,112.70534585761132
55,126,46,23.17031929637688,112.70539460286956
55,126,47,23.17035300125311,112.70526358707886
55,126,48,23.16980823948276,112.70554175723171
55,126,49,23.169180014786928,112.7055804948842
55,126,50,23.16915771553148,112.70544327252172
55,126,51,23.16900019061271,112.70543953174634
55,126,52,23.16898259120832,112.7053176293662
55,126,53,23.168852130219992,112.70531756619675
55,126,54,23.16872444620628,112.70529449155866
55,126,55,23.16870905129678,112.70517905872704
55,126,56,23.16855261564567,112.70513321022572
55,126,57,23.168444783333747,112.70520833716128
55,126,58,23.1685758151821,112.70541077341176
55,126,59,23.168543304924263,112.70552441301608
55,126,60,23.168678059183527,112.70569193259696
55,126,61,23.16879180076944,112.70552959755643
55,126,62,23.16902193852417,112.70563660537334
55,126,63,23.16881634494844,112.70582431860628
55,126,64,23.16870807120428,112.70587086533236
55,126,65,23.16848980204277,112.70581375803458
55,126,66,23.16843735361665,112.7059210201392
55,126,67,23.1684659711323,112.70608474761777
55,126,68,23.16830606368484,112.70635324541986
55,126,69,23.16813123932426,112.70627939278256
55,126,70,23.16816601622569,112.7059275963175
55,126,71,23.1682721792544,112.70568352659706
55,126,72,23.168373616079577,112.70564308703791
55,126,73,23.168291435862898,112.70553529111385
55,126,74,23.168419554272266,112.70547470569495
55,126,75,23.168456816545515,112.70558641060325
55,126,76,23.168470450596747,112.70569087292095
55,126,77,23.168693046217893,112.70540708965392
55,126,78,23.16828732215197,112.70537831450464
55,126,79,23.168270477738908,112.70525568915716
55,126,80,23.16830478534601,112.7051373015544
55,126,81,23.168214940593973,112.70506766781722
55,126,82,23.16815085040428,112.7052477571144
55,126,83,23.1680237886688,112.70525697248682
55,126,84,23.167934724406457,112.70516275828076
55,126,85,23.16776400931717,112.70539347343131
55,126,86,23.168928634312785,112.70602431822824
55,126,87,23.16893405374215,112.70633979878308
55,126,88,23.168873626003244,112.70662395134497
55,126,89,23.168636196229603,112.70652274063916
55,126,90,23.169215932901075,112.7062145266802
55,126,91,23.170443320304376,112.70660722982768
55,126,92,23.16861645448883,112.70818568297577
55,126,93,23.16931414881657,112.70876458834816
55,126,94,23.16842704752276,112.71056821794292
55,126,95,23.16945236101928,112.71135167027532
55,72,0,23.158663358121856,112.69734413142028
55,72,1,23.170673927452636,112.67895274313273
55,72,2,23.17036545055033,112.6785856637614
55,72,3,23.170308230993008,112.67805491859356
55,72,4,23.170663896168836,112.67788468476785
55,72,5,23.170500000289078,112.67690827617416
55,72,6,23.170339044760716,112.67685502180557
55,72,7,23.17025423963324,112.6767559488333
55,72,8,23.17050774326731,112.67649592521462
55,72,9,23.1706557971682,112.67635437096077
55,72,10,23.17073125247799,112.67653615083384
55,72,11,23.17094671458927,112.67640693344612
55,72,12,23.170828220183143,112.67613836402616
55,72,13,23.17069443477116,112.67604087316452
55,72,14,23.17060500904619,112.67599597243704
55,72,15,23.17045509655945,112.67605022506348
55,72,16,23.170318920105544,112.67603426051852
55,72,17,23.170282992524424,112.67588617438176
55,72,18,23.17025017016441,112.67578280732177
55,72,19,23.170362554032938,112.67577415651004
55,72,20,23.17065273488394,112.67573542521566
55,72,21,23.170683511150816,112.67586814722482
55,72,22,23.17081089973515,112.6758272446987
55,72,23,23.170546210045828,112.67613243884546
55,72,24,23.170423870476945,112.67615666827116
55,72,25,23.1701639381808,112.67609513425776
55,72,26,23.170017108403258,112.67607950228354
55,72,27,23.170062706911096,112.67597418996796
55,72,28,23.169840132544472,112.67621665926116
55,72,29,23.169752982694423,112.67610563382875
55,72,30,23.16961698989884,112.67611513352531
55,72,31,23.16950437264853,112.67605850162047
55,72,32,23.169318884308016,112.67594854697462
55,72,33,23.1691653522008,112.6758938501365
55,72,34,23.169011229348214,112.6758164372852
55,72,35,23.168901133674638,112.67608607614402
55,72,36,23.169056053549767,112.67617734780733
55,72,37,23.169085359935934,112.67636935614156
55,72,38,23.16923180375157,112.67634446949396
55,72,39,23.16935353626208,112.6763284446751
55,72,40,23.169321345502173,112.67681390919032
55,72,41,23.168722082042702,112.67664170478628
55,72,42,23.169366550688117,112.67574741362752
55,72,43,23.17125923240837,112.67649845682786
55,72,44,23.172652917137977,112.67563380731382
55,72,45,23.172752150537107,112.67553906570642
55,72,46,23.172677735464045,112.67543154378995
55,72,47,23.172528386409503,112.67545227071876
55,72,48,23.17257471488846,112.6751782586367
55,72,49,23.17266646960521,112.67512827615812
55,72,50,23.1727131055195,112.6750298082156
55,72,51,23.172921706669516,112.6750777044369
55,72,52,23.172974266984703,112.67517927560324
55,72,53,23.173038950059382,112.67540868871642
55,72,54,23.173129688490786,112.67548924428816
55,72,55,23.17325372569569,112.67548604280113
55,72,56,23.173258206232735,112.67563207481012
55,72,57,23.173386324618043,112.67546681516734
55,72,58,23.17350102940625,112.67547341588896
55,72,59,23.173627030910865,112.67549259366382
55,72,60,23.173714957942547,112.67541576888844
55,72,61,23.173848164133645,112.67538198239542
55,72,62,23.173904592363463,112.675563495937
55,72,63,23.17368369723742,112.67565353384887
55,72,64,23.173578987684955,112.67563098145168
55,72,65,23.17357771674381,112.67539959872455
55,72,66,23.173532903790832,112.67526559151167
55,72,67,23.173359948252763,112.6753228975304
55,72,68,23.17322612691015,112.67528930176172
55,72,69,23.17317868964661,112.675050583816
55,72,70,23.17342792288805,112.67500554980316
55,72,71,23.17351405043668,112.67507051709744
55,72,72,23.173622901457133,112.67508424503971
55,72,73,23.174109654979468,112.6750700695743
55,72,74,23.173801246615916,112.67469117073284
55,72,75,23.17334126016604,112.6747684753112
55,72,76,23.172994972285217,112.6747211505948
55,72,77,23.17270833861966,112.67481039908296
55,72,78,23.172985464306045,112.67548786212934
55,72,79,23.172976682355657,112.67561865621282
55,72,80,23.173329721354506,112.67583370393643
55,72,81,23.17295761784644,112.67283086622568
55,72,82,23.172908495054017,112.67267058612654
55,72,83,23.17319063198625,112.67270934178926
55,72,84,23.17347062395449,112.67186110114427
55,72,85,23.174218630871213,112.67237249414468
55,72,86,23.17056329214374,112.66954162496656
55,72,87,23.162113863437494,112.67356544686956
55,72,88,23.17121964915176,112.67892083089129
55,129,0,23.15922608901411,112.6991405321435
55,129,1,23.160941964391995,112.7253230861423
56,108,0,22.73214066907608,113.67125141057691
56,108,1,22.767194139350643,113.63196508584431
56,108,2,22.77139847131849,113.63100207295028
56,108,3,22.77573504740484,113.62875827452696
56,108,4,22.776305966876706,113.62866130723896
56,108,5,22.777806618871423,113.6305796540476
56,108,6,22.77860581141328,113.6305344177116
56,108,7,22.779165061771145,113.6306801607744
56,108,8,22.77906464921405,113.63149117959078
56,108,9,22.77934351958105,113.63169273057925
56,108,10,22.779308767363304,113.631866794626
56,108,11,22.779227347246447,113.63204239522848
56,108,12,22.77924127653966,113.63221347873204
56,108,13,22.77995709616312,113.63209570849166
56,108,14,22.779785119784385,113.63160094423432
56,108,15,22.780428635939685,113.63070384628038
56,108,16,22.781214448942947,113.63215826681407
56,108,17,22.781236312018056,113.63230426914542
56,108,18,22.78119380256397,113.63248854644549
56,108,19,22.780882922420613,113.6325232271078
56,108,20,22.78135428959823,113.63290471835695
56,108,21,22.781017845194228,113.63313200012452
56,108,22,22.781198552765662,113.63339919982928
56,108,23,22.781726707475222,113.63346326721488
56,108,24,22.78232191186965,113.63312529395064
56,108,25,22.782530091302096,113.63354079829728
56,108,26,22.78308377623753,113.63320473954438
56,108,27,22.78273059183657,113.63487990857035
56,108,28,22.783742894371308,113.6357995302834
56,108,29,22.780024497891016,113.63289552081336
56,108,30,22.779628099644714,113.63295077728444
56,108,31,22.779418911064003,113.63324403813932
56,108,32,22.778603647968414,113.63159319901696
56,108,33,22.778502146769448,113.6315249832852
56,108,34,22.7783876286492,113.63141807891353
56,108,35,22.77828632477487,113.63160467703052
56,108,36,22.77794513748116,113.63148670700672
56,108,37,22.77529974981716,113.62590518370934
56,108,38,22.77586603921655,113.61701627745276
56,108,39,22.73817644351793,113.60918716066736
56,108,40,22.734642781431177,113.6066726779396
56,108,41,22.734431107207545,113.60548129809156
56,108,42,22.812225339554,113.6397221330943
56,108,43,22.81265723179039,113.63875182111344
56,108,44,22.81175325604204,113.64152764360308
57,63,0,23.13406729123813,112.27571659463014
57,63,1,23.134792708709853,112.27569066227808
57,63,2,23.13486772372118,112.27625572899775
57,63,3,23.13504583078564,112.2763033288212
57,63,4,23.13516393381161,112.27640036244875
57,63,5,23.135269381499583,112.27622223154616
57,63,6,23.135385067106103,112.27622787997817
57,63,7,23.135526874481727,112.27628119864144
57,63,8,23.13560540192683,112.27644858609776
57,63,9,23.135745215198867,112.27654456681672
57,63,10,23.13586770659508,112.27663284681697
57,63,11,23.13586579107996,112.2764313708133
57,63,12,23.13567200001838,112.27672748279814
57,63,13,23.1356164789936,112.27686521035868
57,63,14,23.135559730912448,112.277021251576
57,63,15,23.13542763780478,112.2770348807976
57,63,16,23.135331839385245,112.27682595451786
57,63,17,23.135469523486893,112.27675575215132
57,63,18,23.135121012324763,112.27681496732323
57,63,19,23.135171455374884,112.27699441254792
57,63,20,23.13498404471863,112.27729153669142
57,63,21,23.134769715472324,112.27721755947546
57,63,22,23.13470408363171,112.27736371625453
57,63,23,23.13464217762885,112.2774433058409
57,63,24,23.13482313108854,112.2774815394622
57,63,25,23.13497237867327,112.27746333864374
57,63,26,23.13499561593564,112.27766966449988
57,63,27,23.13499151901024,112.27795902054731
57,63,28,23.134995198806863,112.27809624506436
57,63,29,23.135044109526863,112.27824102365636
57,63,30,23.135137276716208,112.27835734945332
57,63,31,23.135169173073912,112.27848210901516
57,63,32,23.135296145961945,112.27847797780298
57,63,33,23.135421453806035,112.27840476450127
57,63,34,23.135306878657357,112.27833215413926
57,63,35,23.13525463640204,112.2780807275528
57,63,36,23.13509219344844,112.2779698955689
57,63,37,23.13484387801864,112.27838253215626
57,63,38,23.134766351178477,112.27854333953252
57,63,39,23.134602805540663,112.27855737629568
57,63,40,23.13441503353613,112.2786010465776
57,63,41,23.13443756967516,112.27871076290772
57,63,42,23.134534384506164,112.27881279811878
57,63,43,23.13462091437303,112.2788835677914
57,63,44,23.134578891712263,112.27878125189044
57,63,45,23.13483564990368,112.27872836451024
57,63,46,23.134942639563597,112.27868685137696
57,63,47,23.134935911321964,112.2788754609011
57,63,48,23.13483062862616,112.2789553375802
57,63,49,23.134738251561853,112.27900340325635
57,63,50,23.134816289312663,112.27919388628384
57,63,51,23.13510806807657,112.279228027403
57,63,52,23.135104680373143,112.27879444171025
57,63,53,23.135372477142354,112.27882652876542
57,63,54,23.135346354223785,112.2786338304146
57,63,55,23.135599486515577,112.2786891002184
57,63,56,23.1356946004282,112.2780834855529
57,63,57,23.13574521999648,112.2779807292784
57,63,58,23.13588684319545,112.27770398725386
57,63,59,23.13532757595526,112.27744955236577
57,63,60,23.13470214519028,112.27766667574468
57,63,61,23.13457271334504,112.27705702398382
57,63,62,23.134610971177626,112.27837191828456
57,63,63,23.134306189560924,112.27879821606749
57,63,64,23.134470674081037,112.27913172822814
57,63,65,23.136262775741503,112.27902208312295
57,63,66,23.13736440418198,112.27718366728918
57,63,67,23.13874612880404,112.27512360803532
57,63,68,23.13555536175448,112.27289425154686
57,63,69,23.13492360399321,112.27386036538488
57,78,0,23.12914068258227,112.26802342528757
57,78,1,23.130044887279453,112.26642740075128
57,78,2,23.12853198181721,112.2658879587438
57,78,3,23.12833895649344,112.26581280011318
57,78,4,23.12812668024753,112.26588163261457
57,78,5,23.128086845147777,112.26576941957192
57,78,6,23.127956394460515,112.2658055351624
57,78,7,23.127893529824984,112.26599681708102
57,78,8,23.12777764161836,112.26606889676538
57,78,9,23.12767183749622,112.26609932075488
57,78,10,23.127842349746825,112.26618137884545
57,78,11,23.12785929214068,112.2663252085568
57,78,12,23.127916425103116,112.26643124647822
57,78,13,23.127769898828184,112.26655123898568
57,78,14,23.12760756605161,112.26659792270324
57,78,15,23.12750471949953,112.26662807916898
57,78,16,23.12738121657512,112.26638710756322
57,78,17,23.12746062995936,112.26610640906463
57,78,18,23.127594063684512,112.26636605730576
57,78,19,23.127987211076142,112.2662356827226
57,78,20,23.128141597075825,112.26623872496668
57,78,21,23.12820077335263,112.26615508527787
57,78,22,23.128083757829977,112.26605815268734
57,78,23,23.12804525134205,112.26629262147368
57,78,24,23.12821574162937,112.26629977867128
57,78,25,23.1283467450346,112.2661576928052
57,78,26,23.127444446080663,112.2658129093647
57,78,27,23.127467810821173,112.26507111673362
57,78,28,23.12747949260204,112.26432247327784
57,78,29,23.12809577154234,112.2637070674522
57,78,30,23.12811750579486,112.26329638282496
57,78,31,23.128488814203983,112.26453231145524
57,78,32,23.127138669322783,112.26737146450355
57,78,33,23.12698090266693,112.26733912193424
57,78,34,23.12704744889615,112.267541433451
57,78,35,23.126971964912357,112.26765061068846
57,78,36,23.126871052131705,112.2675337800075
57,78,37,23.12678236974968,112.26759085290011
57,78,38,23.12675754969153,112.26775298160902
57,78,39,23.126596528909744,112.26780491536164
57,78,40,23.12664885648148,112.26790221140035
57,78,41,23.12648602662461,112.26779305541233
57,78,42,23.12642707014213,112.26767795944818
57,78,43,23.12629274594252,112.26764242648946
57,78,44,23.126184512482173,112.26765014120994
57,78,45,23.12627193537763,112.26781792905142
57,78,46,23.126263562771808,112.26795045531053
57,78,47,23.126201470654475,112.26803037103927
57,78,48,23.126349061670687,112.2680739755846
57,78,49,23.126388428713565,112.26818475426798
57,78,50,23.126444292301024,112.26832262455356
57,78,51,23.126598477877245,112.26849731665185
57,78,52,23.126746119431512,112.268542159199
57,78,53,23.126957904268032,112.26826256405646
57,78,54,23.127218690536147,112.2679797394156
57,78,55,23.126594219540333,112.267591483304
57,78,56,23.12664232919041,112.26745281783542
57,78,57,23.12672683074082,112.26732552202144
57,78,58,23.126483953448584,112.26741862756232
57,78,59,23.12602418647259,112.26786394500644
57,78,60,23.125901309376346,112.26774198259142
57,78,61,23.12578568493393,112.2681158861932
57,78,62,23.12574084417122,112.26843336418662
57,78,63,23.126077215505045,112.26832173406537
57,78,64,23.12621971070416,112.2682771590737
57,78,65,23.1254358723106,112.26805130031364
57,78,66,23.12525718430209,112.2684297444868
57,78,67,23.128267484849133,112.261317267089
57,78,68,23.13096476243473,112.25869475202973
57,78,69,23.13359601729549,112.26625251223928
58,75,0,22.892845101678454,113.32532117671796
58,75,1,22.884186576843867,113.31955476439468
58,75,2,22.88510729399435,113.3178311935169
58,75,3,22.88420484303255,113.3162409966464
58,75,4,22.884278266965023,113.31593877174812
58,75,5,22.884093280842944,113.31583546687531
58,75,6,22.88390961889518,113.31586249928807
58,75,7,22.88420636441952,113.31570738463331
58,75,8,22.88427755643197,113.3156318685728
58,75,9,22.88413876584089,113.3155784402816
58,75,10,22.88392171816253,113.31547236733128
58,75,11,22.88441206653402,113.31493748864015
58,75,12,22.884409361161502,113.31445033321658
58,75,13,22.88464574120711,113.31375210379792
58,75,14,22.88506435317036,113.31482355474812
58,75,15,22.88324828256131,113.31717287047186
58,75,16,22.88103699147031,113.31658226176252
58,75,17,22.88054754776104,113.31430019451784
59,257,0,23.06592505533973,113.5368904841416
59,257,1,23.065756611695345,113.53693519366252
59,257,2,23.06545662587094,113.5369291405701
59,257,3,23.06596185907204,113.53663203041162
59,257,4,23.064766131590957,113.5365657662184
59,257,5,23.06466106246663,113.5369657055962
59,257,6,23.06472514416773,113.53706857030024
59,257,7,23.064326863024416,113.53721798566993
59,257,8,23.06419659531585,113.53705725337564
59,257,9,23.063996625348956,113.53703472951972
59,257,10,23.06389936124654,113.53696370238522
59,257,11,23.063797666684906,113.53687263501482
59,257,12,23.0636963959876,113.53685726985044
59,257,13,23.06363921972728,113.53676025132263
59,257,14,23.06371160072297,113.53664645508437
59,257,15,23.06383180331687,113.53670283500368
59,257,16,23.064125315461485,113.53671656536132
59,257,17,23.06428199758203,113.53681163732976
59,257,18,23.06398337123445,113.53613923694746
59,257,19,23.06393994792181,113.53595455863145
59,257,20,23.06384390792892,113.53592229188936
59,257,21,23.064032238377585,113.53584244654296
59,257,22,23.0640446274782,113.5359500070258
59,257,23,23.064140494844395,113.53587229219852
59,257,24,23.06377238911116,113.53597097769196
59,257,25,23.06367389400633,113.53601592502784
59,257,26,23.063542285288143,113.53602879059278
59,257,27,23.063561923372347,113.5357764565202
59,257,28,23.06372718216875,113.53575010845974
59,257,29,23.06378718280978,113.53561259490104
59,257,30,23.063394653718312,113.53549288827269
59,257,31,23.06320654438831,113.53520219997408
59,257,32,23.063093069988405,113.5351898036597
59,257,33,23.062841503894656,113.53473538912594
59,257,34,23.063614100573503,113.5348596528152
59,257,35,23.06323015382409,113.53586455087844
59,257,36,23.063561954496357,113.53710100529896
59,257,37,23.063330820343392,113.53327180043723
59,99,0,23.07809111048235,113.54490399037104
59,99,1,23.079052625723296,113.54528877852118
59,99,2,23.07991402578006,113.54532461131768
59,99,3,23.080022364776127,113.54537966426194
59,99,4,23.08025501023141,113.54534270909808
59,99,5,23.080347649026265,113.54538869734247
59,99,6,23.080267742760743,113.54545310362536
59,99,7,23.080289111339468,113.54575106858428
59,99,8,23.08006406620928,113.5457126169945
59,99,9,23.080643064753957,113.5457222278208
59,99,10,23.080844185256797,113.54569183368466
59,99,11,23.0807598978652,113.54545004490066
59,99,12,23.0808563315202,113.54533563222807
59,99,13,23.080927005037907,113.5451820328488
59,99,14,23.080746947217246,113.54511640725796
59,99,15,23.080622762102344,113.54509428457662
59,99,16,23.080636445372505,113.5452935330048
59,99,17,23.08039546715362,113.54517465180338
59,99,18,23.08005432218416,113.54511523487687
59,99,19,23.080021123319547,113.54484308854008
59,99,20,23.08009726239245,113.54475577818631
59,99,21,23.08054929156234,113.54489756071516
59,99,22,23.080996098976453,113.54547378421496
59,99,23,23.080983446737,113.54558424182136
59,99,24,23.08095164065021,113.5456922082736
59,99,25,23.080900743418407,113.54582023458592
59,99,26,23.08090045274893,113.54594194344378
59,99,27,23.08086358586424,113.54604873376094
59,99,28,23.08082458834977,113.54614791880132
59,99,29,23.080767376143125,113.5460355367355
59,99,30,23.08077307180431,113.54591113792192
59,99,31,23.080626719943524,113.5462660567929
59,99,32,23.08054156233021,113.54632990480192
59,99,33,23.080447022570457,113.54616638503305
59,99,34,23.08005695536715,113.54633065555971
59,99,35,23.080268855723823,113.54661060607243
59,99,36,23.08112050795973,113.54630714505164
59,99,37,23.08096313345514,113.54737671677124
59,99,38,23.07953149812838,113.54894516773608
59,99,39,23.078236105399025,113.54840292262546
59,99,40,23.07783169995656,113.54642999786756
59,99,41,23.078522871627257,113.54611853422972
60,104,0,23.106736401817297,112.55150644191065
60,104,1,23.10677846859237,112.5527946153916
60,104,2,23.10697249658457,112.5533328740017
60,104,3,23.107201361172365,112.5535233251854
60,104,4,23.1073312703946,112.55344719508663
60,104,5,23.107312397414372,112.55334780543242
60,104,6,23.10730823790778,112.5531890454663
60,104,7,23.107529908908194,112.55331857291316
60,104,8,23.10747552366645,112.5534317297162
60,104,9,23.107575359501304,112.5535232907911
60,104,10,23.107567533617107,112.55369172041634
60,104,11,23.10775528839682,112.55370090382311
60,104,12,23.107837057884808,112.55361567494464
60,104,13,23.108013019196736,112.55369976727434
60,104,14,23.107897148893088,112.5538932333497
60,104,15,23.10780336020402,112.55385098746864
60,104,16,23.10779133212261,112.55396658052626
60,104,17,23.10771349148421,112.55414915151924
60,104,18,23.107602882455645,112.55402833234793
60,104,19,23.10754351184016,112.55386932132603
60,104,20,23.107594583518317,112.55378116134482
60,104,21,23.1076985419674,112.5538207303245
60,104,22,23.10746220783902,112.5537113182191
60,104,23,23.107366570514618,112.55385048391943
60,104,24,23.10724225211805,112.55392999995684
60,104,25,23.107147268726653,112.55382369697128
60,104,26,23.107095960126944,112.55371619274774
60,104,27,23.107197961828792,112.5537097810344
60,104,28,23.10727672243622,112.55379082614064
60,104,29,23.10738756660334,112.55398666964616
60,104,30,23.1074947536382,112.55433894135228
60,104,31,23.107328009387587,112.55444885375776
60,104,32,23.10760074941796,112.55433114805297
60,104,33,23.10774759595743,112.55440973951256
60,104,34,23.10757299529331,112.55491479247664
60,104,35,23.10756016942226,112.55502402622534
60,104,36,23.10741901474992,112.55505727146247
60,104,37,23.10736627849709,112.5551531475042
60,104,38,23.10725426983838,112.55512372236235
60,104,39,23.1072461254386,112.55524178721642
60,104,40,23.10720387448492,112.55539499826556
60,104,41,23.107077724791758,112.55522777515652
60,104,42,23.10713041481264,112.55514025060846
60,104,43,23.10726002866032,112.55504066260605
60,104,44,23.107294447921436,112.5548996352026
60,104,45,23.10745196054185,112.5552081245304
60,104,46,23.10759716571962,112.55520087001858
60,104,47,23.10773128885751,112.55509566684314
60,104,48,23.107710101944416,112.55526846934632
60,104,49,23.10781141312723,112.55533093984064
60,104,50,23.10779188764613,112.55546629792366
60,104,51,23.10801533891611,112.5553963683978
60,104,52,23.10805910113544,112.5555417454008
60,104,53,23.10830068194625,112.55564783418838
60,104,54,23.108042403054647,112.55514400216364
60,104,55,23.10756301222885,112.5555244477606
60,104,56,23.107498358454137,112.55543461720488
60,104,57,23.107274056803963,112.55558023609667
60,104,58,23.107154809566392,112.55569596159206
60,104,59,23.1070142938424,112.55559827699769
60,104,60,23.106975441351157,112.55574335849056
60,104,61,23.10677103199032,112.55560799243936
60,104,62,23.106995800474245,112.55539803538412
60,104,63,23.107007979656693,112.5552984480888
60,104,64,23.107403619383597,112.55582279727273
60,104,65,23.10759891991102,112.55587914047474
60,104,66,23.10635876939789,112.5557583979694
60,104,67,23.107685224164687,112.55344582778372
60,104,68,23.107594771419496,112.55317950263364
60,104,69,23.10832492335425,112.5539509801778
60,104,70,23.108527162369327,112.55230321031245
60,104,71,23.108892519060536,112.55233232816798
60,104,72,23.109153257541767,112.55187995681642
60,104,73,23.11046360775677,112.55519160389473
60,104,74,23.109990799906686,112.55579607056391
60,234,0,23.102447782973304,112.54839739596795
60,234,1,23.101134615412413,112.54841728169902
60,234,2,23.101156022246183,112.54787334371149
60,234,3,23.10096123458474,112.54767127794696
60,234,4,23.101077355776884,112.54760057085907
60,234,5,23.101176787088377,112.54757750936768
60,234,6,23.100837664078416,112.54737910441123
60,234,7,23.10084594972925,112.54719903948616
60,234,8,23.10068728866448,112.54712715327682
60,234,9,23.100575110446755,112.5471271932866
60,234,10,23.100456998085875,112.54710459550984
60,234,11,23.100463443227373,112.54725899782493
60,234,12,23.100465048949964,112.54738198663804
60,234,13,23.10050827328153,112.54749064061524
60,234,14,23.10061139487147,112.54759683363746
60,234,15,23.10072550415661,112.54775567327188
60,234,16,23.10053386547272,112.54773278930828
60,234,17,23.10050162506571,112.54787041626186
60,234,18,23.1003694270442,112.54785291423356
60,234,19,23.100428160378584,112.5479374325048
60,234,20,23.10034309747012,112.54774667040654
60,234,21,23.100227185860223,112.54769842498082
60,234,22,23.100318836779493,112.5476436893507
60,234,23,23.10048135420302,112.54757669416207
60,234,24,23.10038618315554,112.54746161883706
60,234,25,23.100292117614035,112.54740399871828
60,234,26,23.10023817205824,112.54753464605685
60,234,27,23.100060934527413,112.5475376501905
60,234,28,23.1000528696713,112.54766454716793
60,234,29,23.10024891666656,112.5472910337625
60,234,30,23.10067445671733,112.5474173922498
60,234,31,23.10068664273189,112.54692947154132
60,234,32,23.10074228632913,112.54653678967196
60,234,33,23.100891644882054,112.54647122776204
60,234,34,23.100863245731414,112.5463583500332
60,234,35,23.10072405329657,112.54630601314106
60,234,36,23.100646330387065,112.5461224210402
60,234,37,23.10070687955395,112.54599921933892
60,234,38,23.10079583795562,112.54588505715088
60,234,39,23.100760536042245,112.54577361053744
60,234,40,23.100785036011708,112.54566777179636
60,234,41,23.100895283146052,112.54572347038096
60,234,42,23.10094259941998,112.54593132096711
60,234,43,23.100881566720098,112.54606173814648
60,234,44,23.101000155559586,112.54616768351664
60,234,45,23.101051565725708,112.54626871949024
60,234,46,23.10115216174165,112.5462665469952
60,234,47,23.10123258110661,112.54611414584954
60,234,48,23.101268166394643,112.5459828213829
60,234,49,23.101164829914957,112.54590058148668
60,234,50,23.101155899467688,112.5460437689504
60,234,51,23.10133483973167,112.54606691747546
60,234,52,23.10140467749172,112.54598038625709
60,234,53,23.101372146110865,112.54583551961832
60,234,54,23.101243816143405,112.54565948336068
60,234,55,23.10109078089352,112.5454384616227
60,234,56,23.10089207445588,112.54546726175356
60,234,57,23.10065401061804,112.54539827886846
60,234,58,23.100548186288982,112.54539424480268
60,234,59,23.100643756365532,112.54527127414664
60,234,60,23.10066665547264,112.54560361215236
60,234,61,23.10036354650999,112.54569987375343
60,234,62,23.100556382680367,112.545945447421
60,234,63,23.100410390299366,112.54620469652156
60,234,64,23.09986555699372,112.54572545907452
60,234,65,23.10000323704796,112.54451677232623
60,234,66,23.100084162565075,112.54416927973092
60,234,67,23.101009810679837,112.5451613666495
60,234,68,23.10136685833252,112.5452199153302
60,234,69,23.101311849667347,112.54671028496712
60,234,70,23.10032684897393,112.548161975015
60,234,71,23.09969265278868,112.54797229358527
60,234,72,23.099371477607207,112.54707805813813
60,234,73,23.09887731143879,112.54259458996178
60,234,74,23.101055132798315,112.5525942664309
61,1038,0,23.05326999764069,113.30089316544507
61,1038,1,23.053694928270897,113.30069181896316
61,1038,2,23.053298293697424,113.30033431382093
61,1038,3,23.053304159291468,113.30008670824562
61,1038,4,23.053233735441705,113.29982666174882
61,1038,5,23.05313094270081,113.29983254736032
61,1038,6,23.053126748346973,113.29968722483652
61,1038,7,23.053136361848384,113.29952333347426
61,1038,8,23.053021457399065,113.2995397606772
61,1038,9,23.05291701357148,113.29947334932328
61,1038,10,23.05280378398133,113.2994015125788
61,1038,11,23.052847030315554,113.299300931857
61,1038,12,23.05292908418432,113.29936491229932
61,1038,13,23.05302295817876,113.29940817557328
61,1038,14,23.05294985286733,113.2995664989465
61,1038,15,23.052870024331536,113.29963199491316
61,1038,16,23.052819340518397,113.29974520756616
61,1038,17,23.05272477926092,113.29980967993428
61,1038,18,23.05276266174702,113.29991510933792
61,1038,19,23.05279416803846,113.30004338246408
61,1038,20,23.052850552808565,113.29995059767876
61,1038,21,23.052992950088303,113.29986771079253
61,1038,22,23.053012481361307,113.29967333404475
61,1038,23,23.05290060883631,113.29954979175729
61,1038,24,23.05276461267188,113.29961240411608
61,1038,25,23.05272872778649,113.2995021086429
61,1038,26,23.05255819003056,113.299491792509
61,1038,27,23.052566918479226,113.29965149385046
61,1038,28,23.05252208189087,113.29979065661098
61,1038,29,23.052431067722235,113.2998638689934
61,1038,30,23.05226973383719,113.29989247001436
61,1038,31,23.05231663346064,113.29978272648157
61,1038,32,23.05242667859672,113.29974759597806
61,1038,33,23.05256609531197,113.2999421882114
61,1038,34,23.052669666459284,113.29995947396336
61,1038,35,23.052727904598527,113.3000696525731
61,1038,36,23.05274605480932,113.30017538502042
61,1038,37,23.05262091062347,113.30030412274064
61,1038,38,23.052475337501843,113.30031369722327
61,1038,39,23.05240830410005,113.30021689870254
61,1038,40,23.052260391553578,113.30029259956947
61,1038,41,23.052368700985607,113.3004140133812
61,1038,42,23.05247595742359,113.30057693097368
61,1038,43,23.05247829597474,113.3007426898436
61,1038,44,23.052306045107503,113.3006041483388
61,1038,45,23.05225817718263,113.30090837712504
61,1038,46,23.05265153462617,113.30041062101752
61,1038,47,23.05281516622392,113.30050717646634
61,1038,48,23.0528922964477,113.30007933146958
61,1038,49,23.05304217365337,113.29992464859428
61,1038,50,23.053190694388004,113.29971176947588
61,1038,51,23.053229985605505,113.29959605386604
61,1038,52,23.053367976576915,113.29962425575933
61,1038,53,23.05328621051201,113.29972000463393
61,1038,54,23.053288645109976,113.2994768720912
61,1038,55,23.053211572806607,113.29934789614508
61,1038,56,23.053208613171087,113.29924453578352
61,1038,57,23.053219693770867,113.29913811159332
61,1038,58,23.053350869703536,113.29897512996938
61,1038,59,23.0532738695142,113.29888171488469
61,1038,60,23.05316770151382,113.29891554425896
61,1038,61,23.053104572809723,113.29904688420956
61,1038,62,23.05299301189193,113.29904279272688
61,1038,63,23.052923358218813,113.29916466837368
61,1038,64,23.052818963908475,113.2991723314531
61,1038,65,23.0529548372946,113.29923556317738
61,1038,66,23.05305666207774,113.29929026879772
61,1038,67,23.053355119010337,113.29939572620206
61,1038,68,23.05373195161365,113.29938980352908
61,1038,69,23.05373218224532,113.29964308419687
61,1038,70,23.053727494407763,113.29981436591356
61,1038,71,23.053851707768207,113.29983154071483
61,1038,72,23.05392043760596,113.29997607190808
61,1038,73,23.054067449287107,113.29979583922528
61,1038,74,23.05409987403655,113.29949284308049
61,1038,75,23.05408784940165,113.2992227439116
61,1038,76,23.0539586848856,113.29916341141826
61,1038,77,23.05351772740246,113.29910814741156
61,1038,78,23.05348163170349,113.298785059096
61,1038,79,23.05314086785736,113.29883290818064
61,1038,80,23.053028569718855,113.29884730199116
61,1038,81,23.052969737656607,113.29859560043266
61,1038,82,23.052642335199582,113.2991091048829
61,1038,83,23.05207849493557,113.29974543345976
61,1038,84,23.05239136128731,113.30002950665998
61,1038,85,23.05249978981337,113.2999955725292
61,1038,86,23.052516381621967,113.30010444961243
61,1038,87,23.05241895955609,113.30013301730938
61,1038,88,23.05211426889348,113.30021051947418
61,1038,89,23.05363519912684,113.29983859090255
61,1038,90,23.054601049132987,113.2998707446473
61,1038,91,23.054594102569062,113.29997314090822
61,1038,92,23.05385076832625,113.30133811369518
61,510,0,23.05358226429897,113.30109139039077
61,510,1,23.05427612165882,113.30233471510414
61,510,2,23.054109873350217,113.30253874106188
61,510,3,23.054155308819954,113.30266818641208
61,510,4,23.054082715935856,113.3027537079171
61,510,5,23.0539727472188,113.3028278234658
61,510,6,23.053885400989905,113.3027419329906
61,510,7,23.053641596653765,113.30273797394388
61,510,8,23.05358320262109,113.30286057580052
61,510,9,23.05327683578893,113.3028433471573
61,510,10,23.05303026185879,113.30292617638295
61,510,11,23.052987886546088,113.3026685329988
61,510,12,23.05320386009938,113.30355227790292
61,510,13,23.05302535019773,113.30366450378894
61,510,14,23.05368827161273,113.30336826535584
61,725,0,23.05283791417129,113.3014336594768
61,725,1,23.05272457461165,113.30138502133448
61,725,2,23.05279581772873,113.3017955857888
61,725,3,23.052925075508824,113.30177408583565
61,725,4,23.05273469575281,113.30195322257804
61,725,5,23.052652714919187,113.30186334840698
61,725,6,23.052635670494283,113.30203051642825
61,725,7,23.05266797344035,113.302165084177
61,725,8,23.05276389113962,113.30227484881678
61,725,9,23.052945145253062,113.302327295083
61,725,10,23.05280179241896,113.30240071486917
61,725,11,23.052700438766944,113.30240196203356
61,725,12,23.052625081839174,113.3024972561145
61,725,13,23.05254155679321,113.30255784878388
61,725,14,23.05254488013289,113.30270572616811
61,725,15,23.05267963403995,113.30270132828682
61,725,16,23.052797549450805,113.30262784121471
61,725,17,23.052843379078592,113.30253024099976
61,725,18,23.052797267840635,113.30268902300726
61,725,19,23.052910818868398,113.30275472923404
61,725,20,23.05296616330355,113.30287496518852
61,725,21,23.053016641982413,113.30270756604298
61,725,22,23.053011945585013,113.30245598247804
61,725,23,23.052849705291703,113.30216115926451
61,725,24,23.052500187191924,113.30206956662406
61,725,25,23.052397993146226,113.30208500706686
61,725,26,23.052392897772748,113.30221062656402
61,725,27,23.05240913047609,113.30233241441404
61,725,28,23.05232066666104,113.30241667584724
61,725,29,23.052385588976318,113.3025265737041
61,725,30,23.052383478005577,113.3026439921324
61,725,31,23.052494931416017,113.30274425429172
61,725,32,23.05239467681676,113.30277410535692
61,725,33,23.05236992484214,113.3028906260879
61,725,34,23.05241871755552,113.30303935302145
61,725,35,23.052367731639755,113.3031610472811
61,725,36,23.052275801287085,113.30325986284927
61,725,37,23.052293320161525,113.30338617248428
61,725,38,23.052461145859443,113.30330742720848
61,725,39,23.05258352604094,113.30328771487716
61,725,40,23.05261866930709,113.30304991947784
61,725,41,23.052850929851804,113.30319449440064
61,725,42,23.05270534554927,113.30276723564842
61,725,43,23.052579908977048,113.30241481235282
61,725,44,23.052462334030924,113.30242858726191
61,725,45,23.052292079794928,113.30254439542182
61,725,46,23.052182927921624,113.30253917991394
61,725,47,23.052203537355368,113.3026551272257
61,725,48,23.05228185281611,113.30272088815956
61,725,49,23.052151215948925,113.3028660944002
61,725,50,23.05207122166764,113.302975007448
61,725,51,23.0518482363188,113.30300619027189
61,725,52,23.05198085125985,113.30309800970952
61,725,53,23.05202822330016,113.30319590361418
61,725,54,23.052208504448355,113.30317520701318
61,725,55,23.05229377988987,113.30305968337306
61,725,56,23.05224023091585,113.30290320269602
61,725,57,23.051971100911803,113.30277613957806
61,725,58,23.051992283637063,113.3026038994506
61,725,59,23.05186392905528,113.30256594883924
61,725,60,23.05182632739205,113.30247094791856
61,725,61,23.051641705716623,113.30262954935635
61,725,62,23.0517432602008,113.30274742726064
61,725,63,23.051890113262196,113.30268129929028
61,725,64,23.052154278983327,113.30241804512504
61,725,65,23.05228965071673,113.30227863764044
61,725,66,23.05221415512063,113.30212505451526
61,725,67,23.052284055053956,113.30204393402056
61,725,68,23.05240124721266,113.30194256991638
61,725,69,23.052318058197194,113.3018706665429
61,725,70,23.052190992650907,113.30188934216088
61,725,71,23.05205276958676,113.30181392439694
61,725,72,23.05211229321674,113.30207135089344
61,725,73,23.052325783889795,113.30260901831876
61,725,74,23.052002053752243,113.3033405460836
61,725,75,23.051921928025727,113.30340507099685
61,725,76,23.05186263743377,113.30327022097003
61,725,77,23.052292684911453,113.30347563546462
61,725,78,23.05241809588244,113.3036461043262
61,725,79,23.052379697405406,113.30378810021806
61,725,80,23.052243062745163,113.30376146892378
61,725,81,23.052051343038062,113.30378047692598
61,725,82,23.05189128968646,113.30389199555768
62,964,0,23.141164000719424,112.57661685305558
62,964,1,23.14039719937218,112.57566777259458
62,964,2,23.140087770910707,112.57534361532458
62,964,3,23.13997360297023,112.57507985713788
62,964,4,23.13990557858836,112.57499639269794
62,964,5,23.139826536590952,112.57490350783289
62,964,6,23.139607915285723,112.57485043256868
62,964,7,23.13970190916137,112.57474287876008
62,964,8,23.139790631224702,112.57465662524872
62,964,9,23.139790479054124,112.57448435724442
62,964,10,23.13968868267333,112.57450228586328
62,964,11,23.13954068640381,112.5745761762241
62,964,12,23.139579673745665,112.57469484127516
62,964,13,23.139459134799413,112.5746729044927
62,964,14,23.139335908919268,112.57459401174656
62,964,15,23.139255924066028,112.57453377862971
62,964,16,23.13938332325429,112.57445362474353
62,964,17,23.13947556877676,112.57453712995056
62,964,18,23.13951444012061,112.57441388169094
62,964,19,23.139617270915203,112.57438810657032
62,964,20,23.139736807398,112.5741498991748
62,964,21,23.139341925252385,112.57401216571198
62,964,22,23.139237588672632,112.57401126846148
62,964,23,23.13930109337196,112.57389847996872
62,964,24,23.139352865657543,112.5738080396662
62,964,25,23.13926961465321,112.57373409103188
62,964,26,23.13905693496796,112.573616913246
62,964,27,23.138983083465195,112.57384929400492
62,964,28,23.13914552524205,112.57389110952472
62,964,29,23.13888922075136,112.57399817334549
62,964,30,23.138768310700023,112.57401850796734
62,964,31,23.13866813831375,112.57381984228282
62,964,32,23.138812167878864,112.57379432509724
62,964,33,23.13867983375584,112.57361079933337
62,964,34,23.138880350868885,112.5735112799847
62,964,35,23.139016079491807,112.57346217157222
62,964,36,23.139205301482978,112.57337719794324
62,964,37,23.13935043602416,112.57340581584246
62,964,38,23.13935260993184,112.5735067031512
62,964,39,23.13957942420272,112.57348335822866
62,964,40,23.13915653494692,112.57417643843984
62,964,41,23.13899647679672,112.57433073921004
62,964,42,23.13887541946341,112.57439606929093
62,964,43,23.138764640423275,112.57427630603428
62,964,44,23.13903852365611,112.57475567282602
62,964,45,23.13909659298701,112.57486168266864
62,964,46,23.13924541161448,112.57489646055772
62,964,47,23.13924825293141,112.57478431317875
62,964,48,23.13936356522863,112.57500829462612
62,964,49,23.13926290648257,112.57505766051035
62,964,50,23.13912474535741,112.57501612109522
62,964,51,23.13910498166141,112.57517409810995
62,964,52,23.13903365496222,112.57526710101598
62,964,53,23.13889658229534,112.57524711900255
62,964,54,23.138908735003703,112.57538064172596
62,964,55,23.13877441718416,112.5753064502823
62,964,56,23.13867565947957,112.57543252608856
62,964,57,23.138634821889625,112.57567273071164
62,964,58,23.13871974308268,112.57579253996786
62,964,59,23.138611671667302,112.5751864556458
62,964,60,23.138567326403063,112.57500300456525
62,964,61,23.13838183165948,112.5749865376528
62,964,62,23.138369434275035,112.57515196813604
62,964,63,23.138642967277747,112.57483043272816
62,964,64,23.13840809884748,112.57472584581733
62,964,65,23.138829582960906,112.57512302220444
62,964,66,23.13896647999848,112.5749513117696
62,964,67,23.13945690824683,112.5751385578738
62,964,68,23.139564091919816,112.57512010537832
62,964,69,23.139493325299817,112.5752185850457
62,964,70,23.139658194916358,112.57533052351238
62,964,71,23.13951724937708,112.57490169403776
62,964,72,23.139823620182916,112.5747835449904
62,964,73,23.13990255851762,112.57471820799324
62,964,74,23.140024767390024,112.57459233124372
62,964,75,23.14011790608536,112.57473534280176
62,964,76,23.140308049521597,112.57450302614656
62,964,77,23.14080643923656,112.57450601329718
62,964,78,23.138501959133716,112.57344165751516
62,964,79,23.138193900837887,112.57329462320126
62,964,80,23.13740817593657,112.57375802390426
62,964,81,23.13740537669583,112.57409537091232
62,964,82,23.134712283101003,112.57604338898037
63,298,0,23.14181295455271,112.27502880464506
63,298,1,23.145049469469654,112.27357223884724
63,298,2,23.145329136198235,112.27806349193187
63,298,3,23.1473557069778,112.27929988367907
63,298,4,23.14626466596848,112.2804507811437
63,298,5,23.1461715740076,112.28078767269992
63,298,6,23.14604098740837,112.28092084802762
63,298,7,23.14598087789295,112.28102544354282
63,298,8,23.14614873788173,112.2810916756927
63,298,9,23.146172762040923,112.28119696800243
63,298,10,23.14614369786808,112.2813554201437
63,298,11,23.146042920465057,112.28130746705298
63,298,12,23.145888070422583,112.28124941294746
63,298,13,23.145786741201007,112.2811548115309
63,298,14,23.14570270052077,112.28109542725612
63,298,15,23.14559016396452,112.28112666730664
63,298,16,23.14544646915793,112.28111878557372
63,298,17,23.145401299224357,112.28097181333946
63,298,18,23.145540248565872,112.28085442742228
63,298,19,23.14556982368614,112.2812804508898
63,298,20,23.145550416704765,112.28140758460262
63,298,21,23.14568363298581,112.2814591422885
63,298,22,23.145726879021247,112.28133303407212
63,298,23,23.14583030797472,112.28138841401665
63,298,24,23.145986578923367,112.28148603710778
63,298,25,23.14604223358143,112.28159363753691
63,298,26,23.14617979253385,112.28159923114993
63,298,27,23.145902232021825,112.28180861362624
63,298,28,23.14576396513047,112.28177804998704
63,298,29,23.14577244947676,112.28162515452118
63,298,30,23.145394881519163,112.28141782100458
63,298,31,23.14536405222823,112.28129028261576
63,298,32,23.145327357136456,112.28162664764383
63,298,33,23.14533998328021,112.28185836513605
63,298,34,23.144990959584437,112.28087498501648
63,298,35,23.144774016820136,112.28091030674172
63,298,36,23.14636529363758,112.28219571930586
63,298,37,23.14652473261544,112.28218829806322
63,298,38,23.14653451232404,112.28231140474244
63,298,39,23.146435811818893,112.28235241499412
63,298,40,23.146504361774134,112.28262034612813
63,298,41,23.14661813049546,112.2825647477885
63,298,42,23.14677987740236,112.28271374790394
63,298,43,23.14685963492434,112.28289878454903
63,298,44,23.14699911892093,112.28287217301536
63,298,45,23.146987915756934,112.28300298560848
63,298,46,23.147079861075596,112.28313528521534
63,298,47,23.147217460859224,112.2831310865953
63,298,48,23.147161194117466,112.28278896833092
63,298,49,23.147109157805254,112.28253781695204
63,298,50,23.146964860716835,112.282620995269
63,298,51,23.146738080423805,112.28300212616872
63,298,52,23.14654715645169,112.28290475624524
63,298,53,23.146401983749428,112.282899581897
63,298,54,23.146387520422454,112.2827849424258
63,298,55,23.146233629805632,112.2827921120642
63,298,56,23.146252891609247,112.28292147414074
63,298,57,23.146075448175463,112.28298825893022
63,298,58,23.146123917936,112.2831473064028
63,298,59,23.14610593481413,112.28325901766654
63,298,60,23.146342686091323,112.28331335011396
63,298,61,23.146452149571022,112.28311393157672
63,298,62,23.14682215115636,112.28322452923622
63,298,63,23.146841395937862,112.28334640898554
63,298,64,23.146645703224404,112.28342872488936
63,298,65,23.14619843206149,112.28262566425022
63,298,66,23.14790961885872,112.28354455953664
63,298,67,23.148168305956503,112.28285711417828
63,298,68,23.149197542799296,112.28112030544436
64,162,0,23.139652189415852,111.75962822265562
64,162,1,23.13860967741825,111.76088225217217
64,162,2,23.138590172418137,111.7610499138556
64,162,3,23.138468697266592,111.76101019574416
64,162,4,23.13838269904646,111.76106588447368
64,162,5,23.13829939367586,111.76097650284711
64,162,6,23.138315797904003,111.7607314306826
64,162,7,23.13809690489599,111.76076018877352
64,162,8,23.138073138058623,111.7611666971348
64,162,9,23.13819175636192,111.76128198792684
64,162,10,23.138322627266,111.7612799124784
64,162,11,23.138692016840658,111.76122733774832
64,162,12,23.13780847382885,111.76112659596718
64,162,13,23.137702798575376,111.76119063219772
64,162,14,23.137626093121952,111.76126064219608
64,162,15,23.13744156981634,111.76121462893624
64,162,16,23.137540825745702,111.76103070000862
64,162,17,23.137455209495773,111.76085130849098
64,162,18,23.137527196618493,111.76076836994748
64,162,19,23.13754831835953,111.76066657130409
64,162,20,23.13700758348657,111.76102366984462
64,162,21,23.136886670951004,111.7610735426077
64,162,22,23.136718248472967,111.76107478331753
64,162,23,23.136671071926465,111.76084926417995
64,162,24,23.136314699733536,111.7611246476677
64,162,25,23.13617462107038,111.76110472674874
64,162,26,23.136070029997583,111.76110881817918
64,162,27,23.135933640044204,111.7609709416118
64,162,28,23.13567988790659,111.7611376318535
64,162,29,23.13551627158446,111.7610021819746
64,162,30,23.13554377647976,111.76083489900977
64,162,31,23.13532232586725,111.76105163815896
64,162,32,23.135436992463557,111.76110797959149
64,162,33,23.13553097273372,111.76128570415086
64,162,34,23.13560309947008,111.76138966260696
64,162,35,23.135782883572663,111.7612326056723
64,162,36,23.13572329277837,111.76148294142216
64,162,37,23.13570993193935,111.76163973871616
64,162,38,23.135529042881,111.76168965175054
64,162,39,23.1354567238559,111.76150879659464
64,162,40,23.135946859954945,111.7616113214617
64,162,41,23.135957344740152,111.76148173873294
64,162,42,23.136022907829467,111.76132617390826
64,162,43,23.136185343184817,111.76145651645332
64,162,44,23.13632821101604,111.76147257767748
64,162,45,23.136597734327875,111.76160982996863
64,162,46,23.135786095156774,111.76198171356044
64,162,47,23.134929773166945,111.7613864973271
64,162,48,23.134990914005616,111.761223453838
64,162,49,23.13511978152253,111.76102221838208
64,127,0,23.153472846389903,111.7218312173446
64,127,1,23.15039436050116,111.72742350787064
64,127,2,23.148895386211727,111.7379457313389
64,127,3,23.149019668119447,111.73812521903704
64,127,4,23.149038852504315,111.73824291591148
64,127,5,23.149116436381306,111.73857199356202
64,127,6,23.148951271145183,111.73863342601084
64,127,7,23.1488652556962,111.7385747998004
64,127,8,23.148931258893363,111.73871952681988
64,127,9,23.149043088883214,111.73880710849002
64,127,10,23.14908638340875,111.73891073660296
64,127,11,23.149238253960437,111.73911461866244
64,127,12,23.14876179556924,111.73884724776576
64,127,13,23.14869019021184,111.73847760427644
64,127,14,23.148500890823108,111.73849979413647
64,127,15,23.148461125622365,111.73860199445076
64,127,16,23.148470799605207,111.73833094982444
64,127,17,23.14869073887016,111.7382424550374
64,127,18,23.148532130980048,111.73795825542392
64,127,19,23.148143161999027,111.73833648940378
64,127,20,23.14801751398201,111.73826834114696
64,127,21,23.14799003935416,111.73844824169852
64,127,22,23.14767321817051,111.73816141484964
64,127,23,23.147207971423956,111.73818865568074
64,127,24,23.147025473623295,111.73811030158376
64,127,25,23.146841285038946,111.73800205237973
64,127,26,23.146784734645387,111.738163930239
64,127,27,23.146706202324605,111.7380446867261
64,127,28,23.146639622637345,111.73813083982078
64,127,29,23.14655843502265,111.73829183640918
64,127,30,23.1464520539956,111.7384180815914
64,127,31,23.146571393234225,111.73845993689946
64,127,32,23.146730670694637,111.73840226677864
64,127,33,23.146586912809568,111.73798881618085
64,127,34,23.14646212204839,111.7378328907143
64,127,35,23.14641536769425,111.7379888847084
64,127,36,23.146327408962627,111.73793944658274
64,127,37,23.14634300684076,111.73810016295386
64,127,38,23.14627294180963,111.73818250837476
64,127,39,23.14633457544472,111.73826797669513
64,127,40,23.14620289695832,111.73860591556368
64,127,41,23.146388865839302,111.73866850784952
64,127,42,23.146005795275784,111.73842909239129
64,127,43,23.14600827616796,111.7379981739293
64,127,44,23.146181351993683,111.73782197778804
64,127,45,23.146694126665544,111.73788236800866
64,127,46,23.144933636039745,111.7392359996208
64,127,47,23.143011593645657,111.7466053726238
64,127,48,23.148170505093745,111.75582417365956
64,202,0,23.154171926370623,111.71457589189254
64,202,1,23.15392848944593,111.71444911816472
64,202,2,23.153952706790346,111.71430105426867
64,202,3,23.153996587558307,111.71418347879792
64,202,4,23.153996634899844,111.7140528603004
64,202,5,23.154114820804452,111.71396786770734
64,202,6,23.154081227074126,111.71387266609185
64,202,7,23.154002368297085,111.7137525166842
64,202,8,23.153940190817043,111.7138313244298
64,202,9,23.153831036027647,111.71383468009434
64,202,10,23.153861877569646,111.71398097270328
64,202,11,23.153905479494387,111.71407482488742
64,202,12,23.15415177485587,111.71403783595282
64,202,13,23.154204580638847,111.71417047725356
64,202,14,23.15428089468658,111.7142386950202
64,202,15,23.154372265107288,111.71412936860224
64,202,16,23.15433729183979,111.714018138425
64,202,17,23.154195749859493,111.7137614200866
64,202,18,23.154506066060566,111.71341328991991
64,202,19,23.15451934704996,111.71325784298732
64,202,20,23.15462256645724,111.71325810645924
64,202,21,23.154845059674663,111.71318508159676
64,202,22,23.15496969225115,111.71315037509189
64,202,23,23.15497657004972,111.71330139939028
64,202,24,23.15492089486175,111.71340029180136
64,202,25,23.15492596167048,111.71350307801764
64,202,26,23.15483460792072,111.7135593906962
64,202,27,23.154672752904847,111.71353491291606
64,202,28,23.155055816385,111.71350919856178
64,202,29,23.155161825216585,111.7132201808463
64,202,30,23.154887498308117,111.71297016571069
64,202,31,23.15484019812404,111.71282110947531
64,202,32,23.154599528580544,111.7126895895472
64,202,33,23.15457026253685,111.71289091282377
64,202,34,23.154226116754973,111.71279492111056
64,202,35,23.155380949057488,111.71266558127142
64,202,36,23.155570581868368,111.711016801466
64,202,37,23.151594228997027,111.71146356533173
64,202,38,23.14997966198389,111.71576884771191
64,79,0,23.13549485315881,111.80123814938624
64,79,1,23.13537916675795,111.80129826924438
64,79,2,23.135337168466407,111.80142501194692
64,79,3,23.126488668250214,111.96935846100784
65,1056,0,23.075978491985985,113.47055814918784
65,1056,1,23.07588952660868,113.47042470392248
65,1056,2,23.075879030661923,113.4701883619436
65,1056,3,23.07581451514384,113.47005627650957
65,1056,4,23.07587856249549,113.46996257159536
65,1056,5,23.07580248015328,113.46987258119266
65,1056,6,23.075997733988807,113.46995161624676
65,1056,7,23.0760556023592,113.47010925693104
65,1056,8,23.07616483980774,113.47024968887276
65,1056,9,23.076646659156392,113.47042345571198
65,1056,10,23.07611696583628,113.4697183210073
65,1056,11,23.07605290298224,113.46934602897514
65,1056,12,23.07594061249072,113.46923332489254
65,1056,13,23.076130135376665,113.46912333661888
65,1056,14,23.075968773739103,113.46859317794572
65,1056,15,23.07561057024132,113.47023894819644
65,1196,0,23.073765795568967,113.47302733693768
65,1196,1,23.073764884450977,113.47428916991656
65,1196,2,23.07344470476262,113.47472496480884
65,1196,3,23.073362368835973,113.47478492129042
65,1196,4,23.073105042286212,113.4746798224446
65,1196,5,23.07301131564818,113.47455528677332
65,1196,6,23.07321225807492,113.47431052737024
65,1196,7,23.07279109348113,113.4749195271812
65,1196,8,23.072851325771364,113.47515193014816
65,1196,9,23.07289508673056,113.47525164694108
65,1196,10,23.072812072399284,113.47541401297772
65,1196,11,23.07271021526302,113.47536030890494
65,1196,12,23.07259129423924,113.47533298398233
65,1196,13,23.07268090576946,113.47522823962106
65,1196,14,23.07257823964803,113.4751770762631
65,1196,15,23.072259213082525,113.4751800089225
65,1196,16,23.072100668688424,113.47522930747974
65,1196,17,23.07195485925258,113.47529315021605
65,1196,18,23.07185666318349,113.47538480039226
65,1196,19,23.071960936433857,113.4755362884187
65,1196,20,23.072065715774272,113.4755299415989
65,1196,21,23.07217008978181,113.47548238250651
65,1196,22,23.072223369566174,113.47559144862404
65,1196,23,23.072144116733444,113.47567715027078
65,1196,24,23.07204790830923,113.47584762511796
65,1196,25,23.07194405749948,113.47587861603756
65,1196,26,23.07187682804725,113.47595820087466
65,1196,27,23.071730198136716,113.47593301406287
65,1196,28,23.07163182831747,113.4759100660068
65,1196,29,23.07144530066057,113.4759448774356
65,1196,30,23.071692266694043,113.47613400777212
65,1196,31,23.07173836210164,113.47622452666012
65,1196,32,23.07173377781777,113.47642274969516
65,1196,33,23.071583227127142,113.476409508687
65,1196,34,23.07135498176534,113.47646040162188
65,1196,35,23.07124663474993,113.47654033997728
65,1196,36,23.070993033346983,113.476635556171
65,1196,37,23.071790819291767,113.47687089415923
65,1196,38,23.07203495666031,113.47726198063626
65,1196,39,23.071959488656063,113.4763383120484
65,1196,40,23.072200453321617,113.4763188521109
65,1196,41,23.07227722099354,113.47611917938842
65,1196,42,23.07235131767201,113.47597807418568
65,1196,43,23.072458342091057,113.475899033798
65,1196,44,23.072259165200983,113.47585784017916
65,1196,45,23.072421127734515,113.47570989306344
65,1196,46,23.07254837142988,113.47565058890356
65,1196,47,23.072678716693574,113.47563223865724
65,1196,48,23.072793160667818,113.47565590917766
65,1196,49,23.07287605924997,113.4757404055306
65,1196,50,23.07288197512332,113.47586772681258
65,1196,51,23.07300209928544,113.47589099772595
65,1196,52,23.07312500405081,113.47576742773477
65,1196,53,23.073063680334567,113.4756642572063
65,1196,54,23.07328469983252,113.47568927200696
65,1196,55,23.07338655680493,113.47574425681566
65,1196,56,23.073320132315377,113.47585908963346
65,1196,57,23.07309289070708,113.47597172143908
65,1196,58,23.07298421884826,113.47601086235017
65,1196,59,23.07281224411392,113.4758893182554
65,1196,60,23.07280172219144,113.47602391393303
65,1196,61,23.072718249647693,113.47619940044332
65,1196,62,23.07258956134473,113.47624475824774
65,1196,63,23.0724792277982,113.47610950050468
65,1196,64,23.072615513521583,113.47589303476336
65,1196,65,23.072644112761576,113.47576021574228
65,1196,66,23.072784531231186,113.47553610061723
65,1196,67,23.072935351362453,113.47553287422382
65,1196,68,23.07293866244346,113.47565095552528
65,1196,69,23.07298010272765,113.47576297586352
65,1196,70,23.07287398774533,113.47564551333464
65,1196,71,23.073022666045546,113.47544064452563
65,1196,72,23.073113368679437,113.47538088997722
65,1196,73,23.07308016564442,113.47527919342724
65,1196,74,23.072992328768315,113.4751793744712
65,1196,75,23.07309946196517,113.4752020131064
65,1196,76,23.072992147681944,113.475297641191
65,1196,77,23.073206149516245,113.47547398831918
65,1196,78,23.073464218550004,113.47527927998144
65,1196,79,23.073539636526917,113.47518345411848
65,1196,80,23.073823889653376,113.47611227361008
65,1196,81,23.07396220820228,113.476543945517
65,1196,82,23.07431326431236,113.4767549829788
65,1196,83,23.07441937360854,113.476608026009
65,1196,84,23.07461783865961,113.47657473566888
65,1196,85,23.074537737348223,113.47674434832712
65,1196,86,23.074837685751135,113.4759350394924
65,1196,87,23.07333662475308,113.47647544212282
65,1196,88,23.073254760257434,113.47641631173477
65,1196,89,23.07312556158517,113.47640734088144
65,1196,90,23.073132956337,113.47623895806164
65,1196,91,23.073249175561298,113.47623396828033
65,1196,92,23.073133995456068,113.47612885967423
65,1196,93,23.0729994341956,113.47708426078384
65,1196,94,23.071906863593345,113.4760579384546
65,1196,95,23.071847889855384,113.4757687374332
65,1196,96,23.071740952241303,113.47575198412932
65,1196,97,23.07170682362437,113.4755984471741
65,1196,98,23.0716832075802,113.47544380735758
65,1196,99,23.07176655977262,113.4753681647104
65,1196,100,23.0716889766332,113.47524288928388
65,1196,101,23.07157616555044,113.47514626280962
65,1196,102,23.07153427188624,113.4754442159567
65,1196,103,23.071266384615026,113.47559261144391
65,1196,104,23.072293692111327,113.47545414046904
65,1196,105,23.071213236747848,113.47437367189708
65,1196,106,23.07063598125524,113.47470554610268
65,1196,107,23.070277690847604,113.47749613929544
65,1196,108,23.069382662944594,113.47838018198134
66,1141,0,23.09418386903597,112.9591402067686
66,1141,1,23.09559440893454,112.95871952918868
66,1141,2,23.095570619890545,112.95851759742068
66,1141,3,23.09547199327844,112.95841791129622
66,1141,4,23.095529637862946,112.95820479023725
66,1141,5,23.09572048249832,112.95830357598246
66,1141,6,23.09576326599215,112.95812611937367
66,1141,7,23.096050529730498,112.95821025602412
66,1141,8,23.096306933050275,112.95820969598716
66,1141,9,23.09628685188945,112.95851945501936
66,1141,10,23.09607547742658,112.95794674878464
66,1141,11,23.096261824837885,112.9578546776842
66,1141,12,23.096173209111253,112.95772772249506
66,1141,13,23.09621818712205,112.9575119726481
66,1141,14,23.096473392145853,112.9574265598524
66,1141,15,23.096508187449277,112.95729756159318
66,1141,16,23.096654048811526,112.9572535528288
66,1141,17,23.096709963746704,112.95737175331035
66,1141,18,23.096756945778743,112.95754464871436
66,1141,19,23.096734674903708,112.95766350867837
66,1141,20,23.096631132143933,112.95765268260767
66,1141,21,23.09653554795464,112.95758938227227
66,1141,22,23.09645286115305,112.95769942685942
66,1141,23,23.09658738053709,112.95781599712664
66,1141,24,23.096521203690425,112.9579055804721
66,1141,25,23.096658809553155,112.95799198985596
66,1141,26,23.096821732295155,112.95789547163444
66,1141,27,23.09686441026325,112.9578021191227
66,1141,28,23.09691124756354,112.95768000413868
66,1141,29,23.096987293620604,112.95774590968188
66,1141,30,23.09706155183241,112.95766459091894
66,1141,31,23.097071222267903,112.95755028372533
66,1141,32,23.09717774576053,112.95745535992675
66,1141,33,23.097116276895783,112.95737555376974
66,1141,34,23.0970124154097,112.9573903219666
66,1141,35,23.09690386847177,112.95737930810036
66,1141,36,23.09681324729868,112.95732983071018
66,1141,37,23.096918225461238,112.95726872491578
66,1141,38,23.096956478903717,112.95716839218518
66,1141,39,23.097054165553363,112.95719840179558
66,1141,40,23.09701143246861,112.957312299317
66,1141,41,23.09702835374033,112.95705097764105
66,1141,42,23.096962690141904,112.95691878775462
66,1141,43,23.0968100984908,112.95703042274042
66,1141,44,23.096703516229866,112.95702586088724
66,1141,45,23.096595181520573,112.95708847040868
66,1141,46,23.096783119199284,112.95715530762962
66,1141,47,23.096693212037675,112.95686041815938
66,1141,48,23.09689316414729,112.95659584408752
66,1141,49,23.09689047074476,112.9561372288152
66,1141,50,23.097096625393217,112.9558707796018
66,1141,51,23.097340141949378,112.95630302917156
66,1141,52,23.09779576394041,112.95620244038092
66,1141,53,23.09787808068592,112.9568562142267
66,1141,54,23.09804420724844,112.95700985304778
66,1141,55,23.097888077054595,112.95714734848318
66,1141,56,23.09775812216153,112.9571748019105
66,1141,57,23.097646467402704,112.95728826478572
66,1141,58,23.09748492076864,112.95732319214228
66,1141,59,23.097426341041007,112.957426561495
66,1141,60,23.097328112127972,112.95748994920618
66,1141,61,23.097222209434644,112.95760024891436
66,1141,62,23.097460367984358,112.95764507978716
66,1141,63,23.097576194333172,112.95764149665824
66,1141,64,23.09763707376453,112.95773322640784
66,1141,65,23.09778922320641,112.9577333350926
66,1141,66,23.097883653806168,112.95766906735344
66,1141,67,23.098009394144885,112.95761807476266
66,1141,68,23.09789440878523,112.9575297171122
66,1141,69,23.09779876385724,112.95759449565826
66,1141,70,23.09774748062424,112.95780733275276
66,1141,71,23.09759908283448,112.95787160146456
66,1141,72,23.09749124143439,112.95786544455665
66,1141,73,23.09740697199655,112.95795495419392
66,1141,74,23.09749868382009,112.958033418917
66,1141,75,23.097556995317216,112.9579180700208
66,1141,76,23.0975346906846,112.95781022242048
66,1141,77,23.097680014060344,112.95799078755998
66,1141,78,23.09776754297588,112.95793995628736
66,1141,79,23.097833987655317,112.95803983723604
66,1141,80,23.097870309039493,112.95817442279868
66,1141,81,23.09781268524776,112.95832299368422
66,1141,82,23.097733103421863,112.95844422028028
66,1141,83,23.097822203019533,112.95850578171196
66,1141,84,23.097618322205022,112.95831659370111
66,1141,85,23.097581832898754,112.95822309613904
66,1141,86,23.097502263728156,112.958104406928
66,1141,87,23.097706505161185,112.95810891019303
66,1141,88,23.097939493144228,112.95799263741736
66,1141,89,23.097876382848163,112.95787608603597
66,1141,90,23.098201984715534,112.95790833804382
66,1141,91,23.098204105515556,112.95776976649005
66,1141,92,23.098289906274005,112.95769048180766
66,1141,93,23.098404737929883,112.9576047129476
66,1141,94,23.09855085411799,112.95761425429258
66,1141,95,23.09867601799705,112.95744689880186
66,1141,96,23.09859206296077,112.95723318709992
66,1141,97,23.09856030910394,112.95707825244536
66,1141,98,23.09868178350893,112.95703419692224
66,1141,99,23.099072728483232,112.95691889650496
66,1141,100,23.09919578571512,112.95696560109594
66,1141,101,23.099614626532688,112.9565492729426
66,1141,102,23.09976939816579,112.95640714593236
66,1141,103,23.099686215031006,112.95618962994313
66,1141,104,23.099751389075383,112.95672489620064
66,1141,105,23.10023445693087,112.95580145369313
66,1141,106,23.100682448573405,112.95560325440128
66,1141,107,23.09969326497882,112.9556133359329
66,1141,108,23.09820094750385,112.95723632810044
66,1141,109,23.09827354317501,112.95746150964304
66,1141,110,23.098391841856007,112.95745354925565
66,1141,111,23.098025505052256,112.95727272587024
66,1141,112,23.097868557054447,112.95736266526934
66,1141,113,23.09833714818076,112.95786121906788
66,1141,114,23.098211505349106,112.95808242799262
66,1141,115,23.096892952221367,112.95803376536944
66,1141,116,23.09714539730341,112.95704263560418
66,1141,117,23.09537689864649,112.95784840396335
66,76,0,23.09998895729518,112.95183070544064
66,76,1,23.102541223691137,112.951951222851
66,76,2,23.10299656049476,112.95278296243666
67,202,0,23.15377214856387,111.70355961132913
67,202,1,23.15371597612057,111.7036871391172
67,202,2,23.15368598331658,111.7037839293326
67,202,3,23.153643769986964,111.703895678226
67,202,4,23.153489576844272,111.70380963331586
67,202,5,23.15350659462242,111.70412326734844
67,202,6,23.15349352555542,111.70424245993546
67,202,7,23.153671622689096,111.7041331810632
67,202,8,23.15378997532585,111.70404083833506
67,202,9,23.153849277597743,111.7041640315944
67,202,10,23.15407450679872,111.70431014234784
67,202,11,23.154134845946967,111.703949335072
67,202,12,23.15394475316266,111.70365812638026
67,202,13,23.154084683866916,111.70355205801488
67,202,14,23.154487619039152,111.70352130163336
67,202,15,23.154908638434897,111.70337222412192
67,202,16,23.15323786321016,111.70403401408572
67,202,17,23.15314043653561,111.70405972147574
67,202,18,23.152999871756517,111.70427044082332
67,202,19,23.152750925896527,111.70445473531822
67,202,20,23.152703900457382,111.70456435608187
67,202,21,23.15258163649332,111.70464806263288
67,202,22,23.152497562164463,111.70452916489246
67,202,23,23.15263167030739,111.70438288102862
67,202,24,23.1525932548072,111.7042660123343
67,202,25,23.1525010873106,111.70421343617318
67,202,26,23.152327054662223,111.7042332387659
67,202,27,23.152245048838648,111.7042980484051
67,202,28,23.15222847452817,111.7044575766484
67,202,29,23.15214680746979,111.70467904037277
67,202,30,23.152414858802985,111.70479003517192
67,202,31,23.152601868496937,111.70475534177352
67,202,32,23.152816590587413,111.70482030741285
67,202,33,23.15285172216888,111.7046036358338
67,202,34,23.15317942181786,111.70478362324226
67,202,35,23.15319334063895,111.70492827343038
67,202,36,23.153514163690424,111.70466285878013
67,202,37,23.15219999546865,111.70421454393758
67,202,38,23.15207262005082,111.70399229807688
67,202,39,23.15245237009562,111.7059375973477
67,202,40,23.15129473216976,111.70680487389691
67,231,0,23.15557886501462,111.69367544169768
67,231,1,23.15687195450413,111.69392499674858
67,231,2,23.15689236509961,111.69327839988634
67,231,3,23.156465274699126,111.69246071321446
67,231,4,23.15579461972639,111.69206985782014
67,231,5,23.15563524018733,111.69221636219106
67,231,6,23.154240572864943,111.69182413906628
67,231,7,23.1565828257755,111.69041750050808
67,231,8,23.158089063701453,111.68999643863708
67,231,9,23.15822410130587,111.6913170416106
67,231,10,23.15784380875381,111.6923161895212
67,231,11,23.15801759100083,111.69240659025144
67,231,12,23.157833657256123,111.69254099255085
67,231,13,23.158000457674262,111.69272675681182
67,231,14,23.158121675039737,111.69288445206222
67,231,15,23.15803425520948,111.69300792837474
67,231,16,23.157928033979317,111.69302553091892
67,231,17,23.158151125988372,111.69323876958742
67,231,18,23.158199342777724,111.69344644764092
67,231,19,23.15808282021271,111.69359242282242
67,231,20,23.157967416601423,111.693474340704
67,231,21,23.158539761195044,111.69355350834498
67,231,22,23.15865020336266,111.69356591917855
67,231,23,23.15879195533028,111.69364085313306
67,231,24,23.158889095744076,111.69358550769336
67,231,25,23.158980566437933,111.69335087416223
67,231,26,23.15887829314484,111.69314683640984
67,231,27,23.15880012735226,111.69308278486392
67,231,28,23.158686111863084,111.6930364440425
67,231,29,23.158552395803124,111.693049759718
67,231,30,23.15844996745802,111.69315064086553
67,231,31,23.158571407751214,111.69331039012152
67,231,32,23.159050488732845,111.69300363194492
67,231,33,23.159398575396743,111.69319014681396
67,231,34,23.159685182720384,111.69289283913751
67,231,35,23.15963439816325,111.69271412410625
67,231,36,23.15998881331494,111.69292227642748
67,231,37,23.160191790048163,111.69261416068018
67,231,38,23.160537493214,111.6928993741764
67,231,39,23.160869487583984,111.69280482766352
67,231,40,23.160675446852157,111.69326338376608
67,231,41,23.1605289936356,111.6932846264632
67,231,42,23.160615833675266,111.69363588963829
67,231,43,23.16056207186597,111.6937326816288
67,231,44,23.1608518614238,111.69351753226768
67,231,45,23.16108165863542,111.69340573435468
67,231,46,23.159905673664205,111.6934872028782
67,231,47,23.160010604766885,111.69175217405258
67,231,48,23.15989496534881,111.69078014366248
67,231,49,23.158903957535717,111.68873829489198
67,231,50,23.157148686136686,111.68778781135714
67,231,51,23.15742791334009,111.694370445009
69,831,0,23.058678823657957,113.41601022294002
69,831,1,23.059061358338276,113.4162686407512
69,831,2,23.05916297318476,113.416412834571
69,831,3,23.059394607630896,113.41640346714168
69,831,4,23.059425598010804,113.4162019216636
69,831,5,23.059486517419234,113.41608201739804
69,831,6,23.059574133371875,113.41620097001964
69,831,7,23.05969054943224,113.41622575126084
69,831,8,23.05977655471312,113.41613217256923
69,831,9,23.05989370234338,113.41621463207268
69,831,10,23.060011014968925,113.41621462443425
69,831,11,23.06003601860904,113.41632120782624
69,831,12,23.060008427833576,113.41648010743975
69,831,13,23.0600648266934,113.4166086921874
69,831,14,23.060188658732816,113.41662689136
69,831,15,23.06015688560644,113.41650821206136
69,831,16,23.06021883711594,113.4162358989308
69,831,17,23.060169640737524,113.41600713467416
69,831,18,23.06013346227218,113.4158860680819
69,831,19,23.06003821964245,113.4159256511181
69,831,20,23.059984138020308,113.415837448933
69,831,21,23.059826094005537,113.41574071195475
69,831,22,23.059735565671225,113.41581690777905
69,831,23,23.05979883692655,113.41590857339057
69,831,24,23.059783172645947,113.41603490289276
69,831,25,23.059944258160385,113.41605369742896
69,831,26,23.059903340421958,113.41633957043824
69,831,27,23.05981201497694,113.41640370689692
69,831,28,23.059747403571365,113.41629441463552
69,831,29,23.05959880144584,113.41640106444214
69,831,30,23.059475989467494,113.41646711286268
69,831,31,23.059363958594663,113.41653226842092
69,831,32,23.05966853183208,113.41653832468832
69,831,33,23.059798031084448,113.41653845487716
69,831,34,23.059935045600906,113.41662847846492
69,831,35,23.05994061090629,113.41682538032094
69,831,36,23.059783887440098,113.4167160176482
69,831,37,23.05957905534221,113.4168049924388
69,831,38,23.05985970087068,113.4170633968398
69,831,39,23.059975076825072,113.41698676337477
69,831,40,23.06007681720282,113.41707684350808
69,831,41,23.060194127618697,113.4170087160284
69,831,42,23.06030791857862,113.41706128138266
69,831,43,23.060376036144536,113.417238509323
69,831,44,23.06027131462913,113.4172939774955
69,831,45,23.06017429473679,113.41732308555868
69,831,46,23.060213982062788,113.41718163474476
69,831,47,23.060196308395525,113.41688250557812
69,831,48,23.060077152073355,113.41680031806322
69,831,49,23.060244673075303,113.41670950555309
69,831,50,23.06041128919644,113.4168097792435
69,831,51,23.060322127886096,113.4168723585842
69,831,52,23.060510402262263,113.41699676334068
69,831,53,23.06055239931565,113.41687643151646
69,831,54,23.06049813721586,113.41673103587704
69,831,55,23.060562457873697,113.41652592541088
69,831,56,23.060415419138725,113.41640145107684
69,831,57,23.060267744784465,113.41582259669596
69,831,58,23.06021552268651,113.41573323411248
69,831,59,23.060059841743332,113.415679597172
69,831,60,23.060029482104152,113.4155593979911
69,831,61,23.059911805384758,113.41546500582535
69,831,62,23.06016822907307,113.4153069750429
69,831,63,23.060357447186192,113.41547866572492
69,831,64,23.06020313840325,113.4155708289633
69,831,65,23.06033076880721,113.4157280994342
69,831,66,23.05959906954861,113.4159414375109
69,831,67,23.059469217431893,113.41592414074432
69,831,68,23.05948792156433,113.4157978792682
69,831,69,23.05946949348465,113.41562340609586
69,831,70,23.05935449311247,113.4156747438396
69,831,71,23.05934456041873,113.4159642630199
69,831,72,23.059521265208467,113.4153151571
69,831,73,23.06062691615449,113.41709779981409
69,831,74,23.060765679370117,113.4171807681686
69,831,75,23.06068242271323,113.41752692376578
69,831,76,23.06080397024717,113.4176963484095
69,831,77,23.060538324492786,113.41810699296578
69,831,78,23.059929963828864,113.41753421444228
69,831,79,23.05988994557564,113.41742521232324
69,831,80,23.059771940818887,113.417503988537
69,831,81,23.059699407131223,113.41762202530047
69,831,82,23.059592316765546,113.4177694194112
69,668,0,23.06290450843538,113.42266625906812
69,789,0,23.05913510112657,113.4169727261775
69,789,1,23.060920289040187,113.41890675452883
69,789,2,23.06113953677053,113.41880442594496
69,789,3,23.060656788138303,113.41939797551608
70,550,0,23.160796400367037,112.85573023775665
70,550,1,23.160595764137632,112.85586237671691
70,550,2,23.160620330990508,112.8555357537632
70,550,3,23.160607208478567,112.8552553649388
70,550,4,23.16058578039775,112.85507414265425
70,550,5,23.160667558719894,112.85499790981224
70,550,6,23.16072516408223,112.8551272145895
70,550,7,23.160773303883957,112.85488913795288
70,550,8,23.16079315011926,112.85474786402432
70,550,9,23.160797311871946,112.85463064557698
70,550,10,23.160846610758973,112.8545352933328
70,550,11,23.16095924159001,112.85452130166362
70,550,12,23.161076551115283,112.85449992222328
70,550,13,23.16100061361484,112.85459079239652
70,550,14,23.160921099105696,112.85465359881164
70,550,15,23.160995241109244,112.85472741705124
70,550,16,23.1608980763532,112.8548008549836
70,550,17,23.160668489037853,112.8547612666592
70,550,18,23.1605659971455,112.85470721647457
70,550,19,23.16058066817646,112.85459579512514
70,550,20,23.16070769163254,112.85448992576046
70,550,21,23.160796226352318,112.85442977347616
70,550,22,23.16090565681919,112.85444068105971
70,550,23,23.160901363307545,112.85433561771949
70,550,24,23.16093230945732,112.85420532721814
70,550,25,23.160959579661792,112.8543163048102
70,550,26,23.16106245854137,112.85437542149816
70,550,27,23.161213350576837,112.85441482598075
70,550,28,23.1612110691081,112.85458390503136
70,550,29,23.161238566552623,112.85468128946935
70,550,30,23.161132677000147,112.85471965068264
70,550,31,23.16109470480271,112.8545726486068
70,550,32,23.161048879839743,112.85426754859677
70,550,33,23.16110609719679,112.85418019359778
70,550,34,23.161038021199108,112.85398136480184
70,550,35,23.16098485182996,112.85389186230684
70,550,36,23.16093262775688,112.8537842056712
70,550,37,23.160717078746227,112.85378628699172
70,550,38,23.160639705254084,112.85386108682266
70,550,39,23.160537344906643,112.85394046183492
70,550,40,23.160588320921576,112.85410083629915
70,550,41,23.160573763764603,112.85430102117668
70,550,42,23.160563307044946,112.8544255486332
70,550,43,23.16070660638271,112.85436558769962
70,550,44,23.160792827775104,112.85423695342864
70,550,45,23.160538505204013,112.85368924596996
70,550,46,23.16056001352343,112.85342280792167
70,550,47,23.160455236897647,112.8548639335991
70,734,0,23.161249779052312,112.85778382415552
70,734,1,23.1630844396853,112.85680262313356
71,106,0,23.197030010050984,113.1970885525976
71,106,1,23.20088283586341,113.20000112018892
71,106,2,23.201201346324275,113.19955402804702
71,106,3,23.201557221952733,113.20043258993611
71,106,4,23.20189536424374,113.20042490216524
71,106,5,23.202016045715105,113.20015694901494
71,106,6,23.20229461853232,113.2001315248652
71,106,7,23.20264190495854,113.19985431366416
71,106,8,23.202489384383547,113.19970787856964
71,106,9,23.20287135358463,113.1996387484394
71,106,10,23.20289068796458,113.19978978637678
71,106,11,23.20303066880193,113.19979537510794
71,106,12,23.203196708241133,113.19963314955667
71,106,13,23.20331495393647,113.19968075904934
71,106,14,23.203441650075916,113.19959447157058
71,106,15,23.20355156567135,113.19957813497712
71,106,16,23.20370680145946,113.19960056305015
71,106,17,23.203579034008072,113.19964519517436
71,106,18,23.203514784791565,113.19978108699982
71,106,19,23.203433446904977,113.19985827998872
71,106,20,23.20331971704379,113.19980451716089
71,106,21,23.20322480757508,113.2000463853324
71,106,22,23.20293511833495,113.19996802467652
71,106,23,23.202866461772683,113.20018330028496
71,106,24,23.20290880461305,113.19938287718568
71,106,25,23.20317200055029,113.19918793863022
71,106,26,23.203491676076467,113.19944612859923
71,106,27,23.203825061993587,113.1994737922658
71,106,28,23.20383564421116,113.19936855890433
71,106,29,23.20399558884209,113.199313546751
71,106,30,23.20384268192967,113.1991748861963
71,106,31,23.202944981520396,113.1981527029393
71,106,32,23.201240745245112,113.20059061611484
71,106,33,23.20083907179271,113.20063167754752
71,85,0,23.1380505731366,113.21958639552344
71,85,1,23.140084431930664,113.21690850734234
71,85,2,23.142367490553557,113.21637340107664
71,85,3,23.1430553382684,113.21549173050136
71,85,4,23.14421846231337,113.21728107966229
71,85,5,23.14445472987068,113.2176624761888
71,85,6,23.14486356692113,113.21756901883158
71,85,7,23.145060039952845,113.21764018320104
71,85,8,23.14515664211885,113.21768032607837
71,85,9,23.145353017059517,113.21767765144207
71,85,10,23.14552382127537,113.21775202414898
71,85,11,23.14562157460793,113.21761001426788
71,85,12,23.14555996914932,113.217524062316
71,85,13,23.14560425769128,113.21740953031905
71,85,14,23.145732107528115,113.21735600056284
71,85,15,23.145623112466964,113.217168569593
71,85,16,23.145521399498424,113.21713795051092
71,85,17,23.145622051081286,113.21705536240655
71,85,18,23.14573320376432,113.21706417814032
71,85,19,23.145746002779948,113.2169391586588
71,85,20,23.145867449392554,113.21696361806542
71,85,21,23.1459701398042,113.21702626404068
71,85,22,23.145863394614786,113.2170866992888
71,85,23,23.14575881063364,113.2167502051644
71,85,24,23.145289518298675,113.21675868261153
71,85,25,23.145376874235257,113.21708017695715
71,85,26,23.14550265501262,113.21728340834144
71,85,27,23.145361209016887,113.21747647976288
71,85,28,23.14673335278212,113.217877619319
71,85,29,23.146904743545424,113.21635276891644
71,85,30,23.14822372776428,113.2169523743119
71,85,31,23.14853026814925,113.2141287679355
71,85,32,23.14910307842151,113.21376651856136
71,85,33,23.151937365022288,113.21379327447848
71,85,34,23.151560790776728,113.21606293388528
71,85,35,23.15422369381978,113.21897382966785
71,85,36,23.1451791672734,113.219207286684
71,85,37,23.143659079550083,113.21846163617693
71,85,38,23.1417209383834,113.22002341144167
71,85,39,23.14047519933884,113.22238743510184
71,85,40,23.14128429353321,113.22344231656407
71,85,41,23.14856088000331,113.21066744390563
71,1067,0,23.127219334975536,113.20056634887244
71,1067,1,23.12518861137353,113.19839130951004
71,1067,2,23.125101623409773,113.19847508711946
72,74,0,23.1695151134313,112.65053516798628
72,74,1,23.169512466841425,112.649909974178
72,74,2,23.16985764312046,112.64966695087476
72,74,3,23.170166374969632,112.6495793035305
72,74,4,23.17026048953361,112.64934283416189
72,74,5,23.17037754779005,112.649227600855
72,74,6,23.170343902170707,112.64907938457006
72,74,7,23.170321076751044,112.64895606313084
72,74,8,23.17023248215205,112.64887114393454
72,74,9,23.170144077485052,112.64880028615556
72,74,10,23.170272629147583,112.64869940254027
72,74,11,23.17044815961173,112.64861485181802
72,74,12,23.170681130823795,112.64861418543016
72,74,13,23.17070450226919,112.64887655358942
72,74,14,23.170719899530603,112.64900848498068
72,74,15,23.17067800617244,112.6491240947676
72,74,16,23.17052571181816,112.64911980142274
72,74,17,23.17018207374524,112.64901261705955
72,74,18,23.170147917487988,112.6489129197715
72,74,19,23.170006591996067,112.64908162731228
72,74,20,23.169841661939664,112.64903666571134
72,74,21,23.169778143274527,112.6489378585512
72,74,22,23.16967766319492,112.64883901669111
72,74,23,23.16985011968021,112.64884652215304
72,74,24,23.169961587492995,112.64874744584954
72,74,25,23.169929154432797,112.64864223921698
72,74,26,23.169860516622737,112.64852224153672
72,74,27,23.16984118247933,112.64838258602538
72,74,28,23.1700361325898,112.6483901782756
72,74,29,23.169362427570903,112.648197136065
72,74,30,23.16909283993436,112.64840289542867
72,74,31,23.169021913774067,112.64888842406523
72,74,32,23.16929343153024,112.64907885713842
72,74,33,23.169445319164836,112.64905552320865
72,74,34,23.16953638908723,112.64933889434154
72,74,35,23.169705887295912,112.64930901168896
72,74,36,23.169774731387797,112.6492071313271
72,74,37,23.16995481298093,112.64926499594972
72,74,38,23.170730829553847,112.64942732554522
72,74,39,23.17096432189106,112.64902991339314
72,74,40,23.171011783523326,112.64884776893156
72,74,41,23.17118940508712,112.64863365897595
72,74,42,23.171264617323818,112.64871860469344
72,74,43,23.171284829463765,112.64890536562125
72,74,44,23.17126010137917,112.64842649116058
72,74,45,23.171152568395414,112.64843830835052
72,74,46,23.17104917935244,112.6483264674726
72,74,47,23.170996617814563,112.64846276024096
72,74,48,23.171163268160896,112.6480592023564
72,74,49,23.17108342443224,112.64797283744068
72,74,50,23.17135761475281,112.64800124501036
72,74,51,23.171335990082746,112.64813353540676
72,74,52,23.17146163429405,112.64828828232424
72,74,53,23.17157589730553,112.64820199217311
72,74,54,23.17156685044455,112.64803024536712
72,74,55,23.171805113835955,112.64796038469215
72,74,56,23.171939892259797,112.647883248955
72,74,57,23.172050279233392,112.64788858655685
72,74,58,23.172170866446496,112.64788423108988
72,74,59,23.172387636149715,112.64791053941892
72,74,60,23.172389114192736,112.648014018746
72,74,61,23.172455641747632,112.64790497399798
72,74,62,23.17255109885589,112.64771801434684
72,74,63,23.172744566276663,112.64757623032862
72,74,64,23.172887829911254,112.64777767444606
72,74,65,23.173011622049845,112.64782437878203
72,74,66,23.172886181451226,112.64788470332152
72,74,67,23.17274655477889,112.64799080500912
72,74,68,23.172488751182087,112.6481238563704
72,74,69,23.172510834844378,112.6483798321046
72,74,70,23.17216365778876,112.64815722685285
72,74,71,23.17193811678443,112.64825676492026
72,74,72,23.171730824920683,112.6482867487042
72,74,73,23.171855380332342,112.64777386684963
72,74,74,23.171855787428782,112.64761341198826
72,74,75,23.171719679789263,112.64740474463906
72,74,76,23.171410526310325,112.64782254612597
72,74,77,23.17069290967471,112.64765606069513
72,74,78,23.172219179076915,112.64764035621047
72,74,79,23.172504600238145,112.64734962348678
72,74,80,23.17318754200757,112.64742261416636
72,74,81,23.1732457551395,112.6473214511026
72,74,82,23.17347066067968,112.6473758786768
72,74,83,23.17371822425663,112.6473936639276
72,74,84,23.17372820631343,112.64775957293192
72,74,85,23.173496304634455,112.64790291425751
72,74,86,23.17337468754154,112.64793379215286
72,74,87,23.173210762457263,112.64791738363172
72,74,88,23.17329083447453,112.6477240339624
72,74,89,23.173260529282267,112.64760240420424
72,74,90,23.17311742253449,112.64768593011682
72,74,91,23.17379282451469,112.64802580371564
72,74,92,23.17401795913301,112.64777445323335
72,74,93,23.174179839032163,112.64771787423176
72,74,94,23.17434642173113,112.64760768465472
72,74,95,23.174666265045097,112.64743948906664
72,74,96,23.17661610285583,112.64737768646158
72,74,97,23.177659835262943,112.64695417317124
72,74,98,23.17780297236595,112.64706605044898
72,74,99,23.177938521663467,112.64698658665444
72,74,100,23.178036367522964,112.64691456717958
72,74,101,23.17809094784989,112.64908938507124
72,74,102,23.17015196478349,112.6500510981933
72,74,103,23.17008143055367,112.65017185236331
72,74,104,23.168429222426266,112.6438885907354
72,74,105,23.169134944200945,112.64252798396234
73,166,0,23.103233799500213,112.3969191895794
73,166,1,23.10327179066699,112.39681096906048
73,166,2,23.10335320533401,112.39711729372416
73,166,3,23.10567566140549,112.397647192672
73,166,4,23.105864573275287,112.39746553223272
73,166,5,23.105337827868045,112.39437807399716
73,166,6,23.106689711651185,112.3942250647232
73,166,7,23.106366027429058,112.39268234130388
73,166,8,23.102637081198637,112.38960038761164
74,77,0,23.16960999167324,112.6401229853872
74,77,1,23.170021211226462,112.63872501339074
74,77,2,23.169545055098112,112.63776677416348
74,77,3,23.16924451423837,112.63719953526216
74,77,4,23.169496697984663,112.6367027509216
74,77,5,23.16949996920593,112.63658115913452
74,77,6,23.169012272778957,112.63634889815756
74,77,7,23.16911524101741,112.63613724891528
74,77,8,23.16891595392043,112.63591892623194
74,77,9,23.168661764928544,112.63597122947218
74,77,10,23.16858331792904,112.6358653215343
74,77,11,23.168457866633798,112.6357031158934
74,77,12,23.16843451268288,112.63558523147267
74,77,13,23.168358929779554,112.63544423937012
74,77,14,23.16840190473543,112.63530791803716
74,77,15,23.16855119461506,112.63507922093233
74,77,16,23.16839408381616,112.63502911970616
74,77,17,23.168410572475107,112.63492764916772
74,77,18,23.168211300289958,112.63486270775532
74,77,19,23.167875859002045,112.63506299376826
74,77,20,23.167737386192304,112.6352277954374
74,77,21,23.167541386363435,112.63517640260513
74,77,22,23.167942974837057,112.63528892490724
74,77,23,23.167960762851934,112.63541948527968
74,77,24,23.168101975058327,112.63547146050036
74,77,25,23.16798678038497,112.6356109205793
74,77,26,23.16809298184478,112.63566235864852
74,77,27,23.168182622187874,112.63574376042968
74,77,28,23.16805006519389,112.63579970775596
74,77,29,23.16791330545924,112.6358329061162
74,77,30,23.16773770345772,112.63573058051784
74,77,31,23.16757053014735,112.63581462050765
74,77,32,23.167288850120634,112.6357999227383
74,77,33,23.1672535844403,112.635904170142
74,77,34,23.167187348514897,112.63550554986072
74,77,35,23.16678454020616,112.63560829493926
74,77,36,23.16648817576782,112.63609826628968
74,77,37,23.167853897185157,112.63560631978046
74,77,38,23.16876802959547,112.6354454794632
74,77,39,23.168904734001973,112.63529029213622
74,77,40,23.169006493629198,112.635484413331
74,77,41,23.16896013324028,112.63561539188262
74,77,42,23.169212811907336,112.6356795556564
74,77,43,23.16929615185931,112.6355571410916
74,77,44,23.169182630515355,112.63537535983542
74,77,45,23.169531792307936,112.63523294495452
74,77,46,23.16952512168556,112.63509604732634
74,77,47,23.169800966525774,112.63528447844897
74,77,48,23.169804966582426,112.63548817518424
74,77,49,23.16972210956934,112.6355614421884
74,77,50,23.169875402588215,112.63557216688632
74,77,51,23.169935203084883,112.6356910323646
74,77,52,23.169877095775515,112.63589010068507
74,77,53,23.169986822760325,112.63595561430884
74,77,54,23.17003896461561,112.63609394639955
74,77,55,23.17014665509172,112.63601238276335
74,77,56,23.1702781944527,112.63600366713638
74,77,57,23.17043089703591,112.63586511187968
74,77,58,23.17047130440625,112.63574409100865
74,77,59,23.170224216968588,112.63573975746186
74,77,60,23.170117605571534,112.63572746676068
74,77,61,23.1700617719296,112.6355272147238
74,77,62,23.17008096173473,112.63536998880907
74,77,63,23.17017081126629,112.63531963487092
74,77,64,23.17021570495797,112.63544496635706
74,77,65,23.17039340995636,112.63542161507225
74,77,66,23.17033306646801,112.63514821187962
74,77,67,23.170306991669456,112.63501514344507
74,77,68,23.170201379542608,112.6350081438289
74,77,69,23.170172626278568,112.63513043346984
74,77,70,23.17004601780748,112.6352173394836
74,77,71,23.17009333582356,112.63465814963423
74,77,72,23.17000135077856,112.6345874036253
74,77,73,23.16971069697792,112.6345275586576
74,77,74,23.169186013115745,112.63477344888018
74,77,75,23.16873481651321,112.63503929312904
74,77,76,23.168622559290743,112.63471984152568
74,77,77,23.169551150503448,112.63557611169432
74,77,78,23.169540675070017,112.63573422205089
74,77,79,23.169403140344087,112.63585046493604
74,77,80,23.169553864861616,112.63594897561046
74,77,81,23.169572221155278,112.63581552330466
74,77,82,23.1697110942628,112.63587420828098
74,77,83,23.169703227022826,112.63599781062972
74,77,84,23.169478074593524,112.63610324807668
74,77,85,23.16878019713881,112.63678833092727
74,77,86,23.17061917118065,112.63503064762726
74,77,87,23.170716129468055,112.6351141168907
74,77,88,23.17063361361809,112.63486956026831
74,77,89,23.17083968768872,112.63484981662477
74,77,90,23.170837724980903,112.63474861100237
74,77,91,23.170629678337047,112.63450576289752
74,77,92,23.17065512349688,112.6339211058649
74,77,93,23.171336997498493,112.63484102140906
74,77,94,23.171370667406944,112.63504749715692
74,77,95,23.17115808960237,112.63495320892092
74,77,96,23.172069661565057,112.6346208092618
74,77,97,23.172003590731546,112.63441636057236
74,77,98,23.16857131776532,112.63224191092152
74,77,99,23.169978087164413,112.6306684738983
74,77,100,23.16706707537598,112.63012254713642
76,1141,0,23.103258563331483,112.9536782434262
76,1141,1,23.10307888687827,112.95376986870966
76,1141,2,23.10361762646066,112.9536721827496
76,1141,3,23.103660487719484,112.95396766852328
76,1141,4,23.102823119556472,112.95439740034236
76,1141,5,23.10268131192645,112.95439290441682
76,1141,6,23.102604702852844,112.95449553395775
76,1141,7,23.10264070194505,112.95460766939004
76,1141,8,23.10254769607872,112.95465868330808
76,1141,9,23.10251048201621,112.95477628543082
76,1141,10,23.10243893841088,112.95484929384024
76,1141,11,23.1024282556309,112.95499134045131
76,1141,12,23.102305080236004,112.95515263515924
76,1141,13,23.10232479904463,112.95527668158802
76,1141,14,23.10216814518909,112.95530840946978
76,1141,15,23.10207585259051,112.95515793771982
76,1141,16,23.10200811246419,112.95507734041306
76,1141,17,23.10210282967795,112.95502173661376
76,1141,18,23.10200874943065,112.95492168787572
76,1141,19,23.10192152392226,112.95483323705716
76,1141,20,23.101865847516937,112.95492440023897
76,1141,21,23.102062869299647,112.95485892827077
76,1141,22,23.102149577644656,112.95480344810971
76,1141,23,23.102252972465784,112.95477239506634
76,1141,24,23.102340566761693,112.95465236672602
76,1141,25,23.10246684858879,112.95458790515968
76,1141,26,23.10237060617317,112.95450685345128
76,1141,27,23.102208750271867,112.95463551046916
76,1141,28,23.10210678942807,112.95478036416657
76,1141,29,23.10192916348561,112.95464669866436
76,1141,30,23.10183343230608,112.95474143701412
76,1141,31,23.101712694109427,112.95464925526576
76,1141,32,23.101834011266952,112.95455676678353
76,1141,33,23.101653162964052,112.95433392292692
76,1141,34,23.101482294985168,112.95431854269606
76,1141,35,23.10137144499207,112.954415713891
76,1141,36,23.101307808342508,112.95431866105798
76,1141,37,23.101172392027323,112.9543641213706
76,1141,38,23.10119447215092,112.9541791967482
76,1141,39,23.101066358968023,112.9540873957488
76,1141,40,23.10100614519138,112.95395367065603
76,1141,41,23.101109236162177,112.95386711238356
76,1141,42,23.10094739040606,112.95374098021009
76,1141,43,23.10084655294765,112.95386366019224
76,1141,44,23.100810648408228,112.954335733758
76,1141,45,23.100951178180143,112.9543672147988
76,1141,46,23.10109363660707,112.95449824877542
76,1141,47,23.101107967905545,112.95466281340104
76,1141,48,23.10101899872072,112.95475948847556
76,1141,49,23.100848155545105,112.95472121992208
76,1141,50,23.100716114308067,112.95471044138306
76,1141,51,23.10062987871764,112.95453479435008
76,1141,52,23.10074573048616,112.9545879501716
76,1141,53,23.10079024035224,112.95482396300795
76,1141,54,23.100900318556747,112.95486459583168
76,1141,55,23.101023357266623,112.9550192800628
76,1141,56,23.10110799579911,112.95494328753465
76,1141,57,23.10116258954851,112.95485262713702
76,1141,58,23.1012919854702,112.95499132141975
76,1141,59,23.101205363599195,112.95505264394396
76,1141,60,23.101077521866824,112.9551209059655
76,1141,61,23.10140659899495,112.95489381651863
76,1141,62,23.101330645042943,112.95474442547533
76,1141,63,23.10131798257492,112.95464308429176
76,1141,64,23.10123659226595,112.9545478814451
76,1141,65,23.10142586670538,112.95452171686128
76,1141,66,23.101470307808555,112.95461652360488
76,1141,67,23.101637594505608,112.95492716969758
76,1141,68,23.101933841264348,112.95506461034536
76,1141,69,23.10197153867093,112.95520243131676
76,1141,70,23.1020335338962,112.95528411479636
76,1141,71,23.102156390111663,112.95542141472272
76,1141,72,23.10241337852857,112.95551388633528
76,1141,73,23.10218025142823,112.95511772816066
76,1141,74,23.102194245857756,112.95497630609891
76,1141,75,23.102415014126084,112.9547719733814
76,1141,76,23.10259532767589,112.95488051229918
76,1141,77,23.10276447467348,112.95474389948694
76,1141,78,23.10283049431414,112.95455840428458
76,1141,79,23.102523946482663,112.95425431315591
76,1141,80,23.102177085413985,112.95423043349832
76,1141,81,23.1021877968067,112.95443368199076
76,1141,82,23.101489231135115,112.95407215618616
76,1141,83,23.10078817751225,112.95336799185888
76,1141,84,23.10043612285572,112.95465865699036
76,1141,85,23.100538606533547,112.95485044281068
76,1141,86,23.100437111535573,112.954883125784
76,1141,87,23.100653203937632,112.9550360310692
76,1141,88,23.10062660009259,112.95515790050632
76,1141,89,23.10053902028594,112.9552325593082
76,1141,90,23.10076602386281,112.9556134583892
76,1141,91,23.100018582140557,112.95561683764907
76,1141,92,23.10001885066138,112.95542307897522
76,1141,93,23.0997997135086,112.95527538681652
76,1141,94,23.0999503304255,112.9551759436258
76,1141,95,23.09964023826306,112.95571205484998
76,1141,96,23.09951294706397,112.95582653168223
76,1141,97,23.09903473128463,112.95519098938811
76,1141,98,23.10275140416957,112.9551295579868
76,115,0,23.10353786466065,112.95192229596626
76,115,1,23.103864780354293,112.95149267473184
76,115,2,23.10476971947636,112.9511208860675
76,115,3,23.105494597563165,112.95097525466944
76,115,4,23.105942141885368,112.95096928141038
76,115,5,23.10592682904841,112.95111271008042
76,115,6,23.10608359804508,112.95121424889692
76,115,7,23.10666142688625,112.950814895087
76,115,8,23.106750155391765,112.95075334331491
76,115,9,23.10686912913561,112.95081425391432
76,115,10,23.106876170006608,112.95095372866216
76,115,11,23.106993187906003,112.950681456653
76,115,12,23.10694755103956,112.95057627106708
76,115,13,23.106968386660377,112.95045937340451
76,115,14,23.106845353744543,112.9504332193472
76,115,15,23.106740618298527,112.9504143278928
76,115,16,23.106553242081077,112.95046897571676
76,115,17,23.106661722005143,112.95027169264723
76,115,18,23.10664282923376,112.95010210267364
76,115,19,23.10679438068589,112.95015151421435
76,115,20,23.1068904842841,112.95022158028792
76,115,21,23.106996840221196,112.95022976537572
76,115,22,23.10710392052005,112.9501498560612
76,115,23,23.107208669547813,112.95008451078286
76,115,24,23.107337972594905,112.95003446665756
76,115,25,23.10722481275285,112.94992267670663
76,115,26,23.107306667093663,112.94982633984498
76,115,27,23.107394340926625,112.94996585866932
76,115,28,23.10754503905105,112.94997875205482
76,115,29,23.107527972985142,112.94987420349212
76,115,30,23.107437948089075,112.94980478546697
76,115,31,23.10737483573327,112.94966309066582
76,115,32,23.10732399606152,112.94955812742025
76,115,33,23.107199858098166,112.94958904137836
76,115,34,23.10725050664285,112.94977775655454
76,115,35,23.107127381454752,112.94978520637255
76,115,36,23.10718689748219,112.94987137222884
76,115,37,23.10708560943056,112.95001266073402
76,115,38,23.106980467339515,112.95003051526211
76,115,39,23.10726941307844,112.95024155617298
76,115,40,23.10720764593315,112.95034922116837
76,115,41,23.107152528599784,112.9504665313412
76,115,42,23.10713635443762,112.9505704947436
76,115,43,23.10732784333854,112.95043348558234
76,115,44,23.10739458470135,112.95035109243496
76,115,45,23.10737474162565,112.95022790514474
76,115,46,23.107390324195748,112.95011924683077
76,115,47,23.107497639673763,112.95023870080996
76,115,48,23.10765829904563,112.95017686324005
76,115,49,23.1077925355614,112.95015652835004
76,115,50,23.10792237628408,112.9501603108719
76,115,51,23.108007626323207,112.95025287870516
76,115,52,23.108119060694527,112.950290101616
76,115,53,23.108143137965502,112.95017261399182
76,115,54,23.10801773314888,112.95014470994704
76,115,55,23.108168630057865,112.95007369059304
76,115,56,23.108231966039785,112.94997942582135
76,115,57,23.10831050176438,112.94984077880812
76,115,58,23.10850956548308,112.94996427310905
76,115,59,23.108472103001976,112.95007292738994
76,115,60,23.108531093063785,112.95016642899137
76,115,61,23.108473494773797,112.95024957997548
76,115,62,23.10837563853024,112.95030014949876
76,115,63,23.108289007018,112.9502054840628
76,115,64,23.108198486867312,112.95037996451424
76,115,65,23.10809006089748,112.95038076129003
76,115,66,23.10802908561736,112.9504609892784
76,115,67,23.108066708997196,112.95056718603932
76,115,68,23.108194671014395,112.95055735850087
76,115,69,23.108235162115587,112.95044322677448
76,115,70,23.10830830212219,112.95037414902583
76,115,71,23.108432886383515,112.95045601869414
76,115,72,23.108281480975588,112.95051913632732
76,115,73,23.108118964689908,112.9506624671479
76,115,74,23.10801286771234,112.95053136033906
76,115,75,23.107935354247825,112.95030611366116
76,115,76,23.1078942603709,112.94996614848088
76,115,77,23.107811289981605,112.94972015167598
76,115,78,23.108062777225783,112.94935355113084
76,115,79,23.1076529799905,112.94926537927812
76,115,80,23.107532864543145,112.94880270878912
76,115,81,23.10698031192296,112.94894954728017
76,115,82,23.106924132111025,112.9492128498763
76,115,83,23.10669008983026,112.94936862259556
76,115,84,23.106767571153277,112.95060112767518
76,115,85,23.107309129528744,112.9509195359912
76,115,86,23.107513048679127,112.95066340106165
76,115,87,23.10744516666846,112.95051841211456
76,115,88,23.108543511015608,112.95048676004411
76,115,89,23.108563174448697,112.95032448295204
76,115,90,23.10857914916234,112.95021813530175
76,115,91,23.108612220969988,112.9501104456184
76,115,92,23.10872161563457,112.94999061526748
76,115,93,23.108784007595283,112.94988387321128
76,115,94,23.108745665684456,112.9497002059106
76,115,95,23.108899459844416,112.9496425768142
76,115,96,23.10873257270878,112.94944929251578
76,115,97,23.10912142699499,112.94924341862578
76,115,98,23.10926342725275,112.94939280594848
76,115,99,23.109634872286552,112.94909521982032
76,115,100,23.109879929431948,112.94962568524863
76,115,101,23.109045339578525,112.94986920609092
76,115,102,23.10885448916064,112.95020183097353
76,115,103,23.108954434642715,112.95027908744564
76,115,104,23.108725309228205,112.9501583931991
76,115,105,23.10857366018281,112.9500197487416
76,115,106,23.109316214588723,112.94819652391864
76,115,107,23.110575276364223,112.947863814549
76,115,108,23.109504975727603,112.94363677346236
77,1237,0,23.168063525654013,112.62791174659051
77,1237,1,23.16958538347373,112.62441306090255
77,1237,2,23.16884541886266,112.62368881934624
77,1237,3,23.168049407790285,112.62352417537753
77,1237,4,23.16830362289538,112.62275125569734
77,1237,5,23.168602552752983,112.62238588742466
77,1237,6,23.16833532465855,112.62220922425745
77,1237,7,23.168133032538854,112.62214553820772
77,1237,8,23.168377127322344,112.6219435347114
77,1237,9,23.16855662789253,112.62187105848332
77,1237,10,23.16851898432888,112.62172147971138
77,1237,11,23.168353457989127,112.62167926634764
77,1237,12,23.168305926681583,112.62155576091212
77,1237,13,23.16819509110286,112.62159401290016
77,1237,14,23.16811680522052,112.6214372205022
77,1237,15,23.168304368796925,112.62142431973714
77,1237,16,23.168426324969968,112.62128607869828
77,1237,17,23.168707351677384,112.62135580422128
77,1237,18,23.16884877756552,112.62176505611806
77,1237,19,23.168938912364908,112.6218413966272
77,1237,20,23.16897285620873,112.62194230545842
77,1237,21,23.16907778046702,112.6218279429196
77,1237,22,23.168996928485637,112.6217507926434
77,1237,23,23.169151748241585,112.62202731861534
77,1237,24,23.169255787598747,112.62203612373328
77,1237,25,23.16934709867172,112.62193636212947
77,1237,26,23.169328547804195,112.62181800337513
77,1237,27,23.169445537701492,112.6218362514557
77,1237,28,23.16962792929661,112.62204039321622
77,1237,29,23.169762935335157,112.62194919454453
77,1237,30,23.169802449895627,112.62226461799546
77,1237,31,23.16990309967856,112.62231013228246
77,1237,32,23.16988236586912,112.62248651107662
77,1237,33,23.16962854752775,112.62241563297864
77,1237,34,23.16949841578204,112.62217194432311
77,1237,35,23.169381140268975,112.62220952843904
77,1237,36,23.1692870101429,112.6222797908343
77,1237,37,23.169368909942985,112.62234819556248
77,1237,38,23.16928158094422,112.62248092921185
77,1237,39,23.16943041986932,112.6225497217834
77,1237,40,23.169514251966856,112.6226189729234
77,1237,41,23.169208432742348,112.62273803432235
77,1237,42,23.169159564315414,112.62259981948888
77,1237,43,23.168925015381458,112.6227364349828
77,1237,44,23.1689267975735,112.62228190968156
77,1237,45,23.1691777213146,112.6221880798606
77,1237,46,23.16886839135294,112.62209051120844
77,1237,47,23.168665066113068,112.62184262367111
77,1237,48,23.16814049992443,112.62121565921376
77,1237,49,23.16798510352061,112.62120318486976
77,1237,50,23.167894335436824,112.62125333895034
77,1237,51,23.167879201664043,112.6211177179284
77,1237,52,23.167847094129566,112.62101511872106
77,1237,53,23.16769298572032,112.62076704727312
77,1237,54,23.167455655292564,112.62095027619756
77,1237,55,23.167292703650265,112.62107693997068
77,1237,56,23.167238402129428,112.62116548166414
77,1237,57,23.167434213050004,112.6212548285285
77,1237,58,23.16751563029476,112.6214242561011
77,1237,59,23.167605829454768,112.62150092431932
77,1237,60,23.16766894295404,112.62136779009764
77,1237,61,23.167788752954618,112.62143385391524
77,1237,62,23.16781215471462,112.62189323615593
77,1237,63,23.16734022248032,112.62159536409006
77,1237,64,23.16723495401171,112.62159801182968
77,1237,65,23.16725216115036,112.62149725362858
77,1237,66,23.16723350794826,112.62135514717052
77,1237,67,23.16716174697872,112.62126630435633
77,1237,68,23.167065915348022,112.62133590848114
77,1237,69,23.167030521061864,112.62145781957896
77,1237,70,23.166986634752,112.6215705040014
77,1237,71,23.166849924207884,112.62154827589144
77,1237,72,23.166674939342712,112.62164233361682
77,1237,73,23.16664735428802,112.62139376082534
77,1237,74,23.16684357611205,112.62139721205334
77,1237,75,23.166926427477044,112.62128254044214
77,1237,76,23.166876043994648,112.62116865203063
77,1237,77,23.16705682022616,112.62111865368944
77,1237,78,23.16716592312138,112.62097249140643
77,1237,79,23.167532127950626,112.62122829848424
77,1237,80,23.16725921000619,112.62167961918432
77,1237,81,23.16710383284697,112.6216762882045
77,1237,82,23.166389919323205,112.62157093123966
77,1237,83,23.16646369247305,112.62129784906284
77,1237,84,23.166486687456374,112.62102252193488
77,1237,85,23.166266740837457,112.62090049957654
77,1237,86,23.166827187160752,112.6207980084589
77,1237,87,23.167311236071622,112.62052685102977
77,1237,88,23.16608572006325,112.62164917485892
77,1237,89,23.163796458981054,112.62121284492191
77,1237,90,23.16782314465904,112.61881232340647
77,1237,91,23.16791422303161,112.61702400471088
77,1237,92,23.16207261945291,112.61448376769144
78,168,0,23.121796564896545,112.25600499170795
78,168,1,23.1226070299816,112.25462479911477
78,168,2,23.12214386599489,112.25428118143331
78,168,3,23.12222961276365,112.25388090963204
78,168,4,23.122029029021903,112.25369561548035
78,168,5,23.121890943498855,112.25362178993284
78,168,6,23.12172395774192,112.2535071342523
78,168,7,23.121699753251985,112.25340409674531
78,168,8,23.121766967792365,112.25332899906336
78,168,9,23.12186638570952,112.25338099347248
78,168,10,23.1219275521628,112.25328390896176
78,168,11,23.12182594592448,112.25310403752816
78,168,12,23.12197855237513,112.2530065182096
78,168,13,23.122192779550662,112.252759353576
78,168,14,23.12229595174946,112.2527273084126
78,168,15,23.12228128352804,112.2526262972993
78,168,16,23.122506015900864,112.25254323398404
78,168,17,23.12259998540861,112.2526913661928
78,168,18,23.12276829077703,112.2524829092171
78,168,19,23.12266626920483,112.2522686169147
78,168,20,23.122812235599397,112.25219162341774
78,168,21,23.12281147336911,112.25204558802272
78,168,22,23.12296656512569,112.25200628332456
78,168,23,23.12294032991789,112.25190262409944
78,168,24,23.1227560038252,112.25188363140376
78,168,25,23.1225701404429,112.251642951387
78,168,26,23.122639996559517,112.25140856608108
78,168,27,23.122913469762985,112.2515654489821
78,168,28,23.123164038150616,112.25201817645755
78,168,29,23.123219154411505,112.25211555145071
78,168,30,23.1233608696818,112.25206012462051
78,168,31,23.12337983555808,112.25216744868445
78,168,32,23.12348536068808,112.251995228152
78,168,33,23.123693211886163,112.2522138446716
78,168,34,23.123783455335907,112.2521512338537
78,168,35,23.123459218238725,112.25243288894372
78,168,36,23.123337640477487,112.2523704952516
78,168,37,23.123217249862744,112.25231305815436
78,168,38,23.12300636582808,112.25219771338485
78,168,39,23.122952189072777,112.25240629783664
78,168,40,23.12307631962076,112.25242639637176
78,168,41,23.123215664147796,112.2524494534375
78,168,42,23.122358585081606,112.25194554050192
78,168,43,23.122112516069503,112.25237496750528
78,168,44,23.12158650057891,112.25320164195767
78,168,45,23.12167180208563,112.25326201451006
78,168,46,23.121575748818685,112.25339369483284
78,168,47,23.121474260550094,112.25351134905875
78,168,48,23.121355490096324,112.2535403429636
78,168,49,23.12122005137258,112.25356139421532
78,168,50,23.1210604763928,112.25369485285152
78,168,51,23.12091806689584,112.25373903463384
78,168,52,23.12099261153433,112.2538584624364
78,168,53,23.121349105336304,112.25395785486708
78,168,54,23.12139663818986,112.25376247446926
78,168,55,23.121571963203333,112.25367844789167
78,168,56,23.12167461859574,112.25383065132766
78,168,57,23.121613706373005,112.25392266982853
78,168,58,23.12150223617348,112.25417471277936
78,168,59,23.121314547671453,112.25335184648075
78,168,60,23.12145744179952,112.2533211768709
78,168,61,23.1213610600088,112.2532431559608
78,168,62,23.12207096012884,112.25349660088249
78,168,63,23.122253563181086,112.25351337765215
78,168,64,23.12061984837163,112.25355677746468
78,168,65,23.12007037929018,112.25015640688324
78,168,66,23.12271499880965,112.24771289259616
78,168,67,23.124309688578037,112.25056142132658
78,168,68,23.12477507022449,112.2555401818471
79,180,0,23.125004214793503,111.96908986724142
79,180,1,23.12481756628751,111.96907323628326
79,180,2,23.12452005816544,111.96900540847142
79,180,3,23.124423398678392,111.96904294792708
79,180,4,23.124232641164177,111.969111546864
79,180,5,23.12412747096217,111.96902743139796
79,180,6,23.124206581277463,111.96884004646516
79,180,7,23.124331027908116,111.9688289653688
79,180,8,23.123991728740595,111.9686032190786
79,180,9,23.12368890665353,111.96875341497086
79,180,10,23.123756000164004,111.96888773242812
79,180,11,23.12395973418844,111.96912330908492
79,180,12,23.124123167173927,111.96944467874424
79,180,13,23.12423101128153,111.96960479560558
79,180,14,23.12435801009621,111.96960256501278
79,180,15,23.124389131406527,111.96944927829075
79,180,16,23.124515784381146,111.96928319925442
79,180,17,23.124695759926077,111.96940104470043
79,180,18,23.12440947263533,111.96990161612496
79,180,19,23.124434804761066,111.97039497906948
79,180,20,23.124519328725384,111.97055149603072
79,180,21,23.124361498222136,111.9704844801617
79,180,22,23.12434094617743,111.97067402346966
79,180,23,23.12451532945961,111.97077835090712
79,180,24,23.12448088005305,111.97097011078093
79,180,25,23.12448892641689,111.97112970771369
79,180,26,23.124380786134928,111.97121621493814
79,180,27,23.12436226464548,111.97104677146172
79,180,28,23.12434405009603,111.97091391091747
79,180,29,23.124658391445763,111.97095113448113
79,180,30,23.12478141163289,111.97106405801487
79,180,31,23.12484692536526,111.97128918031034
79,180,32,23.12471878939476,111.97135300834282
79,180,33,23.12456568739502,111.97140508874568
79,180,34,23.1244680219728,111.97153639642346
79,180,35,23.124368171648587,111.97152904866488
79,180,36,23.12454552264314,111.9716741476892
79,180,37,23.12474719792552,111.9715781609424
79,180,38,23.124915822015403,111.97143539795412
79,180,39,23.1249554995537,111.97154036721729
79,180,40,23.125041636218818,111.97170164033209
79,180,41,23.124864524358507,111.97203154016954
79,180,42,23.12410029006152,111.9714417399258
79,180,43,23.124715576396216,111.9706632603688
79,180,44,23.12361286431929,111.96858672577429
79,180,45,23.12365622257588,111.96848084918746
79,180,46,23.12353064306817,111.96848036267038
79,180,47,23.123647588731096,111.96817825609672
79,180,48,23.122660052187733,111.96695944851582
79,180,49,23.126348284497936,111.97260397811456
79,180,50,23.126132129683363,111.97284680070662
79,180,51,23.119290293860715,111.98024516200952
80,224,0,23.15807649257273,111.6695582948768
80,224,1,23.158278169430616,111.66970977617926
80,224,2,23.15842797965461,111.66964613725948
80,224,3,23.15846189000062,111.66954997927772
80,224,4,23.15838746349528,111.66986540329424
80,224,5,23.15854097350103,111.66998915543576
80,224,6,23.158553739505397,111.67009764552942
80,224,7,23.158676556933717,111.67017588620944
80,224,8,23.158709629334616,111.66994726555966
80,224,9,23.15881619236616,111.66994869986156
80,224,10,23.158990358562264,111.66990361898998
80,224,11,23.15899797679293,111.66976635557818
80,224,12,23.15924074673251,111.66983704940326
80,224,13,23.159996252462275,111.66982078369804
80,224,14,23.160328558989683,111.66882410228614
80,224,15,23.158134028538928,111.66987178196436
80,224,16,23.15808419252812,111.67005009063767
80,224,17,23.157843489640783,111.66973743275706
80,224,18,23.157691667047636,111.66997554009384
80,224,19,23.15736215515967,111.67022647557768
80,224,20,23.1571124405877,111.67020924461944
80,224,21,23.15688842777397,111.67026797042855
80,224,22,23.156674743584617,111.67025970832808
80,224,23,23.156591381644475,111.6705091896606
80,224,24,23.156776333453397,111.67065750666052
80,224,25,23.15698240164926,111.67074309029096
80,224,26,23.157144623454094,111.67068995142104
80,224,27,23.15726559957705,111.67069447922368
80,224,28,23.157371271831117,111.67076346894044
80,224,29,23.157375940063773,111.67061615497693
80,224,30,23.157276384855543,111.6705984669626
80,224,31,23.15708434735761,111.67049041898106
80,224,32,23.15746373217774,111.67054681514584
80,224,33,23.15772163624817,111.67074835867726
80,224,34,23.15755355245729,111.67102240455334
80,224,35,23.157440538087005,111.67094459439652
80,224,36,23.157188414086647,111.67092574621894
80,224,37,23.15703640786504,111.67092849638136
80,224,38,23.15653466019586,111.670833646937
80,224,39,23.1564195622082,111.67100176313755
80,224,40,23.157660604096588,111.67116691653374
80,224,41,23.157780485721045,111.6712782026157
80,224,42,23.15806691135487,111.67141083815312
80,224,43,23.158280815243007,111.67099017900424
80,224,44,23.159588018564957,111.67150451537395
80,224,45,23.15824394834241,111.67431527821904
80,224,46,23.15693881866884,111.67349471746424
80,195,0,23.15996552076292,111.66064873170112
80,195,1,23.16068055127532,111.6599673370194
80,195,2,23.160762342675216,111.65974091491452
80,195,3,23.161242593745847,111.65980866877662
80,195,4,23.16162475219381,111.65955759289466
80,195,5,23.16085997753367,111.6588755694362
80,195,6,23.160410805298827,111.6587061640238
80,195,7,23.160376595294597,111.65899586995114
80,195,8,23.16027687460477,111.65822725535892
80,195,9,23.16051891433812,111.65822866376084
80,195,10,23.16080014845737,111.65801071273076
80,195,11,23.1607256268472,111.65790033854532
80,195,12,23.16058302210272,111.65786041230136
80,195,13,23.16052376361415,111.65775740247022
80,195,14,23.160542869279656,111.65764854670527
80,195,15,23.160709415863515,111.65768969047652
80,195,16,23.160834407912333,111.65762090015998
80,195,17,23.161004856426526,111.65789941130797
80,195,18,23.16132279572847,111.65802138209284
80,195,19,23.161755624432047,111.65799315937367
80,195,20,23.16196915191712,111.65793661427826
80,195,21,23.16184697440429,111.65775564203938
80,195,22,23.16173851583564,111.6576185046321
80,195,23,23.16169727205308,111.65752739218462
80,195,24,23.161295075720243,111.65757598075136
80,195,25,23.16124990306705,111.65733138424936
80,195,26,23.160513686935605,111.6573708597821
80,195,27,23.160335588398688,111.65754646507835
80,195,28,23.16045111792104,111.65763675250766
80,195,29,23.16027241194808,111.65784462512434
80,195,30,23.16000800609884,111.65754478582546
80,195,31,23.16027834932889,111.6573195956391
80,195,32,23.160891302726892,111.65823903472156
80,195,33,23.16215900751636,111.6582908845883
80,195,34,23.162419173955264,111.65814110459446
80,195,35,23.16251229356651,111.6583726335201
80,195,36,23.16245099793656,111.65847922785616
80,195,37,23.16274077596045,111.65842476678404
80,195,38,23.16235424283484,111.65761853949104
80,195,39,23.162240720562167,111.65755489943108
80,195,40,23.16234723074092,111.65745333467017
80,195,41,23.162442786737167,111.65748631587674
80,195,42,23.16273615248411,111.65749711465988
80,195,43,23.16306990625852,111.6571626150568
80,195,44,23.16382998753905,111.65716407825396
80,195,45,23.164130932964174,111.6560511896063
80,195,46,23.164969462429816,111.6558040199096
80,195,47,23.165948467573227,111.65599966637784
80,195,48,23.1663134316668,111.65776334271256
81,180,0,23.106137063921807,111.9757493992105
81,180,1,23.106842927235544,111.97606787012228
81,180,2,23.10728987063508,111.97557742582266
81,180,3,23.10736491441411,111.9754426618909
81,180,4,23.107496793970977,111.97549146278952
81,180,5,23.107601626202023,111.9754407283838
81,180,6,23.10770367194832,111.97546153989708
81,180,7,23.107774745907623,111.97554041650557
81,180,8,23.107930865900485,111.97566566986308
81,180,9,23.10794458952887,111.97545911363446
81,180,10,23.10779229601488,111.97538462967692
81,180,11,23.10775495949209,111.97526069044766
81,180,12,23.10771438831272,111.97511365311446
81,180,13,23.107674441862734,111.97499322542906
81,180,14,23.10768314664004,111.9748829846247
81,180,15,23.10778924710684,111.97484619409224
81,180,16,23.10789911779553,111.97484164751252
81,180,17,23.107881675147205,111.97495117747788
81,180,18,23.10786511185428,111.97506469595103
81,180,19,23.107924379054896,111.97520048233308
81,180,20,23.10801837178617,111.97515854598925
81,180,21,23.10801566526237,111.97485044350742
81,180,22,23.107994351205758,111.97472202599371
81,180,23,23.10796263312776,111.97445878635844
81,180,24,23.10788049315115,111.9743685351764
81,180,25,23.10794934534937,111.97427766904836
81,180,26,23.10828998597451,111.97435017097186
81,180,27,23.108293724482238,111.97411096442084
81,180,28,23.108506104110663,111.97390227424164
81,180,29,23.10834019519847,111.97379132560768
81,180,30,23.108025058268552,111.97394418295694
81,180,31,23.10795894948517,111.97374960507386
81,180,32,23.107843857448483,111.9738014815582
81,180,33,23.108646143223694,111.97415110899723
81,180,34,23.108627062721123,111.97431367569938
81,180,35,23.10894279556825,111.97439696932
81,180,36,23.10907011481615,111.97435869443468
81,180,37,23.10823375169634,111.97467781387184
81,180,38,23.108247457943857,111.97482840808524
81,180,39,23.10843144827111,111.97509341957344
81,180,40,23.10860233996468,111.97514758353178
81,180,41,23.1086125137824,111.97587615907676
81,180,42,23.108540790227124,111.97606059646408
81,180,43,23.108424861387245,111.97625946274938
81,180,44,23.10910089993507,111.97569507676543
81,180,45,23.109331707743603,111.97589678608998
81,180,46,23.107492247690853,111.97581635347296
81,180,47,23.107433539917544,111.9752044429683
81,180,48,23.107570215964124,111.97513890491436
81,180,49,23.10745434129312,111.97508118042948
81,180,50,23.10752245232707,111.97491731139075
81,180,51,23.10742168578096,111.9747642173672
81,180,52,23.107247489761725,111.97510548952168
81,180,53,23.10706770459705,111.97531658907782
81,180,54,23.11191952568917,111.97464915016327
81,180,55,23.10481330448767,111.96969836482292
82,91,0,23.24358701796856,113.16387899833164
82,91,1,23.24388196086352,113.1630830142575
82,91,2,23.243783884505547,113.16302488929412
82,91,3,23.24426443584639,113.16264318345084
82,91,4,23.244464658855268,113.16251780679278
82,91,5,23.24456086224855,113.16241813471687
82,91,6,23.244773866425135,113.16242605516352
82,91,7,23.244872962364703,113.16235525346085
82,91,8,23.24493792964699,113.16244599146482
82,91,9,23.24512124213944,113.16220455876211
82,91,10,23.245384524852422,113.1621964638174
82,91,11,23.245426722098344,113.16282932794618
82,91,12,23.24505062966473,113.162872187702
82,91,13,23.24440926598082,113.16306586352586
82,91,14,23.244393517637672,113.16226064353542
82,91,15,23.24592176411378,113.1627414342253
82,91,16,23.262517332733747,113.16439548050272
82,160,0,23.307369872010657,113.15522359381248
82,160,1,23.30962511517544,113.15322248690838
82,160,2,23.3081415093511,113.15144395906606
82,160,3,23.308795473144343,113.1505091459816
82,160,4,23.30884639325971,113.1502413615659
82,160,5,23.308678377771,113.14995619664336
82,160,6,23.30843686291385,113.15001403160169
82,160,7,23.308305509151715,113.14995763764202
82,160,8,23.308191108713118,113.15009108441603
82,160,9,23.30821645378177,113.14989279373448
82,160,10,23.30788100090516,113.15003159519456
82,160,11,23.30778790694805,113.15007069310634
82,160,12,23.307689349274007,113.1500134049142
82,160,13,23.30759957209816,113.15012199510406
82,160,14,23.307689051781807,113.15021062962091
82,1239,0,23.238475433483163,113.17764947605968
82,1239,1,23.241777525275896,113.17662676507784
82,1239,2,23.244262849829525,113.17590141299743
82,1239,3,23.24422047571105,113.17525086812051
82,1239,4,23.244944649099992,113.17450053017429
82,1239,5,23.24527550688044,113.17438642110484
82,1239,6,23.24544127644227,113.17446904838005
82,1239,7,23.245525328079182,113.17436350845864
82,1239,8,23.245578758870128,113.17458452555792
82,1239,9,23.245449513398995,113.17469573328962
82,1239,10,23.24557014655173,113.17476261062696
82,1239,11,23.24568529384949,113.17478346992492
82,1239,12,23.245615111138918,113.17488520479117
82,1239,13,23.24590958468316,113.17474030738434
82,1239,14,23.246051978894695,113.17492276590627
82,1239,15,23.24601619111297,113.1751257447727
82,1239,16,23.24618675444463,113.17520314454954
82,1239,17,23.24623631013965,113.17508854164495
82,1239,18,23.24634178681643,113.17503378394922
82,1239,19,23.24498556873281,113.1772849239841
82,1239,20,23.24559430812673,113.17829417034928
82,106,0,23.22421424205851,113.18061726927644
82,106,1,23.224054146015305,113.18209374307855
82,106,2,23.222396668314182,113.1824695871304
82,106,3,23.221097916967587,113.18236704341123
82,106,4,23.2208320217509,113.18265932084242
82,106,5,23.22064698019595,113.18293267887525
82,106,6,23.220525471266143,113.18290564401576
82,106,7,23.22037106752321,113.18290208491564
82,106,8,23.220493641156,113.18296117638312
82,106,9,23.220666737595195,113.18305900854712
82,106,10,23.22086323109818,113.18305692068316
82,106,11,23.220525162303808,113.18313309341796
82,106,12,23.22033451318174,113.18318920476814
82,106,13,23.220164329601843,113.18320447695056
82,106,14,23.21999685991846,113.1832245074682
82,106,15,23.219919084505687,113.18299950205798
82,106,16,23.220097272407504,113.183010428031
82,106,17,23.22023234867049,113.18277590972058
82,106,18,23.219872275942052,113.1827371429714
82,106,19,23.21979961695765,113.1826583720344
82,106,20,23.219602444744023,113.18272912096892
82,106,21,23.219652161730767,113.18300844327108
82,106,22,23.21963777007156,113.18315558645608
82,106,23,23.219811684800945,113.18320287951836
82,106,24,23.21987164495496,113.1835206601376
82,106,25,23.220031158456607,113.18357142840055
82,106,26,23.22032531547389,113.18342873530511
82,106,27,23.22061266653494,113.1836387029736
82,106,28,23.22104153347009,113.18365444998648
82,106,29,23.2198559613446,113.18385161675472
82,106,30,23.21942406990892,113.18363916551826
82,106,31,23.21899588878151,113.18328632234788
82,106,32,23.21877787824794,113.18374292287444
82,106,33,23.21756154399834,113.18605629756892
82,106,34,23.22009642475495,113.19170921823245
82,106,35,23.225959708551223,113.18399091174604
83,203,0,22.977565388706545,113.52532448633698
83,203,1,22.981363429446603,113.52330377406165
83,203,2,22.981839814308717,113.523291666246
83,203,3,22.98194174150221,113.52323812717856
83,203,4,22.98197862895556,113.52311511619205
83,203,5,22.98192984389016,113.52289440122858
83,203,6,22.981828835087235,113.52288275923932
83,203,7,22.98190536010289,113.52272706242056
83,203,8,22.98172938700013,113.52262898171014
83,203,9,22.981675836698447,113.52289608356853
83,203,10,22.98175590702752,113.52296869412709
83,203,11,22.982016558222245,113.522901110007
83,203,12,22.982215899815422,113.52299321101236
83,203,13,22.98236854432353,113.5230685454417
83,203,14,22.982162239075823,113.52311413330538
83,203,15,22.98247415694242,113.5234123793701
83,203,16,22.982611014720177,113.52345642231718
83,203,17,22.982712156912857,113.52339083165997
83,203,18,22.98272502064511,113.52349195355796
83,203,19,22.982594376421137,113.52370971137964
83,203,20,22.982863223294835,113.52374902440542
83,203,21,22.98287205247772,113.52395584401718
83,203,22,22.98272186354343,113.52410934202491
83,203,23,22.98285442221877,113.52427320660776
83,203,24,22.983355502028267,113.5243437385848
83,203,25,22.98348423023234,113.52467357105496
83,203,26,22.983903350619016,113.52493403432509
83,203,27,22.98355912917457,113.52370832579729
83,203,28,22.983527100475182,113.52355789988944
83,203,29,22.98341914118732,113.52360176008855
83,203,30,22.983904970845145,113.52359461859449
83,203,31,22.982946972625907,113.523228464885
83,203,32,22.98300718736164,113.52276962237976
83,203,33,22.9822493197394,113.52277972414448
83,203,34,22.982152291233845,113.5224130520245
83,203,35,22.98184014373341,113.52226465675822
83,203,36,22.9824294337753,113.52356061458204
83,203,37,22.985386454415707,113.52348381108072
83,203,38,22.98433669668432,113.52818404462192
83,203,39,22.98370543290813,113.52899805166848
83,174,0,22.972641286199053,113.5298539900144
83,174,1,22.96854122223179,113.53133792207466
83,174,2,22.96839584627481,113.5318010096356
83,174,3,22.96837818588845,113.53196232234792
83,174,4,22.96812645720913,113.5319110351681
83,174,5,22.968144460236815,113.5316878259423
83,174,6,22.967745805886125,113.53210710212272
83,174,7,22.967809267940847,113.5322700437036
83,174,8,22.96756843173452,113.53231194585491
83,174,9,22.96744455252701,113.53244399436718
83,174,10,22.96757650408712,113.5324879087368
83,174,11,22.96779234119303,113.53252440941844
83,174,12,22.967736501922435,113.5326666314856
83,174,13,22.968131366490976,113.53229678456664
83,174,14,22.967536906155186,113.5321545810226
83,174,15,22.967418937349468,113.5322223114904
83,174,16,22.967220207868355,113.53230768797778
83,174,17,22.96701346345292,113.53227178602032
83,174,18,22.96690204350605,113.532183437532
83,174,19,22.96699496877637,113.53209736134004
83,174,20,22.96684850188962,113.53187269499368
83,174,21,22.96694851498172,113.53167290883958
83,174,22,22.967049972455783,113.5317106913017
83,174,23,22.967129554032407,113.53184441025114
83,174,24,22.96721637567143,113.53191150635077
83,174,25,22.966877307258173,113.53232089541916
83,174,26,22.966508110641684,113.53204152742592
83,174,27,22.96648288767157,113.53184230800686
83,174,28,22.96661490357586,113.5317998469294
83,174,29,22.966633528644504,113.53170039974408
83,174,30,22.9667836085544,113.53145377103267
83,174,31,22.966877352560623,113.53133798681434
83,174,32,22.96671328946025,113.53123000781916
83,174,33,22.966390187304555,113.53149990582412
83,174,34,22.96620872830771,113.53184306368884
83,174,35,22.96811452919157,113.533649045711
83,174,36,22.96843966995688,113.53458655328788
83,174,37,22.971055468741305,113.53749364778358
83,174,38,22.97142098674997,113.53754165997002
83,174,39,22.972027437237493,113.54031321929897
83,174,40,22.9719287504018,113.5406368339723
83,174,41,22.97229063485206,113.54134262738154
83,174,42,22.97673649864102,113.53263936751814
83,174,43,22.95861940769439,113.5335857838952
84,114,0,23.088280149154144,112.00063344313702
84,114,1,23.087456083599864,112.00064445051297
84,114,2,23.086885239839145,112.00165872158244
84,114,3,23.08665042056055,112.001604142845
84,114,4,23.086711379494147,112.00186232327071
84,114,5,23.08662978779868,112.00195860046824
84,114,6,23.08654126482723,112.0020426101724
84,114,7,23.08653888625031,112.00193300499345
84,114,8,23.08640958355677,112.0020540099284
84,114,9,23.086596386094204,112.00217613265004
84,114,10,23.086726585163007,112.00227664131732
84,114,11,23.08683766924918,112.00228529616024
84,114,12,23.086813862612637,112.00239448670688
84,114,13,23.086924547270183,112.00242258424156
84,114,14,23.086960275295716,112.00229424359362
84,114,15,23.08707364626216,112.00235324567424
84,114,16,23.0871086597536,112.00225486737853
84,114,17,23.08720264275849,112.00218029579644
84,114,18,23.08718884818085,112.00239768808052
84,114,19,23.08711021057117,112.00250387428612
84,114,20,23.08701371806893,112.0025692445697
84,114,21,23.08698549341844,112.00209300342964
84,114,22,23.08677129043652,112.00211360873796
84,114,23,23.08643713103101,112.0022895945346
84,114,24,23.08637898733079,112.00172453259307
84,114,25,23.08619502003341,112.00154088707664
84,114,26,23.08612426802592,112.00081072498148
84,114,27,23.085537346988943,112.00223225899232
84,114,28,23.08543990813227,112.0023864788369
84,114,29,23.085425674627903,112.00248684164214
84,114,30,23.085458654354905,112.00261823232948
84,114,31,23.085577972015788,112.0025357672498
84,114,32,23.0857099948005,112.00240848503508
84,114,33,23.085792206988625,112.0024684846768
84,114,34,23.085864698390505,112.00233741789935
84,114,35,23.085847000748167,112.00269642748668
84,114,36,23.08540075096952,112.00275341761946
84,114,37,23.085260291497484,112.002766367408
84,114,38,23.08514636004905,112.00275182936208
84,114,39,23.08500977356217,112.0028478232704
84,114,40,23.084881853344477,112.0028792371061
84,114,41,23.08468863344097,112.0028912890292
84,114,42,23.084820383933877,112.0026061121699
84,114,43,23.084414072990025,112.00242745478164
84,114,44,23.084583850123003,112.00197908349357
84,114,45,23.08491391765468,112.00210468981994
84,114,46,23.085088247268565,112.00215990223288
84,114,47,23.08516543368652,112.00225801852996
84,114,48,23.0853211139092,112.00236746912594
84,114,49,23.085206759514424,112.00245559398492
84,114,50,23.08513731886516,112.0025613889488
84,114,51,23.08509258455719,112.00238488595518
84,114,52,23.085454918162306,112.00310307690025
84,114,53,23.085159598950906,112.00341117507428
84,114,54,23.08742040450409,112.00205732436612
84,114,55,23.096910840415145,111.99914198537267
84,114,56,23.08777634103317,112.01956281618486
85,89,0,23.156969803821816,113.2181677357806
85,89,1,23.16565336563009,113.21333191636302
85,89,2,23.166360511716476,113.214799010305
85,89,3,23.16733597963377,113.21259807495346
85,89,4,23.16791072789205,113.21271247161964
85,89,5,23.168151956849456,113.2125461238173
85,89,6,23.16827752071043,113.21229654267408
85,89,7,23.16817726885104,113.2121652176773
85,89,8,23.16847685905024,113.21219743625764
85,89,9,23.16861096617215,113.21221421046656
85,89,10,23.168694428977314,113.21208587458436
85,89,11,23.168825382580923,113.21205946384434
85,89,12,23.16896509521114,113.21215616422182
85,89,13,23.16876996280282,113.21230139859452
85,89,14,23.16868263981616,113.21242562078892
85,89,15,23.16892349359588,113.2125586949875
85,89,16,23.169035387069147,113.2124952922034
85,89,17,23.16904829983809,113.21263276756612
85,89,18,23.169172133200423,113.21265710527442
85,89,19,23.16929292059473,113.21270585574506
85,89,20,23.169399232724235,113.21253067609462
85,89,21,23.16947220400878,113.21268596958576
85,89,22,23.169386674437654,113.21275487395576
85,89,23,23.16958627703057,113.21256156697466
85,89,24,23.169674439945183,113.21235128594785
85,89,25,23.16980672400184,113.21255878979014
85,89,26,23.169951409023252,113.21244591637716
85,89,27,23.17039911462249,113.2125214993764
85,89,28,23.170732477518506,113.21233045532492
85,89,29,23.17028901649501,113.21190703213308
85,89,30,23.168211900427316,113.21184286903596
85,89,31,23.167428544358085,113.2117626570104
85,89,32,23.168679298179363,113.20842291379236
85,89,33,23.1703350468438,113.2087517805735
85,89,34,23.172041440365494,113.2071312859452
85,89,35,23.172944739429067,113.21308695955103
85,89,36,23.174263134318583,113.20094443464464
85,89,37,23.182287482744645,113.20226784970784
86,161,0,23.233325879757555,111.53258411595044
86,161,1,23.233771556875944,111.5329390814202
86,161,2,23.23390314517105,111.53342326698876
86,161,3,23.23408831925022,111.53336219720168
86,161,4,23.23418335906006,111.53323581431144
86,161,5,23.23428430966091,111.5335683305427
86,161,6,23.23417193434309,111.5336595649828
86,161,7,23.23401338719501,111.53363752789006
86,161,8,23.2339570394035,111.53391490025948
86,161,9,23.23384921860089,111.53387186764144
86,161,10,23.23380367704497,111.53401665092774
86,161,11,23.233643050073656,111.53381864723303
86,161,12,23.233629802379586,111.5335706358812
86,161,13,23.23353194174237,111.53365061011276
86,161,14,23.2334030948808,111.53382574166186
86,161,15,23.23363524936592,111.5343550643782
86,161,16,23.233729902209955,111.5346762714622
86,161,17,23.23396534727777,111.53471924113911
86,161,18,23.23421364677309,111.53507264287056
86,161,19,23.23375732204501,111.53511213446392
86,161,20,23.23365889776802,111.53524989240738
86,161,21,23.233600864856115,111.53540802427452
86,161,22,23.23356350441536,111.53526377650198
86,161,23,23.23343040056286,111.53526328780396
86,161,24,23.23330178942449,111.5351109217268
86,161,25,23.23322012367612,111.535300001518
86,161,26,23.233014966422445,111.53531821030391
86,161,27,23.233398206190166,111.5355347137128
86,161,28,23.23354100401119,111.53561206531523
86,161,29,23.233571643127934,111.53576670110286
86,161,30,23.23379281924939,111.53565017282703
86,161,31,23.23402208826809,111.53589518006837
86,161,32,23.233558773147426,111.5350126317411
86,161,33,23.234017557549528,111.53418264072582
86,161,34,23.234086097680493,111.5340055190565
86,161,35,23.23417250125294,111.53391123283284
86,161,36,23.23426194497454,111.5340546299192
86,161,37,23.23435157329711,111.5339141675364
86,161,38,23.234500595123084,111.53360761514163
86,161,39,23.23481420376818,111.53366180173263
86,161,40,23.23516229758648,111.5335060409422
86,161,41,23.235292680794597,111.5330223552466
86,161,42,23.23299569947224,111.53580158956856
86,199,0,23.22638671352344,111.52896970278285
86,199,1,23.22639200301255,111.53004787231052
86,199,2,23.226603460576904,111.53530159484896
86,199,3,23.224364349766788,111.53554137877958
86,199,4,23.219540291264583,111.53009275573385
86,199,5,23.21996628349852,111.52923915514693
87,392,0,23.045849105467436,113.22979536966535
87,392,1,23.04579449851079,113.22962130666856
87,392,2,23.04581264453094,113.22950670858172
87,392,3,23.045896857612533,113.22939804679127
87,392,4,23.045959462358475,113.22930184238898
87,392,5,23.04588352763913,113.22922317865216
87,392,6,23.04586877461649,113.2290638143192
87,392,7,23.045800670215453,113.2289399269894
87,392,8,23.045822954440855,113.2288329829326
87,392,9,23.04591881572757,113.22873080046516
87,392,10,23.045957846214765,113.22861851364958
87,392,11,23.04590570713772,113.2285315289584
87,392,12,23.045805448549,113.22861328758884
87,392,13,23.045829497558987,113.22845229020618
87,392,14,23.045971074984813,113.22846890216756
87,392,15,23.045935729586148,113.22835854632984
87,392,16,23.04579042891836,113.22835447642748
87,392,17,23.045673285078244,113.22847043431422
87,392,18,23.045691698023568,113.228800856235
87,392,19,23.0456712671375,113.22891720674204
87,392,20,23.045731539691754,113.22908312911208
87,392,21,23.04561140514043,113.22907684049878
87,392,22,23.045613674011435,113.22930827424304
87,392,23,23.04570953667644,113.229271217579
87,392,24,23.04584372695314,113.22933691431584
87,392,25,23.045993609775056,113.22938896169154
87,392,26,23.045986430158216,113.22962027288176
87,392,27,23.045652913570017,113.2294608870447
87,392,28,23.045570967308212,113.2296290180131
87,392,29,23.045381434642348,113.23021343815684
87,392,30,23.04520904828595,113.2303935620999
87,392,31,23.045469595251205,113.23047818246778
87,392,32,23.045907754755152,113.22907370083072
87,392,33,23.045934420646773,113.22894890491806
87,392,34,23.04607191540657,113.22898840616202
87,392,35,23.045998433787748,113.2288301617941
87,392,36,23.04600819457536,113.22864695610562
87,392,37,23.046108420252875,113.22862604710528
87,392,38,23.04619231505677,113.22855427748132
87,392,39,23.04613934627091,113.22844534951436
87,392,40,23.04602125730289,113.22836107273758
87,392,41,23.046123684018447,113.2283078438111
87,392,42,23.046217153534496,113.22840124815215
87,392,43,23.046068952613957,113.22850443999248
87,392,44,23.045990445068615,113.22857852011764
87,392,45,23.046231294281668,113.22860001498822
87,392,46,23.04601989071347,113.22825685837483
87,392,47,23.045958499224565,113.22812985233728
87,392,48,23.045863417322597,113.22819476222864
87,392,49,23.045758575853267,113.228157671188
87,392,50,23.04578476598965,113.22803137036996
87,392,51,23.04592680596186,113.228067684834
87,392,52,23.04582232395874,113.22812759064148
87,392,53,23.045875791444647,113.22825244123926
87,392,54,23.046090397839876,113.22812428925486
87,392,55,23.046182417734794,113.22817042091694
87,392,56,23.04619777082996,113.2279433155786
87,392,57,23.04596703212405,113.22788147722773
87,392,58,23.04587136396463,113.22791403154744
87,392,59,23.04572244186812,113.22794044542478
87,392,60,23.04571512716941,113.22778831853856
87,392,61,23.04584336009021,113.22780690696284
87,392,62,23.04563314104847,113.2277786821558
87,392,63,23.045648064343368,113.22803832690308
87,392,64,23.045685714588167,113.22747277003364
87,392,65,23.045592180112063,113.22735117662374
87,392,66,23.04562161154941,113.2270213431397
87,392,67,23.046087491797188,113.22722893128676
87,392,68,23.04525301435775,113.22752631407832
87,392,69,23.04511419859575,113.22717750372786
87,392,70,23.044385574189864,113.22782896998908
87,392,71,23.04496458601693,113.22875426780644
87,392,72,23.045541654079123,113.22884434086916
87,340,0,23.043413791296796,113.2305236690948
87,340,1,23.04234700735364,113.22429326789609
90,395,0,23.11195248316948,112.22193064553824
90,395,1,23.116292292729646,112.22713363344982
90,395,2,23.117146397289265,112.22840547026476
90,395,3,23.117670963675938,112.22884554194135
90,395,4,23.11789205103821,112.22874099304416
90,395,5,23.11807049668846,112.2290238963348
90,395,6,23.11787919248574,112.22909612564254
90,395,7,23.117578150003983,112.2292937599597
90,395,8,23.117625851916795,112.22974473401663
90,395,9,23.11761143824651,112.22995329097716
90,395,10,23.11777098220881,112.23013710749755
90,395,11,23.117872320109655,112.23018755001684
90,395,12,23.11776441974533,112.23031816142702
90,395,13,23.11756872341737,112.23035256620255
90,395,14,23.117494937436877,112.23050267158658
90,395,15,23.11748252803005,112.23063342553404
90,395,16,23.117377092884578,112.23073288021916
90,395,17,23.11724264094604,112.23086150442138
90,395,18,23.117209278658823,112.2309762554411
90,395,19,23.117065920295182,112.23103934153905
90,395,20,23.116946644680624,112.23092440384345
90,395,21,23.116840186130684,112.2309139236392
90,395,22,23.11682251850148,112.23101783225802
90,395,23,23.11671373927833,112.23104419410326
90,395,24,23.11659610755334,112.23126426606883
90,395,25,23.11654215414708,112.231455797602
90,395,26,23.11652370740128,112.23160287729314
90,395,27,23.116734870462693,112.23155577036778
90,395,28,23.1169076021374,112.2314370930604
90,395,29,23.11695899522512,112.23119809814874
90,395,30,23.11723486347744,112.23131637372342
90,395,31,23.117295874515488,112.2312171744331
90,395,32,23.117710226751434,112.23101239695342
90,395,33,23.1178924409441,112.23094614104824
90,395,34,23.11771832932437,112.23081256637714
90,395,35,23.11769315507977,112.23070811983132
90,395,36,23.11727974203051,112.23054952902535
90,395,37,23.1172920487434,112.23034883011448
90,395,38,23.11709864819621,112.23039516770083
90,395,39,23.11702194635706,112.2304648870169
90,395,40,23.116873753409266,112.2305195242373
90,395,41,23.116824946530944,112.23065950677444
90,395,42,23.11661709747961,112.23075992852392
90,395,43,23.11654063893859,112.23061193670154
90,395,44,23.116122454798145,112.23069322517884
90,395,45,23.11586118120058,112.2305927499635
90,395,46,23.115739638135416,112.23056504299451
90,395,47,23.11551007448875,112.23061056032525
90,395,48,23.11575464777995,112.23082650155432
90,395,49,23.11572527318512,112.23092986713786
90,395,50,23.115858956031012,112.23030502252828
90,395,51,23.115123512909417,112.23052934956746
90,395,52,23.11642919694204,112.23108413205256
90,395,53,23.116200659232085,112.23163085289296
90,395,54,23.117180213687792,112.23185969258591
90,395,55,23.11709489688813,112.23074574811557
90,395,56,23.117135363633786,112.23063099510928
90,395,57,23.11786140856799,112.22968237835934
90,395,58,23.117984882226853,112.22968430812966
90,395,59,23.118080111661797,112.22945880698956
90,395,60,23.118239012426216,112.22946625987734
90,395,61,23.11830951641045,112.22938697810363
90,395,62,23.11842829791976,112.22940585309216
90,395,63,23.11840248572854,112.22930344444976
90,395,64,23.1185015199223,112.2293267758802
90,395,65,23.118214621103583,112.22925731907188
90,395,66,23.11832329546172,112.22906497743016
90,395,67,23.11832708163596,112.22863570678336
90,395,68,23.11844101339617,112.22856735100882
90,395,69,23.118539168248105,112.22863007970436
90,395,70,23.11864163076715,112.22857418914757
90,395,71,23.11894256880402,112.22852314003347
90,395,72,23.11896815920665,112.22840834092968
90,395,73,23.118917145579267,112.22872919510188
90,395,74,23.118749290903747,112.22888586140807
90,395,75,23.11890077291244,112.22896584130422
90,395,76,23.11898755829073,112.22907987665556
90,395,77,23.11834313742884,112.22847851548678
90,395,78,23.1181783861268,112.22848655479832
90,395,79,23.118249649387828,112.22829962506822
90,395,80,23.11835015191204,112.23087723997182
90,395,81,23.114645146587584,112.22899736948608
90,395,82,23.11298610487801,112.22892901903948
90,395,83,23.10790225457748,112.22920329894464
90,395,84,23.1121877232966,112.23609850763266
90,395,85,23.115592235559177,112.2362588553248
90,395,86,23.115051801985995,112.2382930710433
90,185,0,23.11281148541877,112.22236692669884
90,185,1,23.111944238820872,112.22168210662096
90,185,2,23.1120584664796,112.2215216947394
90,185,3,23.112060681967144,112.22134822129294
90,185,4,23.11198876514118,112.22114987720272
90,185,5,23.11179459297644,112.2210588987388
90,185,6,23.11176053936097,112.22117588542724
90,185,7,23.111567919051748,112.22110195605003
90,185,8,23.11142734868128,112.22124792450148
90,185,9,23.1114486198561,112.22135513957328
90,185,10,23.11161526970424,112.22142656718223
90,185,11,23.111534963495643,112.22152509356437
90,185,12,23.11121137271649,112.22139315429312
90,185,13,23.111145909081603,112.2214713011781
90,185,14,23.11103929466422,112.2215739200827
90,185,15,23.11110436176222,112.22168939267144
90,185,16,23.110963782581457,112.22175192267233
90,185,17,23.11070921476025,112.22176433244324
90,185,18,23.11058413128047,112.2216267143756
90,185,19,23.11058690091644,112.2210589976138
90,185,20,23.110903927389337,112.22112047489382
90,185,21,23.110997425518818,112.22121272096064
90,185,22,23.111083553705694,112.2212840332082
90,185,23,23.11119584238832,112.22119006318616
90,185,24,23.111269535881004,112.22108212276504
90,185,25,23.11138592083073,112.22094858973873
90,185,26,23.11145812704427,112.22077228288964
90,185,27,23.11136070908517,112.22073044860342
90,185,28,23.111717494064703,112.22089896903168
90,185,29,23.11179714790288,112.22082691979456
90,185,30,23.1119145279067,112.22061849955593
90,185,31,23.111693379771907,112.22031711560506
90,185,32,23.111599882056456,112.22016013409784
90,185,33,23.11159592192152,112.2200276074622
90,185,34,23.111620009379887,112.21990502508312
90,185,35,23.11172496177505,112.21989400337864
90,185,36,23.111832345458893,112.2199211067758
90,185,37,23.11200717805121,112.21996483042406
90,185,38,23.1118667839701,112.22010736117603
90,185,39,23.11154202664804,112.220340342727
90,185,40,23.11139377221817,112.2200388705816
90,185,41,23.11129775187777,112.21985780993349
90,185,42,23.11136702390828,112.21956277138482
90,185,43,23.111491757596152,112.2194288031872
90,185,44,23.111639913576163,112.21940328084128
90,185,45,23.1116834407252,112.21949514044658
90,185,46,23.11163082104376,112.21963391889406
90,185,47,23.11166043157164,112.21973549176376
90,185,48,23.11197726993609,112.21971161421718
90,185,49,23.112024312076954,112.21950174632532
90,185,50,23.11228177800025,112.21962432355714
90,185,51,23.1123263628345,112.21951718306568
90,185,52,23.11217760586644,112.21983622177532
90,185,53,23.11226733488476,112.22084640331644
90,185,54,23.111731653597776,112.22188627335524
90,185,55,23.11150311312188,112.22179531464188
90,185,56,23.111346882888075,112.22210776776508
90,185,57,23.11064978298169,112.2222033228624
90,185,58,23.10964572837833,112.22175798006946
90,185,59,23.10947570235493,112.22177232268623
90,185,60,23.10947514250213,112.2216075384566
90,185,61,23.109758720467006,112.2214802724336
90,185,62,23.10933023144272,112.2219163636339
90,185,63,23.10825703779038,112.22078464482786
90,185,64,23.109836385223065,112.22023763716426
90,185,65,23.110917034350887,112.22033943891488
90,185,66,23.111127500492287,112.2203114049324
90,185,67,23.11119902862319,112.22014249240225
90,185,68,23.111211760478373,112.21940329339088
90,185,69,23.11103006893265,112.22103010440756
91,124,0,23.271780230980617,113.16035008350931
91,124,1,23.27265992067501,113.16665379830256
91,124,2,23.27589318197196,113.17162059638244
91,124,3,23.29120015067138,113.15229495450428
91,1239,0,23.26004083022139,113.17086281872405
91,1239,1,23.254393886061283,113.17089314468242
91,301,0,23.262953623936543,113.15104652500864
91,301,1,23.26289211774051,113.1506973126699
91,301,2,23.262789594255384,113.14979919892906
91,301,3,23.26318842535558,113.14971606779362
91,301,4,23.263253370129057,113.14983768844267
91,301,5,23.263538714598766,113.14992586173456
91,301,6,23.263811933379976,113.14987999509134
91,301,7,23.263850944615587,113.14957659769304
91,301,8,23.26343731167546,113.1493334837806
91,301,9,23.263133470801915,113.14942747497106
91,301,10,23.26465932690674,113.15003001593352
91,301,11,23.260883453220828,113.14898394305054
91,205,0,23.240652332639176,113.07622624384786
92,104,0,23.118789265538958,112.56291215207406
92,104,1,23.11752019563736,112.56226795780056
92,104,2,23.117526076989428,112.56162592135271
92,104,3,23.117625298944663,112.56155820933014
92,104,4,23.117506240007344,112.56136370994064
92,104,5,23.117352374582044,112.56130428892769
92,104,6,23.1174174987874,112.56119903593844
92,104,7,23.117529726269165,112.56116854715634
92,104,8,23.11737969741024,112.56104759960716
92,104,9,23.1172988184633,112.560948558662
92,104,10,23.1171927662325,112.56088609733185
92,104,11,23.11708741945625,112.56081635867696
92,104,12,23.11721513366814,112.56078090268254
92,104,13,23.11725840604808,112.56068239308745
92,104,14,23.117133258430638,112.56061747227731
92,104,15,23.116966409738,112.56082283585071
92,104,16,23.116991886165064,112.56093053536178
92,104,17,23.117101919191583,112.56104181910204
92,104,18,23.117139223926618,112.56114937078472
92,104,19,23.117099394353023,112.56125929615388
92,104,20,23.117196192722524,112.5613350523664
92,104,21,23.11726951988577,112.56147104850814
92,104,22,23.11715900764386,112.56169799979251
92,104,23,23.116739838024905,112.56148595265012
92,104,24,23.116905100583796,112.56105888182633
92,104,25,23.117080997838656,112.56092008563212
92,104,26,23.117360492485545,112.5608830650136
92,104,27,23.11747604008921,112.56092247981852
92,104,28,23.117578370096425,112.56097226781228
92,104,29,23.11758793575457,112.5608718406666
92,104,30,23.11771138652854,112.56088576291155
92,104,31,23.117975137688084,112.56081548641788
92,104,32,23.11794108714085,112.5613010878501
92,104,33,23.117733570111497,112.56128456251903
92,104,34,23.11750835448738,112.56044225649808
92,104,35,23.11730706577508,112.56023107937632
92,104,36,23.117156906604283,112.56011751525554
92,104,37,23.117244654269232,112.5600668852915
92,104,38,23.11719256358049,112.55995112120772
92,104,39,23.11706063960443,112.55988083217083
92,104,40,23.11690580240512,112.55984801903398
92,104,41,23.11688593130266,112.55996000093832
92,104,42,23.11677854662377,112.55999010330068
92,104,43,23.116519450969232,112.56004093232082
92,104,44,23.11689553486426,112.56024428622796
92,104,45,23.117097741360357,112.56030218120291
92,104,46,23.11709729236221,112.56002041998372
92,104,47,23.11701302780956,112.55973722893393
92,104,48,23.11709877461941,112.55966093903206
92,104,49,23.117240571837776,112.55969360454216
92,104,50,23.117411834725587,112.55973933028942
92,104,51,23.11748001137694,112.55985115084064
92,104,52,23.117428317373413,112.5600401741658
92,104,53,23.117577720579213,112.55970912950056
92,104,54,23.11745464054953,112.55967533754176
92,104,55,23.117499192218222,112.559497450059
92,104,56,23.11763952545361,112.55944802908212
92,104,57,23.117744845608502,112.55946931086145
92,104,58,23.117828268245106,112.55939116627304
92,104,59,23.11776639501005,112.55929384699364
92,104,60,23.11747028050143,112.5592920237939
92,104,61,23.117334640730647,112.55933253761437
92,104,62,23.11725139160296,112.55926024180832
92,104,63,23.11744564964843,112.55909043506676
92,104,64,23.11701872973641,112.55874772429408
92,104,65,23.116855145236308,112.55903907668436
92,104,66,23.11651153852142,112.5592155768098
92,104,67,23.11639043938777,112.55900364000854
92,104,68,23.11668853862236,112.55952342030096
92,104,69,23.116892836009715,112.55959219963904
92,104,70,23.116866920245556,112.55943526214855
92,104,71,23.11705181209261,112.5594465677871
92,104,72,23.117631532190703,112.5595511701422
92,104,73,23.11662018348099,112.56067653942333
92,104,74,23.116304740413582,112.56127281281752
92,104,75,23.11575211846152,112.56111954782124
92,104,76,23.115957160650208,112.55983203515726
92,104,77,23.115380644756723,112.55900840213148
92,104,78,23.115228298783496,112.55899183594268
92,104,79,23.112845060119028,112.55868101492148
92,104,80,23.112995009709927,112.55643019938992
92,104,81,23.113178519932216,112.55603341463016
92,1143,0,23.121813428393168,112.56376314410642
92,1143,1,23.121635627450097,112.5679784944448
92,1143,2,23.124963679340315,112.56733880277872
92,1143,3,23.12530832961864,112.56764220132884
92,1143,4,23.12558911361396,112.5676894355162
92,1143,5,23.125851440716826,112.56744641730492
92,1143,6,23.12544529020095,112.5680229869062
92,1143,7,23.125616679607145,112.56835129745409
92,1143,8,23.126268810842674,112.56849666875296
92,1143,9,23.12639412901296,112.56859707997307
92,1143,10,23.126491095727,112.56852155159432
92,1143,11,23.126519564513767,112.56841450143388
92,1143,12,23.12649298266973,112.5682218856396
92,1143,13,23.12659671457421,112.56815337270363
92,1143,14,23.126722324912308,112.56825088446628
92,1143,15,23.12663918199429,112.5683152694631
92,1143,16,23.126754079041124,112.5684988784681
92,1143,17,23.126808425813863,112.5685973610192
92,1143,18,23.12664774566048,112.56860259850018
92,1143,19,23.126485291326667,112.5686975481242
92,1143,20,23.126887504762337,112.56843571482662
92,1143,21,23.12690181441845,112.56824972333996
92,1143,22,23.126923444523538,112.56814989058556
92,1143,23,23.12710799021139,112.56831960750732
92,1143,24,23.127118304416975,112.5684232186536
92,1143,25,23.127198870820877,112.56855776905424
92,1143,26,23.127177034675075,112.56836512910292
92,1143,27,23.127199530092952,112.5682485053568
92,1143,28,23.127080449927725,112.56792848614282
92,1143,29,23.126771282513104,112.56796040650748
92,1143,30,23.12667187768418,112.56790864749294
92,1143,31,23.12653863788143,112.56797775528436
92,1143,32,23.12644860780332,112.56808694285652
92,1143,33,23.12679959571562,112.56808837260776
92,1143,34,23.126971512687152,112.5685615514992
92,1143,35,23.127079300534923,112.568625779079
92,1143,36,23.127165728033383,112.56871218196542
92,1143,37,23.127063397383303,112.56878622540285
92,1143,38,23.12696475586997,112.5687415690344
92,1143,39,23.12742798081152,112.5686940196344
92,1143,40,23.128005684834356,112.56836589036044
92,1143,41,23.12843536893763,112.56827440567234
92,1143,42,23.128365344951145,112.56767121622158
92,1143,43,23.127188023157508,112.56741585214316
92,1143,44,23.12704066127898,112.56719156774274
92,1143,45,23.12696803175788,112.56709034493504
92,1143,46,23.126831074357124,112.56713568057788
92,1143,47,23.12680947194194,112.56703476877377
92,1143,48,23.126729454349757,112.56696626095388
92,1143,49,23.126592805819165,112.56698782329003
92,1143,50,23.126535414638585,112.56716077954889
92,1143,51,23.12645942540024,112.5668599987366
92,1143,52,23.12651628322941,112.5667677721192
92,1143,53,23.126679213927734,112.5667856886402
92,1143,54,23.12680465747727,112.56671975705248
92,1143,55,23.126895078747246,112.56681060802046
92,1143,56,23.126951197673943,112.56689575472804
92,1143,57,23.12704061711896,112.56694801652375
92,1143,58,23.127167324494327,112.56698082382128
92,1143,59,23.12702267117288,112.56671657429878
92,1143,60,23.12699325051512,112.56661506255982
92,1143,61,23.12716267541328,112.56664487066412
92,1143,62,23.12722304986302,112.56652224541584
92,1143,63,23.127377329317014,112.56657952466264
92,1143,64,23.12709229707403,112.56652857326516
92,1143,65,23.12710876706047,112.5663411161998
92,1143,66,23.127047261852088,112.56622651394709
92,1143,67,23.12694744142386,112.56643087538905
92,1143,68,23.12689403037573,112.56656191951964
92,1143,69,23.126751178548897,112.56652369861312
92,1143,70,23.12661296398773,112.5664434893036
92,1143,71,23.12660760524004,112.56618449427548
92,1143,72,23.12611535093472,112.5662744149409
92,1143,73,23.125987521903028,112.56637233517785
92,1143,74,23.125721762635504,112.56597096882552
92,1143,75,23.126137563269936,112.56547359774753
93,737,0,23.23598851705681,112.81523150230277
93,737,1,23.2301859824293,112.81334301076164
93,737,2,23.229890162079187,112.81319878668118
93,737,3,23.22980946377277,112.81363408713064
93,737,4,23.22969545793896,112.8137294341054
93,737,5,23.229443007311545,112.8137532435779
93,737,6,23.229170697008158,112.81369615854813
93,737,7,23.22917409324516,112.8138418986732
93,737,8,23.2289786049508,112.81380283132016
93,737,9,23.228807753749475,112.81373600085064
93,737,10,23.22879129566712,112.81362661168812
93,737,11,23.228665008362576,112.81365635402996
93,737,12,23.22865312933869,112.81378007751576
93,737,13,23.22847869576345,112.81363294806252
93,737,14,23.228778447585917,112.81353036790225
93,737,15,23.228875836774318,112.813502022157
93,737,16,23.22879996021603,112.8133121531143
93,737,17,23.22860590035122,112.8130497503268
93,737,18,23.22853725839875,112.81296697525596
93,737,19,23.228418139473828,112.81290476339126
93,737,20,23.228287233393456,112.81286273887685
93,737,21,23.22807149476404,112.81303979724372
93,737,22,23.227945566984616,112.81264961997286
93,737,23,23.22775102062904,112.81258056267512
93,737,24,23.22851536915396,112.8127506203357
93,737,25,23.227133353627803,112.81186506008495
93,238,0,23.24496679475472,112.81624769427968
93,238,1,23.245945982317323,112.81621722005562
93,238,2,23.246119760249453,112.81625027278947
93,238,3,23.24629057173696,112.81625794991504
93,238,4,23.246365965900868,112.81614458242352
93,238,5,23.246323596446857,112.8164972610252
93,238,6,23.2461903013114,112.81659911949986
93,238,7,23.24611214469563,112.8165245745338
93,238,8,23.24607236525722,112.81639122073432
93,238,9,23.246362373949125,112.8168945016546
93,238,10,23.246307863663848,112.81702977592104
93,238,11,23.2462333302301,112.81723735350934
93,238,12,23.24624943858042,112.817358542307
93,238,13,23.246453426512684,112.81739053896057
93,238,14,23.246603391055764,112.81732893077942
93,238,15,23.24651252464402,112.81726531759176
93,238,16,23.24659329991326,112.81700108841903
93,238,17,23.246851811382804,112.81717817905458
93,238,18,23.24645285581598,112.81752695881588
93,238,19,23.246094261315317,112.81742069935142
93,238,20,23.245934626130182,112.81764867400112
93,238,21,23.24672588170218,112.8178086855564
93,238,22,23.246914663216234,112.81812926824595
93,238,23,23.24702287070194,112.81818444844558
93,238,24,23.247164637423108,112.81827444332632
93,238,25,23.247548362920952,112.81795677735523
94,171,0,23.42464005092579,111.16631665864338
96,945,0,23.05227488136434,113.3181274007235
96,945,1,23.05237651825426,113.31714860079973
96,945,2,23.05218383280188,113.3165381467959
96,945,3,23.05220069067904,113.31625777959393
96,945,4,23.05215902548392,113.31610317508954
96,945,5,23.052163296856214,113.3159962149058
96,945,6,23.052246908681617,113.31593454796136
96,945,7,23.05232355192378,113.31584401552628
96,945,8,23.052308178744436,113.31572362680885
96,945,9,23.05219708632228,113.31575555694036
96,945,10,23.052074376889284,113.31564011367556
96,945,11,23.05207891035764,113.3155014346092
96,945,12,23.052164473380888,113.31542969233838
96,945,13,23.05210892510341,113.31534067131857
96,945,14,23.05197946619349,113.3154006928858
96,945,15,23.05201572129037,113.31550363191168
96,945,16,23.05215687272749,113.31559667134776
96,945,17,23.05223794222438,113.31548891308805
96,945,18,23.052363501323267,113.31549143293007
96,945,19,23.05245535526828,113.31561268499716
96,945,20,23.05242970711092,113.3157537140436
96,945,21,23.05242989649308,113.31589833326636
96,945,22,23.052155936919277,113.31585521512308
96,945,23,23.052019190563534,113.31576683867353
96,945,24,23.051833993230712,113.31569040370046
96,945,25,23.05186253191911,113.31558268257528
96,945,26,23.05169569754318,113.31534530180568
96,945,27,23.051446603565225,113.31547247186036
96,945,28,23.051953980788934,113.31504569138124
96,945,29,23.052224661170904,113.31526042861437
96,945,30,23.05226417756359,113.31535435073968
96,945,31,23.052377893800195,113.3153060244806
96,945,32,23.052459978139986,113.31519403601142
96,945,33,23.052604976448045,113.31520271709496
96,945,34,23.05260441295737,113.31510014243553
96,945,35,23.05251452716397,113.31500990002536
96,945,36,23.052532647251493,113.31483665949338
96,945,37,23.05263405226052,113.3147601485047
96,945,38,23.052746297121253,113.3147177284988
96,945,39,23.052798459514477,113.31462585735774
96,945,40,23.052912867474333,113.3146516492879
96,945,41,23.053017288450583,113.31473107002188
96,945,42,23.052859614465454,113.31481186828591
96,945,43,23.052684427880177,113.31487649844806
96,945,44,23.052735089986577,113.31503219514256
96,945,45,23.05285391146412,113.31502040350976
96,945,46,23.05294078684912,113.31507967134624
96,945,47,23.053038766561457,113.31496348431642
96,945,48,23.05301857650957,113.31514352234974
96,945,49,23.052879649020294,113.31515187363108
96,945,50,23.052648649454515,113.31481494156458
96,945,51,23.052642589358385,113.31464265217546
96,945,52,23.05254531093137,113.314563131412
96,945,53,23.052447111767812,113.31444496136992
96,945,54,23.05240500481912,113.31460253615118
96,945,55,23.052512353209167,113.3146647922914
96,945,56,23.052409864165284,113.31484868044882
96,945,57,23.05228574697409,113.31492935175608
96,945,58,23.05221555771205,113.3147891264866
96,945,59,23.05231872833812,113.3151387959352
96,945,60,23.052530437379467,113.31540709190452
96,945,61,23.05255978093968,113.31560266571536
96,945,62,23.052685636298936,113.31563702974528
96,945,63,23.05234054040626,113.31561700440456
96,945,64,23.052624882501146,113.3162327278336
96,945,65,23.05183652851082,113.3161084266024
96,945,66,23.052649333822067,113.3145348620758
96,945,67,23.052887125545965,113.31444998350162
96,945,68,23.052983546960068,113.31437540722013
96,945,69,23.053257218387667,113.31466936958942
96,945,70,23.05338015417611,113.31474124048654
96,945,71,23.05350458766597,113.31484910197538
96,945,72,23.05261087364708,113.3142876015588
96,945,73,23.05254005461822,113.31419868922842
96,945,74,23.052701103400977,113.31405665642524
96,945,75,23.05252493355617,113.3139349910652
96,945,76,23.05241144349964,113.31388053934896
96,945,77,23.05230659790139,113.3141279741982
96,945,78,23.05210234098596,113.31428795344128
96,945,79,23.0529549385403,113.31373322857964
96,945,80,23.05292024338847,113.31340663575637
96,945,81,23.05302785851709,113.31338771983312
96,945,82,23.052492045749037,113.31314413442102
96,945,83,23.051484610939063,113.31327175789608
96,945,84,23.05113231397167,113.31781156164188
96,639,0,23.05277383581632,113.31997404166984
96,639,1,23.052891943701752,113.32020139141508
96,639,2,23.052937333452235,113.3203204393745
96,639,3,23.0529162330953,113.32048303684611
96,639,4,23.052792689001723,113.32055045905894
96,639,5,23.052748153448256,113.3206544734895
96,639,6,23.05280383249155,113.320766282182
96,639,7,23.05292800221684,113.32077929108404
96,639,8,23.05304821719579,113.3208107513514
96,639,9,23.053099593586552,113.32091348747784
96,639,10,23.053232172736163,113.32094154622185
96,639,11,23.05332240710785,113.3210009201074
96,639,12,23.05321759292743,113.32099954608915
96,639,13,23.05311570522054,113.32105821370412
96,639,14,23.053019436321215,113.32108662829636
96,639,15,23.052998697601947,113.3209835279266
96,639,16,23.05295954519411,113.32107700029395
96,639,17,23.05300302054552,113.3211982552284
96,639,18,23.053093556096982,113.32125760664148
96,639,19,23.05318412792672,113.32113860822376
96,639,20,23.05308779463577,113.32098685150834
96,639,21,23.052941228699144,113.32092539631306
96,639,22,23.052793619795064,113.32085560947496
96,639,23,23.05264898924585,113.32082614740918
96,639,24,23.052677788919848,113.32101065955128
96,639,25,23.052700632831144,113.321123288285
96,639,26,23.05253014231317,113.32112461306458
96,639,27,23.05240579616968,113.32132265072003
96,639,28,23.052352481624343,113.32142067745782
96,639,29,23.052492732954992,113.32145257110894
96,639,30,23.052369190701928,113.32149372998286
96,639,31,23.05229087743844,113.32155698041962
96,639,32,23.052196910160426,113.32159350009404
96,639,33,23.052062819746645,113.32166948807702
96,639,34,23.0521704309326,113.32174620690628
96,639,35,23.05222220967351,113.32188018026896
96,639,36,23.05233395650253,113.32201146498694
96,639,37,23.05247579798148,113.32191591403117
96,639,38,23.052406741114154,113.32182566919283
96,639,39,23.052320369512685,113.3217462384889
96,639,40,23.052414694262232,113.32168782311156
96,639,41,23.052547172924648,113.32187884618088
96,639,42,23.05276080431448,113.32165831397651
96,639,43,23.052647573118783,113.32153555587158
96,639,44,23.052789733810364,113.32149315598616
96,639,45,23.052632975391845,113.32135296253072
96,639,46,23.052288645030423,113.32134759309253
96,639,47,23.052172943707195,113.32134291943387
96,639,48,23.05207158124289,113.32138156541978
96,639,49,23.052045951243084,113.32180082041558
96,639,50,23.052070977306315,113.3219282835746
96,639,51,23.052120008807435,113.32207779333564
96,639,52,23.05213187403428,113.32222924498816
96,639,53,23.05226798205761,113.3221763793186
96,639,54,23.052203748567557,113.32208564334044
96,639,55,23.052833499761483,113.32107203120324
96,639,56,23.05297099599821,113.3207085653048
96,639,57,23.052952373896733,113.32060260118024
96,639,58,23.05307303211828,113.32067289832877
96,639,59,23.05319533982589,113.32080987947955
96,639,60,23.0532445156775,113.32065024726003
96,639,61,23.05313885309258,113.32050614552212
96,639,62,23.05304635747263,113.32046097165674
96,639,63,23.05317574935572,113.32039485813628
96,639,64,23.05313501815054,113.3202031332459
96,639,65,23.053048129578663,113.32009268801714
96,639,66,23.05274750568126,113.32034055448032
96,639,67,23.05239866508492,113.32062599484134
97,1104,0,23.046225513098747,113.338976700445
97,1104,1,23.04634903716608,113.33864165727378
97,1104,2,23.04641625635287,113.33846594257714
97,1104,3,23.046770949511952,113.33812590374085
97,1104,4,23.046892257987643,113.33801878582396
97,1104,5,23.0470036971787,113.3381159487372
97,1104,6,23.04710589579445,113.3381547603103
97,1104,7,23.047276683882828,113.33806057525318
97,1104,8,23.047309460726236,113.33793373431148
97,1104,9,23.047426586339988,113.33797575555592
97,1104,10,23.047418615436094,113.3381080253424
97,1104,11,23.04763251526545,113.3380465688536
97,1104,12,23.0475840206166,113.33792364137432
97,1104,13,23.04753956186364,113.3378258213458
97,1104,14,23.0474141690587,113.33774356021684
97,1104,15,23.047335938954816,113.33764151754504
97,1104,16,23.04756284161383,113.33772139925216
97,1104,17,23.04763214124142,113.33764307523504
97,1104,18,23.047707414058426,113.33752218025168
97,1104,19,23.04782470648406,113.33751264960658
97,1104,20,23.047848564747905,113.33740354688656
97,1104,21,23.047953235288286,113.33744648631634
97,1104,22,23.047973457662387,113.33759719789232
97,1104,23,23.04809195783496,113.3375579768666
97,1104,24,23.04806969619265,113.33742734196868
97,1104,25,23.048065866494976,113.33731389452306
97,1104,26,23.048172724030668,113.33723443521488
97,1104,27,23.048159967162004,113.33710412790876
97,1104,28,23.048016872205825,113.3371504445098
97,1104,29,23.04792055477282,113.33725249821708
97,1104,30,23.04795305187477,113.33737658858504
97,1104,31,23.04779576605909,113.33743242142144
97,1104,32,23.047796477315263,113.33756278070346
97,1104,33,23.04791132189912,113.337605511665
97,1104,34,23.047758234289336,113.33772628994828
97,1104,35,23.047564239064823,113.33757256524116
97,1104,36,23.047499254983165,113.3374515993454
97,1104,37,23.04735191160326,113.33746847398965
97,1104,38,23.047136229677644,113.33748311865114
97,1104,39,23.047101377649717,113.3375828814538
97,1104,40,23.0470027637903,113.33749522252268
97,1104,41,23.04702117175875,113.33739256408722
97,1104,42,23.04707456925773,113.33725391650265
97,1104,43,23.047316571040955,113.33694308389592
97,1104,44,23.04752423919467,113.3369353782181
97,1104,45,23.04753915906402,113.33680823891144
97,1104,46,23.047817723822888,113.3368184738532
97,1104,47,23.04791320297864,113.33670414625703
97,1104,48,23.04801549340138,113.33677095543624
97,1104,49,23.048052883659736,113.33689082301876
97,1104,50,23.04800864693781,113.33703354019843
97,1104,51,23.04791137707078,113.33707251880048
97,1104,52,23.047708227502145,113.33719162346765
97,1104,53,23.047612238472126,113.33731483639242
97,1104,54,23.047675544492943,113.33747631591191
97,1104,55,23.047308819332734,113.3377703508567
97,1104,56,23.047246081790774,113.33791361487631
97,1104,57,23.04716910741212,113.3378448815134
97,1104,58,23.04695110577082,113.33787133580708
97,1104,59,23.046774154572876,113.33771888127863
97,1104,60,23.04685079070572,113.33820302877696
97,1104,61,23.04721387986737,113.33839492115308
97,1104,62,23.047334450327007,113.33835738415772
97,1104,63,23.047258570342013,113.3385451925689
97,1104,64,23.04774288336558,113.33816611661918
97,1104,65,23.048186469662888,113.33762498270252
97,1104,66,23.048338631128583,113.33754836555016
97,1104,67,23.04817000882292,113.33738544173497
97,1104,68,23.048253634535342,113.33730912476472
97,1104,69,23.048239605977944,113.33712788719896
97,1104,70,23.04825616838652,113.33697578920852
97,1104,71,23.048438644328108,113.33698486864104
97,1104,72,23.048508153576066,113.33718368397012
97,1104,73,23.048331973796536,113.33677662247028
97,1104,74,23.04810000000776,113.3367230666633
97,1104,75,23.04819496739784,113.33648346524453
97,1104,76,23.04806581975296,113.33640795508693
97,1104,77,23.04817453111881,113.33628091871437
97,1104,78,23.04830472921273,113.33630949756969
97,1104,79,23.048458226637337,113.33662580705118
97,1104,80,23.048595875315755,113.33665485718984
97,1104,81,23.04779384419512,113.3365307454656
97,1104,82,23.046638618816093,113.3371080377274
97,1104,83,23.046155595753365,113.33775705414072
97,1104,84,23.04518903943904,113.33841541378666
97,1104,85,23.045473998033025,113.33905183638446
97,1104,86,23.04582992632907,113.3390031915322
97,1104,87,23.048197638693555,113.34002070611702
97,1104,88,23.049690451542304,113.33787856329442
97,1104,89,23.04841920212416,113.33533054344136
97,1104,90,23.048462328468,113.33487917688224
97,610,0,23.04390298446937,113.34285245528838
97,610,1,23.04353127095933,113.34288565042392
97,610,2,23.04420615420556,113.34323784051652
97,610,3,23.04293448922868,113.34237227773154
97,1175,0,23.048200126416525,113.34062917829024
97,1175,1,23.046118705427787,113.33818134518434
97,1175,2,23.04857673299903,113.33282113214878
98,132,0,23.0161426554632,113.25123203623708
98,132,1,23.015780721055197,113.25073877395172
98,132,2,23.01554388200461,113.25055843308192
98,132,3,23.01545018114998,113.25075196573286
98,132,4,23.015357625716863,113.25030555952318
98,132,5,23.015343361230904,113.25014055201252
98,132,6,23.01521853875426,113.25017379985148
98,132,7,23.015140887731228,113.24983347615525
98,132,8,23.015279540836094,113.24967540876716
98,132,9,23.0154567657132,113.24973900407385
98,132,10,23.01577463446816,113.24935088873268
98,364,0,23.03677198221694,113.25569856266382
98,364,1,23.036988380330456,113.25563112789064
98,364,2,23.037044248162253,113.25545812695076
98,364,3,23.03719436722709,113.25553687813742
98,364,4,23.03733090144074,113.2555319452481
98,364,5,23.03744455381843,113.25562116650184
98,364,6,23.03734261812272,113.25578343045174
98,364,7,23.037280139484498,113.25587129272148
98,364,8,23.037194666746757,113.25570692142688
98,364,9,23.037258501715723,113.25539340089924
98,364,10,23.037449981649363,113.25530662166544
98,364,11,23.037435334839746,113.25517727196149
98,364,12,23.037357281007413,113.2551107785651
98,364,13,23.037369310922315,113.25495531418642
98,364,14,23.03726566543122,113.2546673991436
98,364,15,23.037663411395865,113.25485096875276
98,364,16,23.037618892368897,113.2551560801569
98,364,17,23.037542106467946,113.25543919891912
99,102,0,23.087788755349703,113.5538718245902
99,102,1,23.084034286573388,113.55636498764616
99,102,2,23.085468732904403,113.5585827367152
99,102,3,23.0855782108505,113.5587655466687
99,102,4,23.085517971339105,113.55898065729512
99,102,5,23.08535933811159,113.55927519669731
99,102,6,23.08547811499036,113.55934957937488
99,102,7,23.08535104642374,113.55950078030097
99,102,8,23.08551895265417,113.55955991864349
99,102,9,23.085481017711064,113.55976947371346
99,102,10,23.085597952849,113.55981292400055
99,102,11,23.08565992927017,113.55972728289166
99,102,12,23.085697725793462,113.5598206554925
99,102,13,23.085813459067374,113.55988984816555
99,102,14,23.08593455359285,113.55985499319186
99,102,15,23.085795355909006,113.55998323200888
99,102,16,23.08571989050358,113.56009453517264
99,102,17,23.085545060061417,113.56005806763268
99,102,18,23.085520866933127,113.55995233216308
99,102,19,23.085479720030783,113.5602028225008
99,102,20,23.08557149509731,113.5603262690399
99,102,21,23.085424385899824,113.560391879407
99,102,22,23.085217346324846,113.56018408775758
99,102,23,23.08511671960847,113.56008159563936
99,102,24,23.08520267233144,113.55990780510676
99,102,25,23.085311049048137,113.55979095705833
99,102,26,23.08534566992898,113.55968051930503
99,102,27,23.08578078339424,113.55971840588188
99,102,28,23.08660501468505,113.55963605685588
99,102,29,23.087374526441096,113.55944737066852
99,102,30,23.087589922369837,113.55889642878036
99,102,31,23.08673715220621,113.55860124862532
99,102,32,23.085129391819425,113.5602993362142
99,102,33,23.084914076489827,113.56070836063152
99,102,34,23.08561835168755,113.56091487876164
99,102,35,23.08579449149172,113.5608823811548
99,102,36,23.085761280676472,113.56109339244938
99,102,37,23.07989759838432,113.5558761323486
100,1194,0,23.06634654257736,113.48516055288408
100,1194,1,23.06644970715253,113.48516564642917
100,1194,2,23.066493846478345,113.4849889990112
100,1194,3,23.066705094231533,113.48501970652246
100,1194,4,23.066848817359624,113.48471443672624
100,1194,5,23.066927017225336,113.4845699789976
100,1194,6,23.066915457017892,113.48443181674476
100,1194,7,23.067020096857547,113.48456194178075
100,1194,8,23.067172235733903,113.48461347773498
100,1194,9,23.067327872580748,113.48466263772757
100,1194,10,23.067438760082503,113.4846771668172
100,1194,11,23.0673776511112,113.48478908276248
100,1194,12,23.06729295024707,113.4848865989663
100,1194,13,23.06740364245755,113.48495296127552
100,1194,14,23.067557175265968,113.48495687086398
100,1194,15,23.067595447300334,113.48509344255253
100,1194,16,23.067683179386517,113.48502994433822
100,1194,17,23.067456428743405,113.48507635739917
100,1194,18,23.06743312343512,113.48519229748663
100,1194,19,23.067533883649837,113.4852254924829
100,1194,20,23.067422538725516,113.48535623497818
100,1194,21,23.067278651381454,113.48539222016755
100,1194,22,23.06720766683336,113.48515715661313
100,1194,23,23.06731801253825,113.4850406702536
100,1194,24,23.067072146560204,113.485022510285
100,1194,25,23.06706407340449,113.48489912970518
100,1194,26,23.067119823059866,113.48480669931642
100,1194,27,23.067005088518624,113.48484349644568
100,1194,28,23.067028089674867,113.48518323347704
100,1194,29,23.06747373331065,113.48466056431556
100,1194,30,23.067441652769315,113.48448647687547
100,1194,31,23.06753116214809,113.48419705197908
100,1194,32,23.06754258480588,113.48404928926024
100,1194,33,23.06738612498524,113.48415155995508
100,1194,34,23.067313678523444,113.48406766708244
100,1194,35,23.067333231009968,113.48394397883884
100,1194,36,23.06721204448414,113.48386008552217
100,1194,37,23.067118202929173,113.48376004614232
100,1194,38,23.067097051571924,113.4841284322883
100,1194,39,23.06707445898241,113.48431352623264
100,1194,40,23.067121749024604,113.48448357307625
100,1194,41,23.066818160847674,113.48438192726633
100,1194,42,23.066864579738947,113.48427262112524
100,1194,43,23.06769341753625,113.48454193979924
100,1194,44,23.06780410190262,113.4843179514508
100,1194,45,23.067859312276823,113.48421058667948
100,1194,46,23.067945957179138,113.48381454946808
100,1194,47,23.068355654059165,113.4838920282238
100,1194,48,23.06831670137363,113.48299594367224
100,1194,49,23.068661088972533,113.48247598968707
100,1194,50,23.069521974716512,113.48318373757527
100,1194,51,23.067815917200548,113.48576599102717
100,165,0,23.06330598321997,113.489859677433
100,165,1,23.06200843364234,113.49068891441212
100,165,2,23.06234876203613,113.49119457368418
100,165,3,23.06194735815524,113.49150826382096
100,165,4,23.061954196961825,113.49162921078194
100,165,5,23.06179471866107,113.49199999787128
100,165,6,23.06189812440032,113.4920296003455
100,165,7,23.062021173932777,113.49209422416158
100,165,8,23.062119142683223,113.49219734061694
100,165,9,23.06213942801984,113.492297499318
100,165,10,23.062123162730597,113.49243746179138
100,165,11,23.06194892321593,113.49247035442336
100,165,12,23.061863618180958,113.49238795373182
100,165,13,23.061771772504724,113.49244761274484
100,165,14,23.06164377867889,113.49238925799452
100,165,15,23.06152872293436,113.49221439617595
100,165,16,23.06161658828874,113.49195551220218
100,165,17,23.061407399717584,113.49179809300742
100,165,18,23.061001649526283,113.49182666210032
100,165,19,23.06091632196932,113.49157212099962
100,165,20,23.061113538356828,113.49124119325997
100,165,21,23.061398942890317,113.4913253683922
100,165,22,23.0608199963382,113.49203182114736
100,165,23,23.06066498348094,113.49203952003032
100,165,24,23.06056150998308,113.49209525783394
100,165,25,23.0604632484046,113.4920517776604
100,165,26,23.060371639119914,113.49209974271442
100,165,27,23.06023123552808,113.492036051285
100,165,28,23.06025177020274,113.49190000380602
100,165,29,23.06014935642365,113.49190725678652
100,165,30,23.060032170775223,113.49183795216646
100,165,31,23.060081576628864,113.49160743238026
100,165,32,23.05990622834228,113.49146167737574
100,165,33,23.060060499651687,113.4913208705258
100,165,34,23.06028587977631,113.49152821038903
100,165,35,23.06036386718432,113.49178488925834
100,165,36,23.060537858279623,113.49180413633744
100,165,37,23.06075856979269,113.49212651033729
100,165,38,23.0608913749292,113.49218827643692
100,165,39,23.06090009125589,113.49238009198189
100,165,40,23.061036330380087,113.49242628312268
100,165,41,23.061107946943885,113.49231760968662
100,165,42,23.061185564767754,113.49252659738303
100,165,43,23.061487184689213,113.49257321357943
100,165,44,23.061565801324555,113.49250495056148
100,165,45,23.0617921177837,113.4926297077958
100,165,46,23.061835969678512,113.49253550185136
100,165,47,23.061928356837928,113.49263222352944
100,165,48,23.06208903649648,113.49261304432488
100,165,49,23.06203192272405,113.49276611154878
100,165,50,23.062080128342235,113.49299661991702
100,165,51,23.062163737681946,113.4930683741694
100,165,52,23.062272983513846,113.49288815178215
100,165,53,23.062416167673888,113.49286462886616
100,165,54,23.062529596656564,113.49301932409112
100,165,55,23.06269900183459,113.4929401436814
100,165,56,23.062801807639797,113.49276659044884
100,165,57,23.06258234877353,113.49270797654192
100,165,58,23.062753149113544,113.49252779697132
100,165,59,23.062719756653177,113.49210172385132
100,165,60,23.0627843677877,113.49190543297834
100,165,61,23.06251031860701,113.49168129660592
100,165,62,23.062281793919524,113.49210611552373
100,165,63,23.06232600510617,113.49221462798718
100,165,64,23.06234420028873,113.49236389762645
100,165,65,23.06218018446568,113.49207220702682
100,165,66,23.062983462580316,113.49149680849256
100,165,67,23.06280012180777,113.49324573338984
100,165,68,23.062689520907544,113.49330798440567
100,165,69,23.06253301326966,113.49321858954644
100,165,70,23.06248440244817,113.4933123972489
100,165,71,23.06297702487316,113.49333153790305
100,165,72,23.06313461723949,113.49368195223626
100,165,73,23.06342377705348,113.4940931766521
100,165,74,23.06186552702325,113.49354142438264
100,165,75,23.061583555901404,113.49306990735433
100,165,76,23.06157462956278,113.4928761294982
100,165,77,23.0612911408838,113.49302547038208
100,165,78,23.060928976938367,113.49311353925108
100,165,79,23.06090254901763,113.49277493884068
100,165,80,23.060703406841316,113.4927862813108
100,165,81,23.06062555466745,113.49259117323032
100,165,82,23.06050714347856,113.492503553525
100,165,83,23.060595537416823,113.49241869795536
100,165,84,23.060537695004847,113.492321559721
100,165,85,23.060622062451912,113.49225007437272
100,165,86,23.06078201860882,113.49249277786318
100,165,87,23.060492584743304,113.4927624087971
100,165,88,23.060333781100603,113.49237379024764
100,165,89,23.060144205514835,113.49240525476776
100,165,90,23.060196880919637,113.492234115147
100,165,91,23.059857886938826,113.4923076668226
100,165,92,23.059969495698372,113.4925258261306
100,165,93,23.05991777988077,113.49295696217573
100,165,94,23.059360249371174,113.49334055863947
100,165,95,23.05926800643095,113.49356541097367
100,165,96,23.058965079450427,113.49274445249704
100,165,97,23.059576430978925,113.49226691224442
100,165,98,23.05950156479998,113.49211397637217
100,165,99,23.059515700332057,113.49160652703756
100,165,100,23.059596793624262,113.4913023018116
100,165,101,23.06003404992821,113.49098401795204
100,165,102,23.057870546743167,113.49263186169846
100,165,103,23.061166155511145,113.49354919202608
100,165,104,23.06156696692111,113.48700476136064
100,1121,0,23.06436112815352,113.48669632370704
100,1121,1,23.06473578514445,113.48537706780772
100,1121,2,23.06489114011709,113.48526633527668
100,1121,3,23.06483037521701,113.48513161057996
100,1121,4,23.065002543335936,113.4848942679203
100,1121,5,23.065112342915118,113.48483320837887
100,1121,6,23.0651703668666,113.484964317005
100,1121,7,23.065338556422475,113.48510361469926
100,1121,8,23.06550588992438,113.48506016243022
100,1121,9,23.06551585067293,113.48495812837608
100,1121,10,23.06559288320296,113.48474334555866
100,1121,11,23.065554520971,113.48463916446076
100,1121,12,23.06537229635774,113.48469922753074
100,1121,13,23.06529953352949,113.48456866830894
100,1121,14,23.065195300569773,113.48447669682524
100,1121,15,23.06512205040137,113.4846218166908
100,1121,16,23.064908509562784,113.484545919169
100,1121,17,23.0647886756806,113.48478323990888
100,1121,18,23.064458012206654,113.48510700548005
100,1121,19,23.0642731887969,113.48499195271371
100,1121,20,23.06367316630924,113.4845068266308
100,1121,21,23.064821654648505,113.48411066368892
100,1121,22,23.06571918039697,113.48414074784158
100,1121,23,23.065994997917,113.4842472269182
100,1121,24,23.066103156952877,113.48415792437622
100,1121,25,23.06606972056776,113.48402262984966
100,1121,26,23.066407950682976,113.483982770391
100,1121,27,23.06650444619604,113.4842000238102
100,1121,28,23.066509281742064,113.48443839985254
100,1121,29,23.06664982059108,113.4844939202075
100,1121,30,23.066504140584527,113.48469671887108
100,1121,31,23.06631200121344,113.48463303179246
100,1121,32,23.066169064447894,113.48472881403131
100,1121,33,23.066211504228303,113.48495657673224
100,1121,34,23.066145944163285,113.48508732863444
100,1121,35,23.06600882750872,113.48511389065428
100,1121,36,23.065903201579708,113.48501828223355
100,1121,37,23.065897695879556,113.48513731557284
100,1121,38,23.065704573043416,113.48495935457436
100,1121,39,23.06571087729948,113.4847564707444
100,1121,40,23.065811452120865,113.48475697056148
100,1121,41,23.065919824518037,113.48476768000474
100,1121,42,23.066027775531715,113.48473423013311
100,1121,43,23.06612076389847,113.48460571472592
100,1121,44,23.06589985951855,113.48463633629385
100,1121,45,23.065785359519086,113.48464097983808
100,1121,46,23.06558451999124,113.48513702145314
100,1121,47,23.06550988299884,113.48524301377604
100,1121,48,23.065265043548266,113.48529577364354
100,1121,49,23.065560435291225,113.48556123624252
100,1121,50,23.0661512297736,113.48531831635148
100,1121,51,23.066523381570143,113.48491068564437
100,1121,52,23.0668398743117,113.48419884276814
100,1121,53,23.06679921957356,113.48409611114413
100,1121,54,23.06679897511274,113.48386672242265
100,793,0,23.070308439676797,113.49073753631332
100,793,1,23.070656336597136,113.49091315394377
100,793,2,23.07082172707882,113.49104438967748
100,793,3,23.070983411528097,113.49096070570695
100,793,4,23.071220819867417,113.49126195374792
100,793,5,23.07073911566402,113.49063601896754
100,793,6,23.07084697022599,113.49015204261865
101,854,0,23.01614202649249,113.03077163047276
101,854,1,23.018517755620145,113.03003898752468
101,854,2,23.01973554942333,113.03107139568142
101,854,3,23.02031632408429,113.03077349929308
101,854,4,23.02044113061967,113.03083502647908
101,854,5,23.020481793324468,113.03056247497258
101,854,6,23.020688806020168,113.03046628464064
101,854,7,23.02065374764003,113.03024150508249
101,854,8,23.020799267364133,113.030121899762
101,854,9,23.020898332291807,113.03015341331935
101,854,10,23.020970636824355,113.03027793712675
101,854,11,23.021051347198277,113.0301122087489
101,854,12,23.02107302195216,113.03001017882808
101,854,13,23.02113369227176,113.02990330080692
101,854,14,23.0212604275199,113.02991122102362
101,854,15,23.021401974305743,113.02991830332456
101,854,16,23.021334083500022,113.02981258548084
101,854,17,23.02123910997878,113.02977194460438
101,854,18,23.02136164841453,113.0297545924102
101,854,19,23.02145890172086,113.02973130133796
101,854,20,23.02153716577525,113.02964898557194
101,854,21,23.021588264680528,113.02955526041008
101,854,22,23.021733955222043,113.02949130753127
101,854,23,23.02166603526275,113.02959606321218
101,854,24,23.02162738827316,113.02970162204332
101,854,25,23.02149723661236,113.02961970055723
101,854,26,23.021393135134087,113.02956301914917
101,854,27,23.02152629838883,113.02951538947734
101,854,28,23.021575453514785,113.02942581088406
101,854,29,23.02166706387627,113.02936337663462
101,854,30,23.0218529205466,113.02935370342608
101,854,31,23.02188467502174,113.02950559731538
101,854,32,23.021827308584463,113.02959952881402
101,854,33,23.021911215292864,113.02968536405176
101,854,34,23.02200335097301,113.0296148447161
101,854,35,23.022052660942013,113.02952043088824
101,854,36,23.02216009582165,113.02955610227892
101,854,37,23.022182266401835,113.02943618052784
101,854,38,23.022078121345093,113.02945456300588
101,854,39,23.02198454131261,113.02956031388584
101,854,40,23.021998640956475,113.02971581801832
101,854,41,23.02212508371271,113.0296342230124
101,854,42,23.022289891246057,113.0294975214708
101,854,43,23.02232981070605,113.02939672901051
101,854,44,23.02224320105124,113.02933599490922
101,854,45,23.022389132151886,113.02935140574355
101,854,46,23.02246105512396,113.02925896058716
101,854,47,23.022376389096653,113.02918870442105
101,854,48,23.02257128559292,113.02907868638152
101,854,49,23.022595459353987,113.02918291810003
101,854,50,23.022717521429424,113.029177037641
101,854,51,23.022661906421977,113.02904025963834
101,854,52,23.02271386020395,113.02894615312594
101,854,53,23.02281332581372,113.02883817554574
101,854,54,23.022947354947384,113.02881421546248
101,854,55,23.02302093908835,113.02891827116603
101,854,56,23.023063421699685,113.02904649965006
101,854,57,23.023160684658887,113.02908325238516
101,854,58,23.023317434536683,113.0287685102264
101,854,59,23.023542578997883,113.02875110007436
101,854,60,23.02359288637897,113.02860496694969
101,854,61,23.022676414996493,113.02878257350574
101,854,62,23.02262291175855,113.02926702951405
101,854,63,23.022394995761985,113.02945112699544
101,854,64,23.02270694354509,113.0296432349912
101,854,65,23.02193956947634,113.0297480089213
101,854,66,23.02183873464682,113.0297143602792
101,854,67,23.021452697992583,113.02967182860677
101,854,68,23.0214214452255,113.029811093316
101,854,69,23.02120760157938,113.02998208421532
101,854,70,23.02128168773889,113.03012563714104
101,854,71,23.02101627743023,113.02990758318342
101,854,72,23.020944552060826,113.02918205502176
101,854,73,23.02106638867249,113.0291132965331
101,854,74,23.021894962412265,113.0292908552496
101,854,75,23.02223527291829,113.029016285263
101,854,76,23.02284792193923,113.0273903596854
101,854,77,23.022021978103066,113.02687155430668
101,854,78,23.020718617790283,113.02691688629962
101,854,79,23.022939302134684,113.02534500359192
101,854,80,23.023910601469588,113.02712022110894
101,854,81,23.02248380041245,113.02326473746405
101,854,82,23.019415937520574,113.0327764315995
101,436,0,23.01619024092232,113.0254377956356
101,436,1,23.025343272744458,113.01434017323432
102,1206,0,23.08769550819672,113.57052408054498
102,1206,1,23.088831426261688,113.57082123530928
102,1206,2,23.089225174435192,113.57059172378904
102,1206,3,23.08963998564209,113.5712357312078
102,1206,4,23.08978910302868,113.57196600925975
102,1206,5,23.0898338448592,113.57208859895728
102,1206,6,23.089529167954694,113.57220531866228
102,1206,7,23.08916696820549,113.57235527315125
102,1206,8,23.088987041307043,113.5724679343069
102,1206,9,23.088783046215177,113.5720357949092
102,1206,10,23.088420122814725,113.57198963070717
102,1206,11,23.088209307724284,113.57209093475382
102,1206,12,23.08808609172484,113.57225100202936
102,1206,13,23.08801911295198,113.57232771902588
102,1206,14,23.08784363930709,113.57232904191584
102,1206,15,23.08773720277371,113.57229191868196
102,1206,16,23.0879450092343,113.57251709006322
102,1206,17,23.0878958744391,113.57268787890118
102,1206,18,23.08798957875772,113.57274382490736
102,1206,19,23.087950358901733,113.57283812426722
102,1206,20,23.08795872899156,113.5730243982524
102,1206,21,23.08807392445897,113.57304624525872
102,1206,22,23.0881606191746,113.57291630558151
102,1206,23,23.088243228593157,113.5727522319463
102,1206,24,23.088364899728564,113.57273182862204
102,1206,25,23.088304440139204,113.57259157240868
102,1206,26,23.08844441422543,113.57252460360635
102,1206,27,23.088167196762143,113.57260102308288
102,1206,28,23.088136004677736,113.57271708966783
102,1206,29,23.088418891166192,113.57298799400516
102,1206,30,23.088360448370803,113.57310225781524
102,1206,31,23.08831675492383,113.5732238064818
102,1206,32,23.08853678170072,113.57329436705288
102,1206,33,23.08866412928924,113.57326839725694
102,1206,34,23.08857841055452,113.5731568538962
102,1206,35,23.088574341488435,113.57303165318478
102,1206,36,23.08868256771389,113.5730725996093
102,1206,37,23.088654928718707,113.57353780089558
102,1206,38,23.08827273849952,113.5735295077806
102,1206,39,23.088072059346786,113.57382109318904
102,1206,40,23.087895863109893,113.5736447305374
102,1206,41,23.087464284405627,113.57361402457174
102,1206,42,23.08732263720448,113.57348741051796
102,1206,43,23.08782435407901,113.57313523881548
102,1206,44,23.08810149611056,113.57319959905186
102,1206,45,23.087581306851256,113.57255670322807
102,1206,46,23.08854292798913,113.57394086318008
102,1206,47,23.089479847140375,113.573217248922
102,1206,48,23.09022917731388,113.57367319353143
102,1206,49,23.09124283040363,113.57392817644708
102,415,0,23.09133324245809,113.57567389326492
103,1080,0,23.16320888651445,112.28612136011876
103,1080,1,23.16279037141305,112.28627039247752
103,1080,2,23.16265412447232,112.28583731254574
103,1080,3,23.162586503551157,112.28571541652066
103,1080,4,23.162795038213147,112.28532162109954
103,1080,5,23.16278219377937,112.28503494650444
103,1080,6,23.16276850418308,112.28489370628674
103,1080,7,23.162460523420727,112.2848905085692
103,1080,8,23.16249323987368,112.284744057326
103,1080,9,23.16225507206825,112.28458140715196
103,1080,10,23.16212736393953,112.28454915491264
103,1080,11,23.162066010351943,112.284631575884
103,1080,12,23.161991817423413,112.2847327675803
103,1080,13,23.16187545066426,112.28479963844028
103,1080,14,23.161861055669632,112.28467390691866
103,1080,15,23.161923678547083,112.2849007498022
103,1080,16,23.162018175013745,112.28493699899154
103,1080,17,23.16193464820108,112.28504309991604
103,1080,18,23.16196833840593,112.28519185370564
103,1080,19,23.161842246786744,112.28533781718248
103,1080,20,23.162123616528103,112.28534778965268
103,1080,21,23.16219280730944,112.28526720721516
103,1080,22,23.162267805462413,112.28508383321486
103,1080,23,23.16211865271473,112.28503534385872
103,1080,24,23.162192515973477,112.28490365746124
103,1080,25,23.162165620415397,112.28468016002746
103,1080,26,23.16203347315873,112.28447699670129
103,1080,27,23.16218827675971,112.28440337515026
103,1080,28,23.162266304699763,112.284200422535
103,1080,29,23.162400570388844,112.28414423894716
103,1080,30,23.16230592962915,112.28400296783602
103,1080,31,23.1621863366184,112.28404000758282
103,1080,32,23.16213647464164,112.28415344909438
103,1080,33,23.16202573635381,112.28416986789728
103,1080,34,23.161892271213425,112.28434219224276
103,1080,35,23.1614848977232,112.2843261251948
103,1080,36,23.16148889590627,112.28450495136968
103,1080,37,23.1615638556669,112.28467872932076
103,1080,38,23.16141234673195,112.2849153849912
103,1080,39,23.16131615299113,112.2850777932498
103,1080,40,23.161007918311284,112.2851327105054
103,1080,41,23.160878291870933,112.28527678752384
103,1080,42,23.16072171058458,112.28547679016437
103,1080,43,23.16077683771743,112.2857393847699
103,1080,44,23.161032207508114,112.28559614369382
103,1080,45,23.161163721820703,112.285728924748
103,1080,46,23.161125311054327,112.28599230725762
103,1080,47,23.16102464590894,112.28601498698347
103,1080,48,23.16108697336991,112.28612000450782
103,1080,49,23.16109565948104,112.2863246898513
103,1080,50,23.161271017725685,112.2863149941799
103,1080,51,23.161341980900517,112.28638551162828
103,1080,52,23.16143146569392,112.28631863022184
103,1080,53,23.16142641962166,112.2862013239847
103,1080,54,23.161318414897416,112.2861773089892
103,1080,55,23.16132703506288,112.28607507174203
103,1080,56,23.16144998287573,112.28606493771451
103,1080,57,23.161543514800147,112.28590294673948
103,1080,58,23.161580117819422,112.28580874892664
103,1080,59,23.16150748560021,112.28570554673678
103,1080,60,23.16141164723656,112.28587913221776
103,1080,61,23.16162801860389,112.28574407657382
103,1080,62,23.16137138310594,112.2855660801294
103,1080,63,23.161515959637168,112.28542185435334
103,1080,64,23.16157262632986,112.28623631666404
103,1080,65,23.16149035222302,112.28656037354229
103,1080,66,23.161339313082987,112.28656977669186
103,1080,67,23.161197787063568,112.28652434422698
103,1080,68,23.16072606968729,112.28605018344028
103,1080,69,23.159467309816737,112.2857552846243
103,1080,70,23.159111685192237,112.2858380676044
103,1080,71,23.16144206496801,112.28384044197468
103,1080,72,23.161676614464035,112.2833004242006
103,1080,73,23.1614984908778,112.2832225529511
103,1080,74,23.161302713277543,112.2830783960007
103,1080,75,23.16150734617647,112.28264373538693
103,1080,76,23.16204618636344,112.28291851397482
103,1080,77,23.16212328407975,112.28260182891202
103,1080,78,23.162100163550814,112.28385556109926
103,1080,79,23.16264502373907,112.28411452251002
103,1080,80,23.16280507024266,112.28430867077468
103,1080,81,23.16263825812499,112.28444923640224
103,1080,82,23.16251602745694,112.28440355112038
103,1080,83,23.163224130074237,112.28719966876362
105,1002,0,23.1032945446446,113.6014843115142
105,1002,1,23.10314847680396,113.6005121218156
105,1002,2,23.102608462963957,113.60031610286067
105,1002,3,23.10295650569973,113.5998887443428
105,1002,4,23.102965188886618,113.5997164555225
105,1002,5,23.1027458424167,113.59965459411065
105,1002,6,23.10281716861625,113.59951885108592
105,1002,7,23.102711200865745,113.59947747407928
105,1002,8,23.102709247258566,113.59932790447677
105,1002,9,23.102594060006396,113.5993514024298
105,1002,10,23.10247988304461,113.59933528953914
105,1002,11,23.102276788719816,113.59946467682842
105,1002,12,23.102584088604026,113.59969669447383
105,1002,13,23.102891032457347,113.59941434580044
105,1002,14,23.10299471518066,113.59939316885377
105,1002,15,23.10291439847538,113.59929829895012
105,1002,16,23.10293104632477,113.5991366978273
105,1002,17,23.102847270477728,113.59906191659296
105,1002,18,23.10289427440976,113.59897112435516
105,1002,19,23.102988166942065,113.5988589543766
105,1002,20,23.102833976994862,113.598655531849
105,1002,21,23.102776801226955,113.59853840641344
105,1002,22,23.10274426518309,113.59841837248732
105,1002,23,23.10289416915682,113.59831760453618
105,1002,24,23.102934095404358,113.59814676406756
105,1002,25,23.103080301268225,113.5980993920604
105,1002,26,23.10313812474047,113.5979888337761
105,1002,27,23.10314603094272,113.5982093253889
105,1002,28,23.103025389599928,113.59844548895845
105,1002,29,23.10272947643672,113.59810664224288
105,1002,30,23.10261043395204,113.59810134565348
105,1002,31,23.10250094333285,113.59798985589065
105,1002,32,23.10255909950413,113.59788655289964
105,1002,33,23.102688373539,113.59795610965392
105,1002,34,23.10275527822668,113.59775703761152
105,1002,35,23.102377515427243,113.59779350263224
105,1002,36,23.102443839994,113.59816172271891
105,1002,37,23.10256284919376,113.59819693803622
105,1002,38,23.102534092744435,113.5984014469732
105,1002,39,23.10258158391202,113.59855365857328
105,1002,40,23.102661325907537,113.59898915562457
105,1002,41,23.1026477876668,113.59908857977774
105,1002,42,23.10271808718422,113.5991849084061
105,1002,43,23.10210063701893,113.59852589391768
105,1002,44,23.101903944031523,113.5984070662383
105,1002,45,23.10275540302232,113.5973721016981
105,1002,46,23.10330926523697,113.59774319197302
105,1002,47,23.103544665449377,113.59850621002934
105,1002,48,23.10372612027451,113.5991828043272
105,1002,49,23.10447997609499,113.60027022727404
105,1002,50,23.10202062017287,113.59368937887808
105,1002,51,23.098080885453594,113.59694504144484
105,838,0,23.105624173819116,113.60379860470412
105,838,1,23.10584194473228,113.60401671457764
105,838,2,23.106194542483024,113.60400513914172
105,838,3,23.106315089959807,113.60396161328144
105,838,4,23.10635368856095,113.60407170949388
105,838,5,23.106419297606507,113.60414935364626
105,838,6,23.10653558331193,113.60425605001323
105,838,7,23.10658517296841,113.60415609743536
105,838,8,23.106696254466684,113.60401821321038
105,838,9,23.10645051418863,113.60386916801824
105,838,10,23.106528634144,113.60378443430407
105,838,11,23.106667490499152,113.60440217703668
105,838,12,23.106718214189343,113.60451746952802
105,838,13,23.1067589882879,113.6046319939605
105,838,14,23.106687010491267,113.60470914148792
105,838,15,23.10657785135594,113.6045628425216
105,838,16,23.10649319964848,113.60448941237432
105,838,17,23.10634305295216,113.60447534598342
105,838,18,23.106156248664902,113.6045141809706
105,838,19,23.105991974675124,113.60469167827613
105,838,20,23.105978069516176,113.6049483533746
105,838,21,23.106010706336285,113.60505145409532
105,838,22,23.106093148244582,113.60512882946388
105,838,23,23.10609684306367,113.60523041956417
105,838,24,23.106073858657165,113.60533396688965
105,838,25,23.10622951276942,113.60537109701048
105,838,26,23.106369787046056,113.60544246870148
105,838,27,23.10634402503417,113.6050801567783
105,838,28,23.10617597760303,113.60508707323883
105,838,29,23.106174237820817,113.60494937579512
105,838,30,23.106362447087136,113.60490768842745
105,838,31,23.106528746662423,113.60473805056246
105,838,32,23.106836550208044,113.6044077033028
105,838,33,23.10718062419366,113.60437763000937
105,838,34,23.107506883280955,113.60413105745768
105,838,35,23.107875977993228,113.60444013004424
105,838,36,23.10718037791749,113.60535765056208
105,838,37,23.107131488784784,113.60564225266876
105,838,38,23.10597358057592,113.60515038699585
105,838,39,23.105880259619383,113.6050929055938
105,838,40,23.10588395911772,113.60499073407348
105,838,41,23.10589249161489,113.60533605672175
105,838,42,23.105764279084173,113.60550470668518
105,838,43,23.105712049966225,113.60567824316588
105,838,44,23.105719207074355,113.60593012890524
105,838,45,23.1054640846742,113.60606342028656
105,838,46,23.105834444703724,113.60631980310406
105,838,47,23.105754622768806,113.60648770521246
105,838,48,23.10640036455577,113.60287721561733
107,141,0,23.001791999058604,113.51739325643008
107,141,1,23.005911993447526,113.51579205769475
107,141,2,23.00686474072982,113.51628228670636
107,141,3,23.00783894101597,113.5163028073942
107,141,4,23.00783762866529,113.51610253425754
107,141,5,23.00777055281029,113.51592254049228
107,141,6,23.00797510947582,113.51574222027956
107,141,7,23.00801698903328,113.5156062077372
107,141,8,23.00812973972541,113.51544944809996
107,141,9,23.00846276843574,113.515603490622
107,141,10,23.008557446469176,113.51593089723752
107,141,11,23.00858611152905,113.51611338900533
107,141,12,23.00853428018739,113.51622209302116
107,141,13,23.00853782387445,113.51641388546388
107,141,14,23.00842271577236,113.51637408165044
107,141,15,23.008177820592323,113.51634715679562
107,141,16,23.00814955728721,113.51650053712746
107,141,17,23.00830864635455,113.5161222743004
107,141,18,23.00843431679074,113.51607964937402
107,141,19,23.008303878312823,113.51591747293482
107,141,20,23.008079943378007,113.51597063653082
107,141,21,23.0088465483334,113.51633784461966
107,141,22,23.009036424100373,113.51669876403729
107,141,23,23.00926989627848,113.51684451663154
107,141,24,23.00920664502432,113.51701865180992
107,141,25,23.00931542383409,113.51711231805513
107,141,26,23.009457755590613,113.51712404881503
107,141,27,23.009425733687586,113.51698228093856
107,141,28,23.00950190404987,113.5167169787182
107,141,29,23.00964904797853,113.51676659852984
107,141,30,23.00917525522615,113.51731694649123
107,141,31,23.008982920285117,113.5172323205967
107,141,32,23.00879624257802,113.5173680409036
107,141,33,23.00884139550612,113.5174750893235
107,141,34,23.009007145623613,113.51747778112376
107,141,35,23.00896539045972,113.51758531621536
107,141,36,23.00912798621837,113.5175803105282
107,141,37,23.00932398210682,113.51764399233171
107,141,38,23.00938552530201,113.51786040613092
107,141,39,23.0091958159394,113.5178895404392
107,141,40,23.009129255926336,113.51796754165174
107,141,41,23.00928988717072,113.51806291551918
107,141,42,23.00945898468462,113.51816059542108
107,141,43,23.009602630877627,113.51847857055355
107,141,44,23.009859366168712,113.51841537559176
107,141,45,23.010094197072306,113.518174881612
107,141,46,23.010670914007385,113.51755526523492
107,141,47,23.009124241833646,113.51838722681254
107,141,48,23.00889210896664,113.51852272906189
107,141,49,23.009066736926805,113.5188501141606
107,141,50,23.00903440523241,113.5194067546539
107,141,51,23.008891483907345,113.51777073751802
107,141,52,23.008770899306622,113.51776539929172
107,141,53,23.00847811621461,113.51684319620172
107,141,54,23.008765680426745,113.51677415416732
107,141,55,23.008343125701835,113.5212364771174
107,141,56,23.009997945327196,113.5233299591424
107,141,57,23.009424973763288,113.52558186031762
107,141,58,23.009843156051005,113.52590354505058
107,141,59,23.009524915046534,113.52645615354952
107,141,60,23.009372336767903,113.5268381922256
107,141,61,23.00941119481988,113.52705394422348
107,141,62,23.009035737219644,113.52722037024112
107,141,63,23.0094167132907,113.52764642581393
107,141,64,23.00962023338014,113.52750993323632
107,141,65,23.009848470248063,113.52757399751091
107,141,66,23.0098789523683,113.5273962934725
107,141,67,23.010046183694232,113.5275417890786
107,141,68,23.01036950725973,113.52746923392276
107,141,69,23.010383394384725,113.5277316985158
107,141,70,23.0101674045228,113.52825130269768
107,141,71,23.00999165097762,113.52839609552734
107,141,72,23.01018431787081,113.52870982554816
107,141,73,23.009680347171702,113.52789109325975
107,141,74,23.013672035137773,113.51644309287607
107,203,0,22.99469319607887,113.52055135105265
107,203,1,22.99396977357422,113.5204915861394
107,203,2,22.99383342908134,113.52069426434386
107,203,3,22.993681281184436,113.5208303277395
107,203,4,22.993667281017952,113.520967011844
107,203,5,22.99351346764565,113.52093192614365
107,203,6,22.99330702820995,113.52080339833
107,203,7,22.993168814764587,113.5209705629942
107,203,8,22.99306772165154,113.52100092065064
107,203,9,22.993266025900464,113.52104605546512
107,203,10,22.993417253203365,113.52113725692416
107,203,11,22.9934062326485,113.52134519155015
107,203,12,22.99363876787052,113.52154175489451
107,203,13,22.99322698351315,113.52141874484764
107,203,14,22.993140189799856,113.5213347528409
107,203,15,22.99285176343052,113.5207973867936
107,203,16,22.99277909405324,113.52070086236832
107,203,17,22.99253316637473,113.52070554340716
107,203,18,22.9923969865026,113.52024657837666
107,203,19,22.992457793582545,113.5201599722019
107,203,20,22.99243427165249,113.52004208258772
107,203,21,22.992440800784884,113.51993447403748
107,203,22,22.99263396062068,113.51980885240629
107,203,23,22.99264900422135,113.5199293546044
107,203,24,22.992781881901617,113.51992110321255
107,203,25,22.992886813038925,113.5200489437152
107,203,26,22.99279070889256,113.52019437609894
107,203,27,22.99261235630058,113.52010814755602
107,203,28,22.992345537575897,113.52007054158248
107,203,29,22.99212636089356,113.52008983704188
107,203,30,22.992147671574543,113.52020134523458
107,203,31,22.992652505275583,113.51964060199202
107,203,32,22.992996486353903,113.5193628236699
107,203,33,22.992958997463777,113.51897240485884
107,203,34,22.993103362018903,113.5188090823403
107,203,35,22.992999841075548,113.51858103208951
107,203,36,22.992755312587068,113.51852864277537
107,203,37,22.992797116816533,113.51834231660392
107,203,38,22.992773563053294,113.51817832182104
107,203,39,22.99294094861092,113.51823590699992
107,203,40,22.993138513917557,113.51835724224458
107,203,41,22.99312431961453,113.51804161865708
107,203,42,22.992935196737044,113.51789103648292
107,203,43,22.992802985743246,113.5178478535149
107,203,44,22.99265547192498,113.51760953615174
107,203,45,22.992492735851457,113.51779893013784
107,203,46,22.9927487699586,113.51736736063992
107,203,47,22.99292850853149,113.5174523857254
107,203,48,22.99215364873524,113.51728008758018
107,203,49,22.992287481408223,113.51697081406763
107,203,50,22.99370273422908,113.51725410005125
107,203,51,22.993117573398457,113.51992253149524
107,203,52,22.99298305100875,113.52049908801108
107,203,53,22.993096374748475,113.52051840182403
107,203,54,22.99324044475228,113.5219877015195
107,203,55,22.99112676689697,113.52019646618233
107,263,0,23.008162566842184,113.51518434170562
107,263,1,23.007631570889554,113.51374863742396
107,263,2,23.01710066449957,113.50179003696506
108,196,0,22.781632573842465,113.63367809835714
108,196,1,22.77933782024307,113.63102867485148
109,1005,0,23.15501791629746,112.88052904865089
109,1005,1,23.15508937926136,112.88061214892969
109,1005,2,23.15513894357083,112.88081595047706
109,1005,3,23.155073544153375,112.88093520719222
109,1005,4,23.154958711343514,112.88081514155073
109,1005,5,23.154821558516755,112.880936218911
109,1005,6,23.154881332762443,112.88106378787504
109,1005,7,23.154998633161306,112.88109279753594
109,1005,8,23.154934626109583,112.88117541777558
109,1005,9,23.154808573066504,112.88121139653585
109,1005,10,23.15474944045804,112.88133696870035
109,1005,11,23.15487293894357,112.88126995465606
109,1005,12,23.15497935174269,112.88130995988004
109,1005,13,23.15500479208253,112.88140970906002
109,1005,14,23.154924746455546,112.88151520351362
109,1005,15,23.154811581083376,112.88156426910992
109,1005,16,23.154830966506104,112.88166687939152
109,1005,17,23.15476280674679,112.8817575208122
109,1005,18,23.154672303001643,112.88167850885408
109,1005,19,23.15473798031704,112.88159232700364
109,1005,20,23.15474836234618,112.8814833567332
109,1005,21,23.154819122543657,112.8813913180058
109,1005,22,23.15472013827693,112.88145376472409
109,1005,23,23.15464318737201,112.88135324958564
109,1005,24,23.154655232662357,112.88147114009872
109,1005,25,23.154650387512216,112.88158752155168
109,1005,26,23.154623332169937,112.88169983766738
109,1005,27,23.15481270303433,112.88178666397236
109,1005,28,23.154982322248426,112.88163429078558
109,1005,29,23.154868443451846,112.8813955656001
109,1005,30,23.15471702661196,112.88151300101204
109,1005,31,23.154553223868483,112.88147466653002
109,1005,32,23.15437676919299,112.88168373291369
109,1005,33,23.15426162138718,112.88169983745308
109,1005,34,23.154230490599787,112.88180876815376
109,1005,35,23.15412951583127,112.88178563013328
109,1005,36,23.15410853359605,112.88188925251151
109,1005,37,23.15407525426441,112.88199549248507
109,1005,38,23.15418130678012,112.8819708455675
109,1005,39,23.15416082136044,112.88184038848468
109,1005,40,23.154057303914364,112.88187907150429
109,1005,41,23.15395792070998,112.8819077155911
109,1005,42,23.15406856976736,112.8821419592126
109,1005,43,23.1541167577417,112.88228420844813
109,1005,44,23.15401981923053,112.88235575022684
109,1005,45,23.153985093571556,112.8822463456056
109,1005,46,23.15390974195213,112.88233325973668
109,1005,47,23.154170878924397,112.88242231267417
109,1005,48,23.154078145583853,112.8825996189975
109,1005,49,23.15453487272909,112.8823857567149
109,1005,50,23.154264513706195,112.88211059158684
109,1005,51,23.154290446917148,112.88201004415346
109,1005,52,23.15432856187901,112.881894176792
109,1005,53,23.154578496696303,112.88192043662494
109,1005,54,23.154187949643745,112.8816614771756
109,1005,55,23.1540782375653,112.88169943267992
109,1005,56,23.155031695745123,112.88106010504892
109,1005,57,23.15531602716245,112.88061179929248
109,1005,58,23.155162618334128,112.88036358334
109,447,0,23.1562502308178,112.8754537043089
109,447,1,23.15638508673729,112.87530688918012
109,447,2,23.15656208811888,112.87528286630844
109,447,3,23.156519089352678,112.87539217080158
109,447,4,23.15675629029269,112.87535876360371
109,447,5,23.156733007623647,112.8751011436224
109,447,6,23.15670514089438,112.87500397980934
109,447,7,23.156685914705736,112.8748820126915
109,447,8,23.156750970175,112.87475837048954
109,447,9,23.156649141633903,112.87476313064867
109,447,10,23.156708757987143,112.87467609959177
109,447,11,23.156766785842706,112.87458847000036
109,447,12,23.156892871384727,112.87455457179924
109,447,13,23.15678676591904,112.87445419668389
109,447,14,23.15668863649811,112.87438411632894
109,447,15,23.15678929269494,112.87439034948407
109,447,16,23.15692626231636,112.87437860035584
109,447,17,23.156939154065995,112.87451353375836
109,447,18,23.15708112284682,112.87440335108364
109,447,19,23.157065587222277,112.87425824831156
109,447,20,23.15695129561936,112.87424923161092
109,447,21,23.15692412536331,112.87415293944358
109,447,22,23.156813487488247,112.87416877075393
109,447,23,23.15678079125826,112.87427143883284
109,447,24,23.156727520067275,112.87451634974168
109,447,25,23.156586133852684,112.87447935026358
109,447,26,23.15654269876501,112.87469246739911
109,447,27,23.15648838008729,112.8748994534444
109,447,28,23.1566719997554,112.87496787905708
109,447,29,23.156611896305936,112.87509345839644
109,447,30,23.15685004898112,112.87495052166014
109,447,31,23.156988011281697,112.87503186132784
109,447,32,23.15692658089513,112.87480320073146
109,447,33,23.15683907935149,112.87475392656
109,447,34,23.15724397274669,112.87423109850552
109,447,35,23.15735190273804,112.87418221025462
109,447,36,23.15738781770979,112.8740397344258
109,447,37,23.15729686990206,112.87411515803004
109,447,38,23.15738071402569,112.87419861310082
109,447,39,23.157470146308427,112.8742759136126
109,447,40,23.157388146175176,112.87435019768542
109,447,41,23.157346451778228,112.874254247927
109,447,42,23.157428110008954,112.87412260974448
109,447,43,23.15748579435971,112.87403636852478
109,447,44,23.15757972315056,112.87392790891867
109,447,45,23.157455935325608,112.87391823170942
109,447,46,23.157409607535897,112.87382595491654
109,447,47,23.15751122778742,112.87376901318446
109,447,48,23.1576149055018,112.87386124346796
109,447,49,23.15763882343481,112.87396680773384
109,447,50,23.157674093036714,112.87409115536548
109,447,51,23.15753519693155,112.87408125710854
109,447,52,23.15753900983749,112.8741849600201
109,447,53,23.15757270034177,112.87434140630292
109,447,54,23.15747069353897,112.8743835674626
109,447,55,23.15731552106292,112.87389012797593
109,447,56,23.157662248969984,112.87381491474746
109,447,57,23.157656111069617,112.87362975198948
109,447,58,23.157727806850755,112.87352825568564
109,447,59,23.15776208739838,112.8736312760812
109,447,60,23.157794008966917,112.87381567755416
109,447,61,23.157774925974355,112.87393672433832
109,447,62,23.157881704268707,112.87403952511524
109,447,63,23.157630967102545,112.8734405560953
109,447,64,23.157778650777963,112.87330103185047
109,447,65,23.1579083530994,112.87321645680797
109,447,66,23.15790192720573,112.87305556130744
109,447,67,23.15816288031099,112.87278554112034
109,447,68,23.158235353482247,112.8726040597152
109,447,69,23.159186141389306,112.8717056489313
109,447,70,23.157021807228183,112.87338569209744
109,447,71,23.15262144776013,112.87313222710088
109,447,72,23.15859559514841,112.86833877295147
109,535,0,23.153392881883672,112.8824191601704
109,535,1,23.153263351794617,112.88296271594918
109,535,2,23.153386569139837,112.88305079056968
110,373,0,23.14238185335813,113.73437884341055
110,373,1,23.14208147838156,113.73412813566226
110,373,2,23.14228130906885,113.73395544781096
110,373,3,23.14223338572038,113.73372317564284
110,373,4,23.142129479877607,113.73372245953038
110,373,5,23.14215045363068,113.73346866005916
110,373,6,23.142490873974943,113.7334768060756
110,373,7,23.142567290258437,113.73362056113228
110,373,8,23.14247195568489,113.73378984595256
110,373,9,23.142693424865143,113.73384510897446
110,373,10,23.142906784390348,113.73392557572366
110,373,11,23.14341151894662,113.73351185031004
110,373,12,23.1439508446248,113.73402604568447
110,373,13,23.14354826367506,113.734906742183
110,373,14,23.14254096263199,113.73316076347598
110,373,15,23.142460842835536,113.73301124859177
110,1144,0,23.13464723725787,113.7462978418814
110,1144,1,23.13425407733221,113.7464219089856
110,1144,2,23.134155304652744,113.74634908918836
110,1144,3,23.13406621978326,113.74646711746236
110,1144,4,23.133874832631047,113.7465960571706
110,1144,5,23.13405019719313,113.74679151452666
110,1144,6,23.134255225836927,113.74685663280256
110,1144,7,23.13490823515089,113.7467935164643
110,1144,8,23.13546431555301,113.7473869393616
110,1144,9,23.135598617871164,113.74749468096915
110,1144,10,23.135694137412983,113.74755326586256
110,1144,11,23.134164876058733,113.74866359184357
110,1144,12,23.13407408168292,113.74890224733632
110,1144,13,23.133424857950285,113.74889457459128
110,1144,14,23.133135110406165,113.74899358652624
110,1144,15,23.132673758428144,113.74891367059178
110,1144,16,23.133576080623676,113.7482637632304
110,1144,17,23.133034085094685,113.74664010442775
110,1144,18,23.133384581725934,113.74642521830216
110,1144,19,23.133521111479016,113.74638586736948
110,1144,20,23.133638566574348,113.74626022803226
110,1144,21,23.13332311880556,113.74628779873233
110,1144,22,23.134348036068022,113.74596976351847
110,130,0,23.12045593922139,113.8332317741278
110,130,1,23.120323978230385,113.83349758439138
110,130,2,23.12002811477477,113.83358425996308
110,130,3,23.11989951039233,113.8336189898574
110,130,4,23.119999857850253,113.83386771313256
110,130,5,23.119792781145676,113.8340352377593
110,130,6,23.11968443559816,113.83441390755854
110,130,7,23.12722970066049,113.83984553427398
111,679,0,23.171554334735298,112.7465877023537
111,679,1,23.171664334189305,112.74680327756508
111,679,2,23.17177854306054,112.7468057847661
111,679,3,23.17159653598141,112.74705721311628
111,679,4,23.17156065967611,112.74725747146984
111,679,5,23.17153651483717,112.74738123413928
111,679,6,23.17143724704784,112.74741199963194
111,679,7,23.17151890688973,112.74748937553836
111,679,8,23.171665465648136,112.74759462850352
111,679,9,23.17181995645913,112.74758193076278
111,679,10,23.171613125917247,112.7477544850891
111,679,11,23.171528036183982,112.74787109285178
111,679,12,23.171346942892654,112.74778616549683
111,679,13,23.17132921940268,112.74788646374094
111,679,14,23.171240735504117,112.747943711523
111,679,15,23.171152781114564,112.74805321148668
111,679,16,23.171053114021312,112.74818196544156
111,679,17,23.171168851875706,112.74810958251184
111,679,18,23.171332331316343,112.74813307708682
111,679,19,23.171203759336223,112.74835723028396
111,679,20,23.170962356132648,112.74806280697172
111,679,21,23.170852209566775,112.74773523543998
111,679,22,23.17123377656625,112.74770030147364
111,679,23,23.17135815058009,112.7476570256185
111,679,24,23.17126582874714,112.747483349005
111,679,25,23.171760061960807,112.74731885902494
111,679,26,23.171912703842253,112.74728974048392
111,679,27,23.17202756301316,112.74732820160426
111,679,28,23.172155319791944,112.74716190488358
111,679,29,23.17235864571984,112.7466078426238
111,679,30,23.17253057929909,112.74665686598613
111,679,31,23.172658041474413,112.746292711954
111,679,32,23.17305595612221,112.7460895351655
111,679,33,23.17322914850646,112.74586422496871
111,679,34,23.173330062308345,112.74565762961932
111,679,35,23.17210420279117,112.74637590357592
111,129,0,23.1676847679009,112.73937304983453
111,129,1,23.168623630073675,112.73857795041508
111,129,2,23.16921753725776,112.73752163264372
111,129,3,23.16830174394209,112.7373965845317
111,129,4,23.168097322076594,112.7369037192938
111,129,5,23.168105626341053,112.7367544530956
111,129,6,23.167946010998094,112.73680685938712
111,129,7,23.168109234211983,112.73656105922078
111,129,8,23.16812763188166,112.7363359223816
111,129,9,23.168124777907853,112.73622777559277
111,129,10,23.168058727984885,112.73612842191528
111,129,11,23.167996555156662,112.7362267414721
111,129,12,23.16792490010898,112.73611098519083
111,129,13,23.16766560103391,112.73623967754358
111,129,14,23.167576353838697,112.73630362007128
111,129,15,23.167746447406586,112.73644537893276
111,129,16,23.167987588950908,112.73637339112348
111,129,17,23.16831703759941,112.7362843009274
111,129,18,23.16841661015278,112.73621099448113
111,129,19,23.16833572346321,112.7360814645161
111,129,20,23.16826998760185,112.7359924575714
111,129,21,23.168585998407657,112.73595034406968
111,129,22,23.16864922954942,112.73604692362773
111,129,23,23.168632739185263,112.7361461321155
111,129,24,23.16878792127884,112.73612507560354
111,129,25,23.168925858585343,112.73598678057157
111,129,26,23.16910249411363,112.73584747104906
111,129,27,23.169312663647663,112.73573786726747
111,129,28,23.169392611874905,112.7356586089822
111,129,29,23.16954516147124,112.73561902234758
111,129,30,23.16946701557485,112.73544279245422
111,129,31,23.1694882326762,112.73529740866474
111,129,32,23.16937314340612,112.73513800377827
111,129,33,23.169176190622004,112.7352575038468
111,129,34,23.16911795007213,112.735553982308
111,129,35,23.169580172166363,112.73574099257758
111,129,36,23.169688263219307,112.73562599051796
111,129,37,23.169798671026477,112.7355619991945
111,129,38,23.16976339875193,112.73542580277734
111,129,39,23.16992752448928,112.73546592349416
111,129,40,23.17006212079708,112.73545890688636
111,129,41,23.170124616298992,112.73535222473004
111,129,42,23.170272515338013,112.73538441806107
111,129,43,23.17015207029265,112.73548943398646
111,129,44,23.170139953482884,112.73561618283462
111,129,45,23.169986342365917,112.73566174274698
111,129,46,23.169892172525376,112.7357036141647
111,129,47,23.17002061487662,112.73536012938548
111,129,48,23.170085486752203,112.7352637393916
111,129,49,23.170200699695123,112.73522516908274
111,129,50,23.170249934430053,112.73510076365072
111,129,51,23.17023135210321,112.7349577256135
111,129,52,23.17007004901994,112.73511671144696
111,129,53,23.16996071134117,112.7350695422495
111,129,54,23.16982379166332,112.7351502884617
111,129,55,23.16970225879216,112.7352556235978
111,129,56,23.169716793251624,112.7350731838138
111,129,57,23.169562916539896,112.7350558300212
111,129,58,23.16929670963784,112.73491671486012
111,129,59,23.16991547427228,112.73498799102612
111,129,60,23.16997985556285,112.73487800084416
111,129,61,23.1702720648109,112.73458508816871
111,129,62,23.169773155467883,112.73442859460808
111,129,63,23.169735748138592,112.73384421373964
111,129,64,23.170717108729686,112.73501853436052
111,129,65,23.170747629014848,112.7354972670306
111,129,66,23.1709016585447,112.73551051254071
111,129,67,23.17050220207536,112.73554895921596
111,129,68,23.16924943600695,112.73643620786017
111,129,69,23.16912025716648,112.73641679723085
111,129,70,23.16896500519196,112.73637648043956
111,129,71,23.168881887276072,112.73650452843611
111,129,72,23.16879624794818,112.73641603975496
111,129,73,23.16870579364273,112.73646576764082
111,129,74,23.16859638988332,112.73642219071084
111,129,75,23.168510861874275,112.73656436698774
111,129,76,23.16842038965734,112.7366114919582
111,129,77,23.16831806902598,112.73661454283604
111,129,78,23.168331281122647,112.73641826113358
111,129,79,23.16844211839908,112.73635243985429
111,129,80,23.16854811704477,112.73634591989268
111,129,81,23.16738507816633,112.73696302644323
111,129,82,23.16702349859113,112.73701200234213
111,129,83,23.166855500559556,112.73639617273714
111,129,84,23.167340813054366,112.73283832354454
111,129,85,23.17262875129124,112.735271014386
111,129,86,23.165638149485417,112.74114515960282
111,206,0,23.163698644653675,112.75371926945432
111,206,1,23.16311972267196,112.7608264581634
111,206,2,23.16228053608685,112.76281857809172
112,154,0,23.660869531432272,112.97000027730093
112,154,1,23.662708033535253,112.973018440481
112,154,2,23.663163107629774,112.9730900544972
112,154,3,23.66335373188556,112.97312476445006
112,154,4,23.66363744561985,112.97326810576295
112,154,5,23.6635457068648,112.97341268675926
112,154,6,23.66361132258621,112.97357354748428
112,154,7,23.663717570916823,112.97362356880252
112,154,8,23.663680384437395,112.9734764946519
112,154,9,23.66384624812065,112.97372127808364
112,154,10,23.663947456931943,112.97367444566258
113,204,0,22.781245687011484,113.2400796673019
113,204,1,22.782502317508516,113.23408670045424
113,204,2,22.78236864408248,113.2340549932088
113,204,3,22.782563467604515,113.23379291019413
113,204,4,22.782740080547228,113.23399207323683
113,204,5,22.782763506504438,113.23349285782014
113,204,6,22.782277207274024,113.23368967894794
113,204,7,22.783113300184144,113.23269938203808
113,204,8,22.78308917933697,113.23240115101912
115,1066,0,23.113105798454,112.94589400306496
115,1066,1,23.112404933115908,112.94513072673288
115,1066,2,23.11327005279025,112.94456236073594
115,1066,3,23.112951386967048,112.94421982298572
115,1066,4,23.114131501782808,112.94430330307782
115,1066,5,23.114150321123105,112.94445702322764
115,1066,6,23.114380941223377,112.9441406298954
115,1066,7,23.114531353362448,112.94411336720158
115,1066,8,23.11437167973584,112.9439837787615
115,1066,9,23.114172387964445,112.94392628580324
115,1066,10,23.114203050284036,112.94376324578676
115,1066,11,23.114300591978488,112.94373633957318
115,1066,12,23.114432851077307,112.94362300466264
115,1066,13,23.11457587931792,112.9435627110457
115,1066,14,23.114665134951053,112.94369509841457
115,1066,15,23.114814388295237,112.94364716747047
115,1066,16,23.11492758832603,112.94374681500273
115,1066,17,23.11500813018233,112.94385111935844
115,1066,18,23.115079202235123,112.94377606126564
115,1066,19,23.1150018481674,112.94369712188228
115,1066,20,23.114989020976587,112.94358366395058
115,1066,21,23.114887714595238,112.94355629349798
115,1066,22,23.11477557072032,112.9435223159925
115,1066,23,23.114891251185195,112.94335207882467
115,1066,24,23.114989670227693,112.94340819748014
115,1066,25,23.115107159896237,112.9434535068916
115,1066,26,23.1151773696034,112.94337250253494
115,1066,27,23.11526419811596,112.94344824120452
115,1066,28,23.11538946165635,112.94349187421632
115,1066,29,23.11527267140428,112.94356014215067
115,1066,30,23.11520872934552,112.9434804265415
115,1066,31,23.11508659577074,112.94353768490387
115,1066,32,23.115152361305384,112.94364220350998
115,1066,33,23.115256915621213,112.94370430111891
115,1066,34,23.11524888673309,112.94380903365796
115,1066,35,23.115350295281548,112.94392522730853
115,1066,36,23.115290871061084,112.94405813678785
115,1066,37,23.11521913439128,112.94415811739866
115,1066,38,23.11535088915309,112.9442370095044
115,1066,39,23.11500837691448,112.94399222654197
115,1066,40,23.114897058570055,112.94400055877983
115,1066,41,23.11478817302015,112.94384288451124
115,1066,42,23.11466243392392,112.94377038321186
115,1066,43,23.11458689387179,112.94369627897323
115,1066,44,23.11480635005751,112.94324215010164
115,1066,45,23.114831682761206,112.9430827161936
115,1066,46,23.114807226369404,112.94287753466322
115,1066,47,23.11510814317227,112.9432082704327
115,1066,48,23.115038078784732,112.94329328740966
115,1066,49,23.11520149577821,112.9433167459662
115,1066,50,23.115306336626084,112.94363480641712
115,1066,51,23.115485278498745,112.94362597378164
115,1066,52,23.11558772906617,112.943747330007
115,1066,53,23.115698907736505,112.9436485032399
115,1066,54,23.11592478123734,112.94368479145528
115,1066,55,23.11589616602497,112.94382664728232
115,1066,56,23.11593937875332,112.9439389574414
115,1066,57,23.11591082248804,112.94404346958162
115,1066,58,23.116022101044347,112.94401495298324
115,1066,59,23.1161662658726,112.94406350859975
115,1066,60,23.11627394913065,112.94410795047732
115,1066,61,23.116411845522617,112.94401363523887
115,1066,62,23.11652405415489,112.94389573320473
115,1066,63,23.11637861500868,112.94386251016874
115,1066,64,23.116359974281604,112.94372556230952
115,1066,65,23.116200258154088,112.9436989957238
115,1066,66,23.11610468581265,112.94375855136124
115,1066,67,23.11606293591261,112.94365396001648
115,1066,68,23.11607546152331,112.94355219078663
115,1066,69,23.116168401472063,112.94347565561286
115,1066,70,23.11628167533586,112.94356065925967
115,1066,71,23.116188070289976,112.94362881553704
115,1066,72,23.116201648428724,112.94376445676376
115,1066,73,23.116182138240784,112.94388327164182
115,1066,74,23.1160601898464,112.94384554338048
115,1066,75,23.11615697356348,112.94381648105576
115,1066,76,23.116282730166706,112.94388659432022
115,1066,77,23.11644639420719,112.94372793293454
115,1066,78,23.116624158305424,112.94366825138052
115,1066,79,23.116687748989488,112.94358800920348
115,1066,80,23.11663188911936,112.94350218189804
115,1066,81,23.11654447197108,112.94327262683626
115,1066,82,23.1164058426442,112.9431044831226
115,1066,83,23.116562873477083,112.9429967992692
115,1066,84,23.116791794581392,112.9430972274412
115,1066,85,23.11693821773804,112.9433489994122
115,1066,86,23.11687814210284,112.9436948076254
115,1066,87,23.117243094769467,112.94313023310409
115,1066,88,23.11698019946061,112.9427325485719
115,1066,89,23.116764026579748,112.94253972581396
115,1066,90,23.117357810142146,112.9422573557831
115,1066,91,23.117516295924244,112.94177490787136
115,1066,92,23.11772350134025,112.9417053539689
115,1066,93,23.11856426646908,112.94095987523552
115,1066,94,23.118593386843685,112.93993740624316
115,1066,95,23.11585663498952,112.94311446213544
115,1066,96,23.116019522656146,112.94332266945588
115,1066,97,23.115880458986275,112.94341395451364
115,1066,98,23.115923677274434,112.94359696044374
115,1066,99,23.115795976179367,112.94386211630795
115,1066,100,23.11605638255903,112.94422316449604
115,1066,101,23.114784420598347,112.94419292578016
120,154,0,23.685552738603995,112.98881219356284
120,154,1,23.68559079326809,112.98867240729496
120,154,2,23.68535432217202,112.98865941729578
120,154,3,23.685176545792608,112.98871778461724
120,154,4,23.685136934393253,112.9884775842803
120,154,5,23.685097330682275,112.98832156269286
120,154,6,23.685289820092645,112.98827399368191
120,154,7,23.68542929977501,112.98830596661702
120,154,8,23.685451264411167,112.98816534039602
120,154,9,23.685722931844246,112.9882865048779
120,154,10,23.685747350701163,112.9879648269781
120,154,11,23.68450385395468,112.98695821351356
120,138,0,23.703887090210724,113.09999385310026
120,138,1,23.70077226880324,113.16639829917446
120,138,2,23.700848006052293,113.16659178178853
120,138,3,23.70108937105287,113.16660724131776
120,138,4,23.70090013854364,113.1668773643926
120,138,5,23.701242723950617,113.16692338973635
120,138,6,23.701488289491472,113.1669076473338
120,138,7,23.7013852141942,113.16714283034447
120,138,8,23.701434610774072,113.1674429819584
120,138,9,23.701346442308637,113.16776089352656
122,292,0,23.871518023915367,113.26392416643569
122,292,1,23.871383070107125,113.26385076405928
122,292,2,23.87130949195901,113.26375873548508
122,292,3,23.871397784686582,113.2642652496938
122,292,4,23.871122379262346,113.26466555544738
122,292,5,23.870837647825923,113.26420711208878
122,292,6,23.870363358322763,113.26403542228807
123,387,0,23.32873457119555,111.52700316964538
123,387,1,23.328606256332137,111.52733197159782
124,160,0,23.30186126141864,113.15774807450362
124,160,1,23.304399677458893,113.15471960820342
124,160,2,23.303781597295327,113.15397562232108
124,160,3,23.30393980884023,113.1537996095974
124,160,4,23.303847804565752,113.15368444082492
124,160,5,23.303770624898476,113.1535882041766
124,160,6,23.30387588546795,113.15352234508022
124,160,7,23.30399176485673,113.1535222790423
124,160,8,23.3039970286686,113.15330148945272
124,160,9,23.30387568914616,113.15322117618494
124,160,10,23.30367265654125,113.15346548101866
124,160,11,23.30416820267613,113.15377744215589
124,160,12,23.30528368071964,113.15292415457614
124,160,13,23.297829189001213,113.1578539905918
124,1239,0,23.279336214453892,113.17173672768809
124,1239,1,23.278410046261303,113.17304832903538
124,1239,2,23.278298271715904,113.1730910940181
124,1239,3,23.278055688619723,113.17326507121668
124,1239,4,23.27814732667617,113.17335070356144
124,1239,5,23.278205185071272,113.17351051214428
124,1239,6,23.27812030642581,113.17358134302368
124,1239,7,23.27798218322137,113.1734132143924
124,1239,8,23.277661217311525,113.17337994684073
124,1239,9,23.27756104015492,113.17331116265412
124,1239,10,23.277397247579835,113.1733395277032
124,1239,11,23.277595639240065,113.17351316381117
124,1239,12,23.27757864362077,113.17311829265483
124,1239,13,23.27713992292842,113.17304790109404
124,1239,14,23.2753868851901,113.17195700762052
126,139,0,23.16947369439377,112.71559942499584
126,139,1,23.169439668805943,112.71692633633026
126,139,2,23.169127510955143,112.71699961406206
126,139,3,23.16891722768391,112.71686615154955
126,139,4,23.16878623756963,112.71698259004296
126,139,5,23.168916331755195,112.7171746486282
126,139,6,23.16866710969216,112.71725608042864
126,139,7,23.168464225090418,112.71721417760632
126,139,8,23.1684861890172,112.71734408688066
126,139,9,23.16840113684482,112.71742539645916
126,139,10,23.16849589376624,112.7175822538706
126,139,11,23.16865256420761,112.71747054544728
126,139,12,23.16868860396429,112.71736177006396
126,139,13,23.168798867942677,112.7175985717976
126,139,14,23.168681413536923,112.71761533532684
126,139,15,23.16871985096688,112.71772393316084
126,139,16,23.168613644857512,112.71766601655747
126,139,17,23.16850627264332,112.71768631739867
126,139,18,23.168453188214205,112.7177878463158
126,139,19,23.16837363153209,112.71769992879864
126,139,20,23.16827334969392,112.71773332566936
126,139,21,23.168230533865472,112.7176380339084
126,139,22,23.168339851463674,112.71759615941016
126,139,23,23.168162149636768,112.71751681740456
126,139,24,23.16804522287262,112.71761263189669
126,139,25,23.167973789484133,112.71743767921603
126,139,26,23.16816473169445,112.71789139338954
126,139,27,23.168325622467965,112.71794965929809
126,139,28,23.16845105610101,112.71791108938616
126,139,29,23.168574414173,112.71791682612144
126,139,30,23.16870791717843,112.71791768297838
126,139,31,23.168811445505774,112.7178230361924
126,139,32,23.16881951832128,112.71799291713258
126,139,33,23.16862967298592,112.71781538281384
126,139,34,23.168494119348008,112.71781773510132
126,139,35,23.168498872192405,112.71799712045755
126,139,36,23.167657686122222,112.71802501675056
126,139,37,23.16747105063208,112.7180534482234
126,139,38,23.167369596840185,112.71811138531314
126,139,39,23.167266226342598,112.71812001945332
126,139,40,23.167318035376,112.71823023699102
126,139,41,23.16738415482628,112.71830870005712
126,139,42,23.16726441220184,112.71832776097402
126,139,43,23.167179421707395,112.71840396552976
126,139,44,23.167066423181605,112.7184933444014
126,139,45,23.167173824164287,112.71856438420754
126,139,46,23.167036652205503,112.71866637157568
126,139,47,23.167122612591488,112.71876972879136
126,139,48,23.16690764176117,112.718843199124
126,139,49,23.16699745208463,112.71856448349092
126,139,50,23.16696204894019,112.71841043642924
126,139,51,23.16702679386855,112.71820508779528
126,139,52,23.16711581031129,112.71815656025925
126,139,53,23.16704588156556,112.71807298177328
126,139,54,23.16705213071924,112.71796795261383
126,139,55,23.16702482593034,112.7178627373604
126,139,56,23.166929312678704,112.71794166566868
126,139,57,23.166726482474647,112.71794329409757
126,139,58,23.16666915315576,112.71812272535485
126,139,59,23.166770068456326,112.71813935885324
126,139,60,23.1671967656381,112.71802902250678
126,139,61,23.16719913131669,112.71784880612572
126,139,62,23.16736192258789,112.7178691177314
126,139,63,23.16740277348945,112.71853221927124
126,139,64,23.166679419844986,112.71849214715112
126,139,65,23.16720738763124,112.7195914714519
126,139,66,23.167287092219663,112.71996694694968
126,139,67,23.16784980216815,112.72065161476502
127,162,0,23.13844282399872,111.75762024164553
127,162,1,23.13842678866188,111.75791460268552
127,162,2,23.138312333386036,111.75809290731762
127,162,3,23.138405595791816,111.75813145510618
127,162,4,23.13827329838037,111.75818750228238
127,162,5,23.13821805771369,111.7583362805556
127,162,6,23.13837940857896,111.75829821082212
127,162,7,23.1384143642226,111.7584479051668
127,162,8,23.138527296884828,111.75835540875018
127,162,9,23.13869607326571,111.75841819731258
127,162,10,23.13890139957412,111.7583311511416
127,162,11,23.13902251127461,111.75823066252484
127,162,12,23.139041021036302,111.75803599907964
127,162,13,23.138922745045654,111.75805844039829
127,162,14,23.1390495872157,111.75856009950384
127,162,15,23.13887534236593,111.75866433737608
127,162,16,23.13883584937892,111.7587819121602
127,162,17,23.139072876783395,111.75878636737164
127,162,18,23.13917429986459,111.7588007080374
127,162,19,23.139279324779512,111.75875809807393
127,162,20,23.13816458104052,111.7578147154458
127,162,21,23.137994797581428,111.75802400725104
127,162,22,23.137811071874427,111.7581156766565
127,162,23,23.13751018849044,111.75811985052852
127,162,24,23.13744654776746,111.75801100465786
127,162,25,23.137204556942304,111.75793660721293
127,162,26,23.13702846778865,111.75796520486716
127,162,27,23.13693845548493,111.75787349284634
127,162,28,23.13689274865048,111.7579868819522
127,162,29,23.1368886650717,111.75810088920828
127,162,30,23.1367385814244,111.75815193580658
127,162,31,23.136617155728395,111.7580240559249
127,162,32,23.136438620323503,111.75795981443534
127,162,33,23.136519862568065,111.75785121486398
127,162,34,23.136626770903103,111.757775370367
127,162,35,23.13668446572665,111.75767438996866
127,162,36,23.13679437733798,111.75764093265018
127,162,37,23.1365831818441,111.75757693027074
127,162,38,23.136260894568256,111.75768939996674
127,162,39,23.136079294722325,111.75768270568112
127,162,40,23.13595255195068,111.7577166641423
127,162,41,23.13598322626287,111.75784978845364
127,162,42,23.13617685509133,111.75812239952798
127,162,43,23.136366638640485,111.758141967582
127,162,44,23.13654225679445,111.75834834272848
127,162,45,23.1366754794402,111.75841806646444
127,162,46,23.136888156573747,111.75830672281316
127,162,47,23.137100489267347,111.75827613168082
127,162,48,23.137062816012623,111.7585861752935
127,162,49,23.137663420575176,111.75785324670794
128,764,0,23.09520772424472,113.39715756398158
128,764,1,23.102602937198306,113.39623238046762
128,764,2,23.1027368867271,113.39615416040132
128,764,3,23.102824476125512,113.39601991350986
128,764,4,23.10292137524537,113.3958291349572
128,764,5,23.103018317582805,113.39576978140352
128,764,6,23.103081984303454,113.39569132003942
128,764,7,23.103103205598863,113.3954952978455
128,764,8,23.103014414169717,113.39538661217443
128,764,9,23.103118896597675,113.39525217248332
128,764,10,23.103223927624224,113.3952376824456
128,764,11,23.10345450739706,113.39526582770358
128,764,12,23.103609313707985,113.39517744170028
128,764,13,23.103393707979905,113.39505763960106
128,764,14,23.10291830464197,113.39565309639973
128,764,15,23.10404697053072,113.39425937102362
128,1060,0,23.09483901755572,113.4061439709122
128,1060,1,23.094470144748836,113.40630695859193
128,1060,2,23.09424125183017,113.40623669209728
128,1060,3,23.09405234646576,113.40635330419924
128,1060,4,23.09387594834955,113.4065646391394
128,1060,5,23.09386889107195,113.40669870088466
128,1060,6,23.09397430802445,113.40671241639656
128,1060,7,23.09398432262584,113.40684852690111
128,1060,8,23.094121899456795,113.40677600398249
128,1060,9,23.093690407796824,113.40703768494171
128,1060,10,23.09370048862172,113.40639280200402
128,1060,11,23.09507897411847,113.4078042511471
128,1060,12,23.09512212328745,113.40790275892869
128,1060,13,23.09544722076776,113.40797898101164
129,139,0,23.168021057912064,112.7271473870757
129,139,1,23.16715088781571,112.72522278687764
129,139,2,23.167131516530187,112.7246642323718
129,139,3,23.167126777241783,112.72454052951169
129,139,4,23.167086437763857,112.7244369547474
129,139,5,23.1669854342752,112.72440798724274
129,139,6,23.166842883191247,112.72432306164517
129,139,7,23.166927340798587,112.72423753630656
129,139,8,23.16708955143324,112.72419108524042
129,139,9,23.16711176084818,112.72409232610246
129,139,10,23.16699220798249,112.72401283004804
129,139,11,23.16703422230094,112.72392029157557
129,139,12,23.16721348692097,112.72389643626862
129,139,13,23.16735775441021,112.72398951279432
129,139,14,23.16752164200953,112.72398793359166
129,139,15,23.16765000108541,112.72389750763634
129,139,16,23.16755591181276,112.72417056637428
129,139,17,23.167581471927807,112.72429975376672
129,139,18,23.16740908259258,112.7243144455081
129,139,19,23.16722969597037,112.72426761577977
129,139,20,23.1672993320628,112.72407714878617
129,139,21,23.16719608445592,112.72444979050238
129,139,22,23.16702682023208,112.7246479273936
129,139,23,23.166782104501973,112.72461613027328
129,139,24,23.16665160844272,112.72488961395564
129,139,25,23.16630541513712,112.72507934321509
129,139,26,23.166359686675484,112.72429613240068
129,139,27,23.16651021002678,112.7242605661682
129,139,28,23.166581970936107,112.72416483899453
129,139,29,23.16653478620524,112.72400888466744
129,139,30,23.166765380928496,112.72394998864672
129,139,31,23.16691343477309,112.72402794822088
129,139,32,23.166929845519974,112.72390946752869
129,139,33,23.166753220483525,112.72413140781998
129,139,34,23.166611139690023,112.72434050305108
129,139,35,23.16780562896556,112.72499474728312
129,139,36,23.168093619527248,112.7237582918464
129,139,37,23.168142345432766,112.72359783822716
129,139,38,23.1681947504808,112.7235033035094
129,139,39,23.16824227656584,112.7233901142769
129,139,40,23.168350175575387,112.72334863589192
129,139,41,23.168355961868738,112.7234486865296
129,139,42,23.168463827157204,112.72346179815888
129,139,43,23.168485144033653,112.72356069156852
129,139,44,23.168413610563,112.72369319608542
129,139,45,23.168344584526995,112.72357235652868
129,139,46,23.1683000182318,112.723450477615
129,139,47,23.16848844082546,112.72340846866298
129,139,48,23.16860809342887,112.7234717100258
129,139,49,23.168574982399903,112.7233462311752
129,139,50,23.16857499199005,112.72320412472384
129,139,51,23.16847014545191,112.72321652824324
129,139,52,23.168419254391573,112.72306122970336
129,139,53,23.168435165393973,112.72294478033956
129,139,54,23.16836204661056,112.72303589124564
129,139,55,23.16830091947279,112.72315655351932
129,139,56,23.1681286274079,112.72316572557672
129,139,57,23.16817410683414,112.7232679213676
129,139,58,23.168037156717595,112.72347531869194
129,139,59,23.16794407346879,112.72360133386748
129,139,60,23.16789194388023,112.72333983552392
129,139,61,23.168224191321936,112.7229989591672
129,139,62,23.168542021741324,112.72301240130886
129,139,63,23.16857368143461,112.72289891441667
129,139,64,23.168683341430235,112.72300302136928
129,139,65,23.16846490995652,112.72270017890148
129,139,66,23.16835667772593,112.72265332982164
129,139,67,23.168624800208917,112.72255722878464
129,139,68,23.168818159199606,112.7225933866911
129,139,69,23.16949060509899,112.7224453816911
129,139,70,23.168678039606625,112.72359676193952
129,139,71,23.16859932402496,112.72366354669713
129,139,72,23.1684946550742,112.7236782396306
129,139,73,23.168549641498167,112.72377081353436
129,139,74,23.16878284818792,112.72374874778885
131,193,0,23.155586996742432,112.7876202045142
131,193,1,23.15510576785222,112.78761938918448
131,193,2,23.154887578672845,112.7876875988327
131,193,3,23.154748108302417,112.78770333814911
131,193,4,23.15476724812207,112.7878802300384
131,193,5,23.15460849558166,112.7878557611158
131,193,6,23.154564811310365,112.78773048517438
131,193,7,23.154431850176504,112.787681527704
131,193,8,23.154431706896908,112.78778224293448
131,193,9,23.15431012566569,112.78775673649628
131,193,10,23.154246565310743,112.7874953334311
131,193,11,23.154169576964325,112.78740372138148
131,193,12,23.15407216978984,112.78735549235697
131,193,13,23.15395594050753,112.78733276186112
131,193,14,23.153846926297035,112.78731294488526
131,193,15,23.1537196150658,112.78726989888388
131,193,16,23.153656897574955,112.78716915897408
131,193,17,23.1536759986485,112.78703643741414
131,193,18,23.15375303914344,112.7871232647865
131,193,19,23.153838340568708,112.78694046364744
131,193,20,23.153933472099272,112.786823375227
131,193,21,23.1539959646298,112.78690701580122
131,193,22,23.15390599650874,112.78699620579046
131,193,23,23.153939547051586,112.78710247798142
131,193,24,23.15410843805412,112.7871345433892
131,193,25,23.153761044091176,112.78679089399242
131,193,26,23.153775171570626,112.78666539130565
131,193,27,23.153913082853773,112.7866155917296
131,193,28,23.153816268084512,112.7865680542822
131,193,29,23.15377196559012,112.78645784033932
131,193,30,23.153910724774697,112.78649226435796
131,193,31,23.15382776670548,112.7862084344487
131,193,32,23.15359741519282,112.78627629801052
131,193,33,23.15353950750676,112.78641450633964
131,193,34,23.153501145981057,112.78654127282208
131,193,35,23.153605741218943,112.78666741104496
131,193,36,23.15347257370101,112.78679353435426
131,193,37,23.153657826952436,112.78689147731384
131,193,38,23.153453241000232,112.78711864429182
131,193,39,23.15352198278485,112.78721148955128
131,193,40,23.15353857599196,112.78739701696536
131,193,41,23.15339609308545,112.78758878215127
131,193,42,23.15341530798456,112.78789693306928
131,193,43,23.153216446504043,112.78788749146304
131,193,44,23.153086111680985,112.78777300413736
131,193,45,23.152959041326195,112.7875911419055
131,193,46,23.15269228082407,112.7873984903116
131,193,47,23.15331272095793,112.78704474551746
131,193,48,23.153206611607587,112.78684002756704
131,193,49,23.15329081783993,112.78650336207252
131,193,50,23.153824627040457,112.78768823308263
131,193,51,23.15413610130765,112.78785112036483
131,193,52,23.154380500310296,112.788132441514
131,193,53,23.154472824166174,112.7880368128367
131,193,54,23.154600357347363,112.78802132883683
131,193,55,23.154516718355936,112.78819816468072
131,193,56,23.154458924193538,112.78830201381204
131,193,57,23.1545728714597,112.78829283058394
131,193,58,23.154609450217254,112.7884832248576
131,193,59,23.15465865992884,112.78866742052276
131,193,60,23.154590431267685,112.78877764917128
131,193,61,23.15453740697472,112.7886878972628
131,193,62,23.15474203038125,112.7889604538671
131,193,63,23.15492199775244,112.78884824791714
131,193,64,23.155053498176912,112.78864540710676
131,193,65,23.15509723663586,112.78850171775754
131,193,66,23.15491772399735,112.78838881715023
131,193,67,23.15490650200186,112.78825233885738
131,193,68,23.154843570717137,112.78817143515263
131,193,69,23.154937395833365,112.7881072085942
131,193,70,23.154922565675054,112.7879988048358
131,193,71,23.15496237916861,112.7879026137254
131,193,72,23.15518684425487,112.78789029788078
131,193,73,23.15503641137352,112.78813987040292
131,193,74,23.15483178103348,112.78809133850652
131,193,75,23.15506004476632,112.78828213884049
131,193,76,23.15482424123503,112.78740777374266
131,193,77,23.154692219628835,112.78739338557176
131,193,78,23.154586107797577,112.7874608522119
131,193,79,23.15408401358109,112.78836335446144
136,1018,0,23.03003498778905,113.51542446911802
136,1018,1,23.02952277398509,113.51539477559082
136,1018,2,23.029450885339333,113.5152718295722
136,1018,3,23.02929587250249,113.51520805603256
136,1018,4,23.02916971260542,113.51488077555732
136,1018,5,23.02898760122625,113.51502721879685
136,1018,6,23.02888151562595,113.5150983957888
136,1018,7,23.028787334735124,113.51504803975573
136,1018,8,23.0286496312966,113.51498486464156
136,1018,9,23.028554937058573,113.51517343544718
136,1018,10,23.02871265006598,113.51519799043888
136,1018,11,23.02883927866732,113.51530012059692
136,1018,12,23.028879244657336,113.51560653547828
136,1018,13,23.029171117421853,113.51562528229358
136,1018,14,23.02938576598166,113.51562655546633
136,1018,15,23.029530439163384,113.5157914674965
136,1018,16,23.028863780533232,113.51482439542364
136,1018,17,23.02890174691187,113.51466618001372
136,1018,18,23.029065270468134,113.51462384568914
136,1018,19,23.02895783021169,113.51445838883362
136,1018,20,23.02894451465404,113.51434904947784
136,1018,21,23.029204430724903,113.51433224218428
136,1018,22,23.02919253591304,113.51399936044976
136,1018,23,23.02882027224385,113.51411913040964
136,1018,24,23.028690229012117,113.51390079507128
136,1018,25,23.02882791203557,113.51363064361684
136,1018,26,23.02937696700224,113.51346214123502
136,1018,27,23.02959262591227,113.51346698989532
136,1018,28,23.02966946621641,113.51313354743216
136,1018,29,23.02967904422505,113.5141277302881
136,1018,30,23.02863056762053,113.5146208174901
136,1018,31,23.028404709235254,113.51469328314543
136,1018,32,23.02839799634946,113.51442103919116
136,1018,33,23.02807815774332,113.51465574744854
136,1018,34,23.02753400826897,113.51480084595364
136,1018,35,23.02776532503,113.51380857331476
137,316,0,22.929053339943263,113.01269408225023
137,316,1,22.928583443964836,113.01339860708818
137,316,2,22.927697277780048,113.01329635335398
137,316,3,22.927380647559804,113.01337430527512
137,316,4,22.927296349672865,113.01288798414356
137,316,5,22.92749199838295,113.01275367230676
137,362,0,23.002886367071056,112.9800910854068
137,362,1,23.003117654959336,112.97987100347636
137,362,2,23.003039655321988,112.97977235837992
137,362,3,23.00293274907645,112.97962447253154
137,362,4,23.00330507731056,112.98070005701184
137,362,5,23.00378006536899,112.9805570750086
141,1018,0,23.02251719103457,113.5150098272929
141,1018,1,23.02275520768565,113.5150509029635
141,1018,2,23.023370077998685,113.51493083588228
141,1018,3,23.02359116304884,113.5149948373712
141,1018,4,23.02365685681124,113.51522317606496
141,1018,5,23.023780899387976,113.5151631510901
141,1018,6,23.02387304310725,113.51524386624952
141,1018,7,23.023945797504112,113.51515421960106
141,1018,8,23.023812675127203,113.5153647419783
141,1018,9,23.023653468425287,113.51540736551988
141,1018,10,23.023846910546737,113.51548258508028
141,1018,11,23.02392297855861,113.51558390511276
141,1018,12,23.02418914084958,113.51564305898648
141,1018,13,23.024221088260006,113.51553137631836
141,1018,14,23.02457871673964,113.51551530136692
141,1018,15,23.02460883144125,113.51594410545964
141,1018,16,23.02452158108512,113.51612310197696
141,1018,17,23.02437868615289,113.51602320646364
141,1018,18,23.024311657852746,113.51623297077334
141,1018,19,23.023983809516103,113.51653558708344
141,1018,20,23.023887528091,113.51594747688291
141,1018,21,23.02367644619924,113.5158621012465
141,1018,22,23.023341407305605,113.5153736708894
141,1018,23,23.02344451265036,113.51529097979255
141,1018,24,23.02485806763112,113.51608854140294
141,1018,25,23.0247880371566,113.51649444491576
141,1018,26,23.02467976360592,113.51661013967828
141,1018,27,23.024852936965804,113.5168847909272
141,1018,28,23.02484412703239,113.51711253848212
141,1018,29,23.024902933622208,113.51723466743876
141,1018,30,23.025121264194027,113.51733349777224
141,1018,31,23.02530291093382,113.51762093967068
141,1018,32,23.025404503325973,113.51785134306256
141,1018,33,23.025450695147452,113.51801659976576
141,1018,34,23.025357248715817,113.51825265845332
141,1018,35,23.025282981183917,113.51863086913733
141,1018,36,23.02550592127604,113.51879967171855
141,1018,37,23.02565215477744,113.51888995315998
141,1018,38,23.02556884942385,113.51916155508393
141,1018,39,23.02534249203998,113.51929900726836
141,1018,40,23.02502261127897,113.5192270203779
141,1018,41,23.025853485572323,113.51910042252514
141,1018,42,23.026074425163205,113.51878954804374
141,1018,43,23.02587917171306,113.51802105043716
141,1018,44,23.025467229644327,113.51737120707804
141,1018,45,23.02569347761311,113.51703290386024
141,1018,46,23.025392819804928,113.51677461741124
141,1018,47,23.02533511048587,113.51686306574412
141,1018,48,23.025310339323656,113.51665178204236
141,1018,49,23.02536908593541,113.51645939717363
141,1018,50,23.025263006240447,113.51632686359854
141,1018,51,23.02537260703935,113.51606833716372
141,1018,52,23.02530121182388,113.51591773782968
141,1018,53,23.025571991520284,113.51616179713402
141,1018,54,23.025676797096445,113.51602566373997
141,1018,55,23.02505264389604,113.5166468227536
141,1018,56,23.027451641121903,113.51610249289276
141,263,0,23.020543512752383,113.51494083137015
141,263,1,23.021051880819613,113.5148685445286
141,263,2,23.022084984441243,113.51490588663565
141,263,3,23.02237084475173,113.51472776470438
141,263,4,23.0225825071176,113.51489092052252
141,263,5,23.022632792110816,113.51504702712576
141,263,6,23.01979833644159,113.51492763640591
141,263,7,23.019631694788064,113.51495696820248
141,263,8,23.01949834351098,113.5149592157668
141,263,9,23.01944576325656,113.51504753349126
141,263,10,23.018473225570823,113.5150424292113
143,210,0,22.319131375731462,113.18302722528126
143,210,1,22.3192404043762,113.18290877994866
143,210,2,22.31935511643146,113.18290443111368
143,210,3,22.319808400384748,113.18318045657928
143,210,4,22.319728246259828,113.18339656167782
143,210,5,22.32002705056297,113.18330431466194
144,1059,0,23.08240254339883,112.147821651293
144,1059,1,23.083545657549735,112.14347660184116
144,1059,2,23.083449725886805,112.1433854327233
144,1059,3,23.0833542568597,112.14333369030518
144,1059,4,23.083560236989868,112.14319915491184
144,1059,5,23.083703640525663,112.14318566606998
144,1059,6,23.08374540873976,112.14307293184116
144,1059,7,23.083922934202977,112.1430353531684
144,1059,8,23.083937398386997,112.14315484022954
144,1059,9,23.0838291418956,112.14314252948296
144,1059,10,23.08403303858324,112.14322681385218
144,1059,11,23.084052113613154,112.1430471072865
144,1059,12,23.083917828141463,112.14290525363592
144,1059,13,23.08381925019356,112.14287587689962
144,1059,14,23.08366049812249,112.14293992249038
144,1059,15,23.08352550176592,112.14302919411806
144,1059,16,23.08340098338484,112.14297089520284
144,1059,17,23.08340715576735,112.1428630154208
144,1059,18,23.08343922943018,112.14276029357676
144,1059,19,23.08321234192568,112.14282859820248
144,1059,20,23.083236258834987,112.14258129074766
144,1059,21,23.082994909320284,112.14263296383464
144,1059,22,23.083440875465477,112.1425713187608
144,1059,23,23.08355138082541,112.14264361685612
144,1059,24,23.083709877281187,112.1427914783855
144,1059,25,23.083849040521013,112.14279250535428
144,1059,26,23.084076783584536,112.14280900845957
144,1059,27,23.08450064666401,112.14262305376504
144,1059,28,23.08463857280847,112.14272129032064
144,1059,29,23.084823344048612,112.14271634575836
144,1059,30,23.08477712052679,112.14286297151207
144,1059,31,23.084939942561896,112.14284735840904
144,1059,32,23.085059944203252,112.14287597209643
144,1059,33,23.085211177076523,112.14283821345624
144,1059,34,23.085259176451878,112.14269165092848
144,1059,35,23.08533299054927,112.14259954504864
144,1059,36,23.085475002183088,112.14270255614166
144,1059,37,23.08552498101556,112.14258019258176
144,1059,38,23.085421087822183,112.1425356155296
144,1059,39,23.08514042579076,112.14235841917257
144,1059,40,23.084987449217437,112.14229435031724
144,1059,41,23.084882281172213,112.14238261788816
144,1059,42,23.084738755714067,112.14255487265372
144,1059,43,23.08457419396811,112.14234923949458
144,1059,44,23.084502482575825,112.14220194396113
144,1059,45,23.08502137187548,112.1426448439949
144,1059,46,23.085128454995967,112.14273994880656
144,1059,47,23.085149051234623,112.14296560337402
144,1059,48,23.085275486520157,112.14302504189438
144,1059,49,23.085349822412898,112.14294897148724
144,1059,50,23.085459477409177,112.14294117216082
144,1059,51,23.085401532522024,112.1430569641068
144,1059,52,23.0852651502074,112.14309854006382
144,1059,53,23.085647404307757,112.1432068220346
144,1059,54,23.0856886469077,112.1428721940584
144,1059,55,23.08576391096708,112.1424450240114
144,1059,56,23.085307081888416,112.14214430548186
144,1059,57,23.085167523380346,112.1414543052742
144,1059,58,23.085044846458743,112.14082442365424
144,1059,59,23.08456051422654,112.14290405663394
144,1059,60,23.084355730188427,112.14359591404096
144,1059,61,23.082997327338383,112.1431289682788
144,1059,62,23.085828360764243,112.1384893108776
144,1059,63,23.08972085692914,112.13828679851012
147,276,0,23.190923394732877,111.59169993359372
147,276,1,23.190477260038467,111.59325614234533
147,276,2,23.19034614762966,111.59379408852766
147,276,3,23.19012897470293,111.59375554689343
147,276,4,23.19010929919891,111.59402114345843
147,276,5,23.19017294541296,111.59423086039148
147,276,6,23.19017931501888,111.59440146845256
147,276,7,23.190201141652537,111.5945388498173
147,276,8,23.190433789395943,111.594333147785
147,276,9,23.19035174495316,111.59418729095856
147,276,10,23.19067013306291,111.5941780573214
147,276,11,23.190673862724847,111.59429160057805
147,276,12,23.190814069459663,111.59442007570138
147,276,13,23.19101307905092,111.5942203902131
147,276,14,23.19079523069379,111.59408338541968
147,276,15,23.19093794110117,111.5938126997264
147,276,16,23.19119884247161,111.59411655963768
147,276,17,23.19140878187571,111.59435644179634
147,276,18,23.192085334711905,111.59326566052586
147,276,19,23.18982303467433,111.5940754457234
147,276,20,23.18993686113106,111.59480996411534
147,276,21,23.18975776069523,111.59514775397363
147,276,22,23.18974242623258,111.59526812764102
147,276,23,23.189583685533908,111.59526945071688
147,276,24,23.18947457060068,111.59519802186578
147,276,25,23.18953788922701,111.59505369403928
147,276,26,23.18946430634121,111.59492287786772
147,276,27,23.18932739992319,111.59490307507936
147,276,28,23.18936765549015,111.59479646824846
147,276,29,23.189280782143804,111.59474617423577
147,276,30,23.18954943887425,111.59478399508164
147,276,31,23.18936554202603,111.5951966013825
147,276,32,23.189639969733232,111.59542208752116
147,276,33,23.18948276510601,111.59558208836722
147,276,34,23.18953929500531,111.5957299080706
147,276,35,23.18959041789821,111.5959175631246
147,276,36,23.18970731195156,111.59579809418912
147,276,37,23.189701985092032,111.59565676355398
147,276,38,23.18984585572404,111.59554456646909
147,276,39,23.19000795267361,111.59572022993063
147,276,40,23.18984328068254,111.5964046874508
147,276,41,23.1901270321967,111.59709200042488
147,276,42,23.190745847438592,111.59815526451018
147,276,43,23.191822632940774,111.6021471311838
147,276,44,23.19499133730569,111.59266697031282
147,173,0,23.1902439117225,111.58261852015607
147,173,1,23.19056312268348,111.58231003498224
147,173,2,23.190268969785546,111.58164112875905
147,173,3,23.190108919359,111.58137423850224
147,173,4,23.19012737793489,111.58125780403788
147,173,5,23.19004866853411,111.5811936381026
147,173,6,23.19006347950364,111.5810914923414
147,173,7,23.189957053214403,111.58110068469628
147,173,8,23.190076434166382,111.58096483605496
147,173,9,23.19016824276374,111.58112988740334
147,173,10,23.190282040059397,111.58076858755268
147,173,11,23.19036479729228,111.58071226792237
147,173,12,23.190279846378854,111.58060885341511
147,173,13,23.19036585213293,111.58053322405377
147,173,14,23.190244635997797,111.58049555288729
147,173,15,23.190129329847075,111.58046026085069
147,173,16,23.19015547615232,111.58035181523704
147,173,17,23.190100090616703,111.58021259865733
147,173,18,23.190139903103663,111.5806181029126
147,173,19,23.190036169190844,111.5807444755248
147,173,20,23.18982692700237,111.58081604113322
147,173,21,23.1905836638341,111.58097987224076
147,173,22,23.190656990472323,111.58065496553525
147,173,23,23.19069008609712,111.5804552147668
147,173,24,23.19078188664732,111.58036761597546
147,173,25,23.19064447780007,111.58038432729973
147,173,26,23.190506943793277,111.58036981487072
147,173,27,23.190947491783767,111.58025934121402
147,173,28,23.191040131521287,111.58012788913427
147,173,29,23.191219000365013,111.5800228299653
147,173,30,23.191493914439555,111.58017044391796
147,173,31,23.191567553431728,111.5799386325576
147,173,32,23.1918071501354,111.57985174711784
147,173,33,23.19168561405952,111.5797100273322
147,173,34,23.192419387622333,111.5800183657298
147,173,35,23.191503347493228,111.58064349368
147,173,36,23.191415400463065,111.58051597743928
147,173,37,23.19127760309305,111.58055975258624
147,173,38,23.191073026398453,111.58062928217474
147,173,39,23.191072832790905,111.58047225467044
147,173,40,23.19135219420377,111.58076222129031
147,173,41,23.191490348132422,111.58080823396229
147,173,42,23.1912198696808,111.58152317186828
148,198,0,22.41088878132452,113.89601794059128
148,198,1,22.42318881634083,113.88901086758476
148,198,2,22.423469371087524,113.8886658423574
148,198,3,22.42406975223826,113.88813692638642
148,198,4,22.42481953709205,113.88906931223843
148,198,5,22.424944599263725,113.88937194569876
148,198,6,22.42592620604268,113.89070597770564
148,198,7,22.42780298834811,113.89185742988631
148,198,8,22.42698139470926,113.8885831422194
148,198,9,22.42642222710261,113.8844895898718
148,198,10,22.42760187509304,113.88345669518584
148,198,11,22.421928753727023,113.8869995489905
148,274,0,22.348809479145118,114.01598689299126
148,274,1,22.358203820547576,114.03784921600564
148,274,2,22.35760912307923,114.04321850999916
148,274,3,22.338251838133257,114.04487811775832
148,274,4,22.33779245753,114.05233923243084
150,319,0,22.893747942007074,113.15892137719204
150,319,1,22.893889884167045,113.1586067253099
150,319,2,22.893975537118514,113.1581971161977
150,319,3,22.89431269605704,113.1581811557748
150,319,4,22.89441738036535,113.15821019876458
150,319,5,22.8945313084776,113.158249606842
152,157,0,22.963824708613004,113.50228848113244
152,157,1,22.96310152000432,113.5022071353788
152,157,2,22.96284250109922,113.50211583056438
152,157,3,22.962715671922695,113.50204146619552
152,157,4,22.96275381224857,113.50183729532104
152,157,5,22.962882048254905,113.50185649721124
152,157,6,22.96293061851329,113.50172993770482
152,157,7,22.962511778723872,113.50179160361787
152,157,8,22.96239434403666,113.50183794335128
152,157,9,22.96221918164772,113.50178238251412
152,157,10,22.96214386881121,113.50206247489685
152,157,11,22.962423805298524,113.50202401980738
152,157,12,22.962646739593676,113.50214473306264
152,157,13,22.962813709177627,113.50129812619696
152,157,14,22.96207416730139,113.50124771442668
152,157,15,22.96198254672391,113.50106110292108
152,157,16,22.961608530534274,113.50106042629828
152,157,17,22.961485261796344,113.50111156026271
152,157,18,22.961768827621547,113.50144612829897
152,157,19,22.96186481171964,113.50344799863124
152,157,20,22.951897164593923,113.50737120809256
152,157,21,22.9652365028482,113.4926907205918
152,203,0,22.974911666342088,113.51090569627635
152,203,1,22.98206486942219,113.51088227175362
152,203,2,22.982420169420735,113.51084502770404
152,203,3,22.98262329484662,113.510835856307
152,203,4,22.9826233577486,113.5110926859104
152,203,5,22.98247305499558,113.51107536068947
152,203,6,22.98279692817172,113.51169963988416
152,203,7,22.982771671097076,113.5118339608794
152,203,8,22.982882027146864,113.51181692677744
152,203,9,22.98292692428348,113.5119544447378
152,203,10,22.9827787042795,113.51204676602292
152,203,11,22.983122195584407,113.5120639780163
152,203,12,22.983263838436844,113.5121300390996
152,203,13,22.98344269057588,113.51210040491806
152,203,14,22.983494388442598,113.51187156156956
152,203,15,22.98323081257525,113.51179987016504
152,203,16,22.98332530825259,113.5116372188114
152,203,17,22.983187957818824,113.51161554506156
152,203,18,22.983599719132503,113.51231430171578
155,236,0,23.11146771433091,113.64870398600448
155,236,1,23.111712748759,113.64892186214102
155,236,2,23.111829749978927,113.64912705423434
155,236,3,23.111932496678836,113.64910451424797
155,236,4,23.11209061771098,113.64940150748969
155,236,5,23.11173216767634,113.64986703665012
155,236,6,23.11157394653855,113.64991115385732
155,236,7,23.111632008514487,113.65006548275912
155,236,8,23.111797267213884,113.65022284442476
155,236,9,23.11179654602316,113.65041476367767
155,236,10,23.11187009013226,113.65072592863532
155,236,11,23.111512561562208,113.65020638726546
155,236,12,23.120349598667083,113.6511977152421
155,961,0,23.108638584511837,113.63372347477387
155,961,1,23.09798283466183,113.65327376685184
155,961,2,23.08718358765706,113.64989888982568
159,349,0,22.893587964264334,113.11726078110044
159,349,1,22.89408190915305,113.11646649798296
159,349,2,22.89439084080761,113.11583476057736
159,349,3,22.895274768115826,113.1156021913162
159,349,4,22.89556523389949,113.11644596817382
159,349,5,22.895678156924028,113.1166543997168
159,349,6,22.895001458437036,113.11680940912665
159,316,0,22.889594544967,113.09476807630274
159,316,1,22.88961158506824,113.09461425386156
159,316,2,22.88985850547328,113.0942287565977
159,316,3,22.889965220260382,113.09401358172664
159,316,4,22.8913095275082,113.09420787942852
159,316,5,22.891355546727876,113.09432450338986
164,405,0,23.07820390110028,113.25088004407804
164,405,1,23.078410702476397,113.25049100341008
164,405,2,23.078388183686148,113.25029586365288
164,405,3,23.078655204257643,113.25050002862808
164,405,4,23.07882139673875,113.25029486747276
164,405,5,23.07893393046569,113.25030131470515
164,405,6,23.07894170805895,113.2501926538744
164,405,7,23.07889440036565,113.25008471728596
164,405,8,23.078749127799213,113.25000400021544
164,405,9,23.078794004053407,113.24990772756072
164,405,10,23.078907953814504,113.2498439220553
164,405,11,23.079090007936763,113.24988237226628
164,405,12,23.07914026259397,113.24997933263012
164,405,13,23.07918447227821,113.25009469458271
164,405,14,23.07936864087221,113.24999565194123
164,405,15,23.07946752291453,113.2501278364353
164,405,16,23.07951356488024,113.25022285197512
164,405,17,23.07958784498792,113.25015312502433
164,405,18,23.07967193452023,113.25000027052812
164,405,19,23.079789558713824,113.2500306224924
164,405,20,23.07981928824814,113.24992016296004
164,405,21,23.079627939831283,113.24990758704732
164,405,22,23.07953963251441,113.2500463121279
164,405,23,23.079524835218592,113.2498650766259
164,405,24,23.079479344685844,113.2497372423609
164,405,25,23.07942159042929,113.24965172329462
164,405,26,23.079088414993063,113.24967277975138
164,405,27,23.07864307669043,113.24991313926164
164,405,28,23.078731304720737,113.250182163368
164,405,29,23.079109527410456,113.25024470582838
164,405,30,23.07922673328451,113.25027252411228
164,405,31,23.079312227968423,113.25037346719824
164,405,32,23.079530052119757,113.2503391201476
164,405,33,23.07952869254821,113.25058306638508
164,405,34,23.079787667321767,113.25028810666426
164,405,35,23.080311708302737,113.25000061979271
164,405,36,23.08032240191356,113.24976777743392
164,405,37,23.080144939520007,113.24973393682944
164,405,38,23.080789719498384,113.2495723515959
164,405,39,23.081367975909377,113.25120043230343
164,405,40,23.078622389021746,113.25110101587072
164,192,0,23.07000497237828,113.2573375395418
164,192,1,23.06979669687089,113.25817683235444
164,192,2,23.069891131782157,113.25829910162165
164,192,3,23.06987456655094,113.25849358196184
164,192,4,23.06996307193634,113.25857014639908
164,192,5,23.070014315455797,113.25866887390954
164,192,6,23.069774784112223,113.2586222511664
164,192,7,23.06971797596648,113.25870805739731
164,192,8,23.06965368828913,113.25858197772956
164,192,9,23.06960251218362,113.25847217890856
164,192,10,23.069549674404875,113.2585674567076
164,192,11,23.06949185118414,113.25871647334908
164,192,12,23.06936109923045,113.25875043640175
164,192,13,23.06945647641539,113.2589053308324
164,192,14,23.069565649174788,113.25877661672509
164,192,15,23.069820406211587,113.25884649841218
164,192,16,23.0700217720901,113.25903945702034
164,192,17,23.070295185697265,113.25884691804724
164,192,18,23.0703091996386,113.25933163664352
164,192,19,23.06958652281715,113.2594174335289
164,192,20,23.069263989205936,113.25946076684455
164,192,21,23.068973867010683,113.2594008808004
164,192,22,23.068779402760374,113.25938755272767
164,192,23,23.068661737425167,113.2593483916605
164,192,24,23.06874241854795,113.2594887348988
164,192,25,23.06883910229809,113.25921106134471
164,192,26,23.068909617990865,113.25907782537745
164,192,27,23.069081442461517,113.25907484654216
164,192,28,23.069234961602405,113.25901152439796
164,192,29,23.06920482860902,113.25890768597992
164,192,30,23.06920244821147,113.25879824033304
164,192,31,23.0691138168021,113.25884769862772
164,192,32,23.068982188826546,113.25891108631836
164,192,33,23.06971462721405,113.25849682749585
164,192,34,23.07078316904365,113.25869269513194
164,192,35,23.06923600123252,113.2598395961079
164,192,36,23.068798265580384,113.2578545706358
164,192,37,23.068771559923327,113.2569762822854
165,228,0,23.05833972814477,113.49790575852306
165,228,1,23.057750999500996,113.49762623799792
165,228,2,23.057674797667755,113.497759777195
165,228,3,23.057487893502557,113.49794982990082
165,228,4,23.057354115045403,113.4979393510153
165,228,5,23.05767638286195,113.4981168238975
165,228,6,23.05741578473904,113.4983895907417
165,228,7,23.05750609725221,113.49845606631362
165,228,8,23.057604951663475,113.49857667684144
165,228,9,23.05769213198278,113.49871879411003
165,228,10,23.057626982764205,113.4989188385484
165,228,11,23.057643228474564,113.49905830540553
165,228,12,23.057537016096315,113.49912174947588
165,228,13,23.057408627304657,113.49894728474298
165,228,14,23.05736285762612,113.49884366274736
165,228,15,23.057188988378208,113.4989279893144
165,228,16,23.057218150146767,113.49864868248342
165,228,17,23.05733842658503,113.49855499147492
165,228,18,23.05711014737542,113.49863767947062
165,228,19,23.05707247562373,113.49845225459582
165,228,20,23.057206827866327,113.49828312654572
165,228,21,23.05688785610248,113.49866087883768
165,228,22,23.05677441880002,113.49864053004475
165,228,23,23.05681190309757,113.49876483224746
165,228,24,23.05666398225482,113.4988078686896
165,228,25,23.056691208579927,113.49895086469574
165,228,26,23.056808957887057,113.49901697090516
165,228,27,23.056420098300283,113.49902344805444
165,228,28,23.056389604228134,113.49864052678656
165,228,29,23.0564282644723,113.49841810685014
165,228,30,23.05650261145215,113.49829285297756
165,228,31,23.056363868047008,113.49817975516552
165,228,32,23.05615884433728,113.49819925469312
165,228,33,23.05605851663297,113.49821017981137
165,228,34,23.05601840942377,113.49832617109828
165,228,35,23.056095366642506,113.4985788386531
165,228,36,23.056260783320013,113.4984649333297
165,228,37,23.05654930471941,113.49807147582928
165,228,38,23.05651150844939,113.49791958202968
165,228,39,23.056760171271147,113.49790143174184
165,228,40,23.05668803315256,113.49820556455272
165,228,41,23.057899945462825,113.49875638197824
165,228,42,23.05801560904734,113.498672944348
165,228,43,23.057903350000636,113.4988244905983
165,228,44,23.058029096050845,113.49893460135488
165,228,45,23.058146152183376,113.49899252986584
165,228,46,23.058012924364785,113.49917055629548
165,228,47,23.05805039418259,113.4992824461525
165,228,48,23.05787741810534,113.49931077671718
165,228,49,23.05790524561439,113.49942678561776
165,228,50,23.05754695996505,113.49929117752394
165,228,51,23.05778499664917,113.4990558815542
165,228,52,23.058331553488543,113.49926433419212
165,228,53,23.05841622218262,113.49946788445276
165,228,54,23.05859279691314,113.49954517801534
165,228,55,23.05869395166719,113.49972173999087
165,228,56,23.05849965467386,113.49973459509658
165,228,57,23.05897278251613,113.499816643867
165,228,58,23.05868642971652,113.49918584613756
165,228,59,23.05857147221809,113.49920941015162
165,228,60,23.05876585790196,113.4990525567867
165,228,61,23.055583542995144,113.49937849857172
165,188,0,23.05583537007332,113.49796624124583
165,188,1,23.050974747732653,113.49947919214152
165,188,2,23.05243527818214,113.50181630626
166,254,0,23.11814945758704,112.40355861467704
166,254,1,23.128213978019623,112.39685415493324
166,254,2,23.1189502256017,112.390359472086
166,254,3,23.11894060813727,112.38726297218524
166,254,4,23.112559360428364,112.39128073539068
168,395,0,23.12011033295868,112.24414360167836
168,395,1,23.11996030680689,112.24402574224987
168,395,2,23.1199050226954,112.24387321402052
168,395,3,23.119797812793315,112.24359105412115
168,395,4,23.119697212029568,112.2433888184583
168,395,5,23.119704613513647,112.24328379589494
168,395,6,23.11983678492528,112.2432684054539
168,395,7,23.119960618076053,112.2432915497509
168,395,8,23.12003621238069,112.24310211185218
168,395,9,23.120174183641097,112.24321843295662
168,395,10,23.120261440719855,112.2433458257489
168,395,11,23.11999201019986,112.24341717177995
168,395,12,23.11958616793481,112.24333317433128
168,395,13,23.11944717430528,112.2433169847095
168,395,14,23.11946755547456,112.24318932410804
168,395,15,23.119556121223034,112.24305718215916
168,395,16,23.119660457953024,112.2431284292472
168,395,17,23.11978924299103,112.2430447990131
168,395,18,23.119732506528216,112.2429512261456
168,395,19,23.11958553064403,112.2429714166976
168,395,20,23.11946146324656,112.2428228434664
168,395,21,23.11926075648392,112.2429422036354
168,395,22,23.119233043447604,112.2430443784194
168,395,23,23.11908484748588,112.24323877281338
168,395,24,23.118964473250408,112.24306597089974
168,395,25,23.119172855696323,112.2434189049122
168,395,26,23.119165590396232,112.24355535233738
168,395,27,23.11941267390017,112.24357668255078
168,395,28,23.119553063987254,112.2435476525709
168,395,29,23.1194808404254,112.2439292964486
168,395,30,23.120185243805324,112.24380439887688
168,395,31,23.12033899665296,112.2440591819021
168,395,32,23.12049592732281,112.2438284687716
168,395,33,23.12031606591481,112.24303154686048
168,395,34,23.120361852259578,112.24288154756115
168,395,35,23.12058894155576,112.24289924425648
168,395,36,23.12082004618573,112.2429580202498
168,395,37,23.120917415986483,112.2428272439815
168,395,38,23.121023113177507,112.24282404622129
168,395,39,23.12118926335505,112.24270121060488
168,395,40,23.121269721518743,112.24262005777425
168,395,41,23.121472989289845,112.24264310070988
168,395,42,23.12154157536889,112.24271695557
168,395,43,23.121596604053465,112.24288684085236
168,395,44,23.12180187226473,112.24265056336604
168,395,45,23.12160828096641,112.24243646820292
168,395,46,23.1213840244532,112.24249452505912
168,395,47,23.121264416978025,112.24242944516432
168,395,48,23.12123772052126,112.24225941993228
168,395,49,23.12111776154981,112.24223203714276
168,395,50,23.12102606605559,112.24210191338054
168,395,51,23.12085077132297,112.2421722827564
168,395,52,23.12090703933368,112.24245820517302
168,395,53,23.121039256510095,112.2425664440226
168,395,54,23.121240208481595,112.2428385390893
168,395,55,23.12098745126456,112.24294450957592
168,395,56,23.120362928286458,112.242545225917
168,395,57,23.12040819871678,112.24228973556286
168,395,58,23.12043882067289,112.2420865720841
168,395,59,23.11966797861901,112.24248798779632
168,395,60,23.11939619081248,112.2424219654723
168,395,61,23.118718017739752,112.24235075027823
168,395,62,23.11844076365056,112.24255388212488
168,395,63,23.11787135401209,112.243442027031
168,395,64,23.117445191230544,112.24396192421128
168,395,65,23.11681112901133,112.24364540015888
168,395,66,23.119746588374536,112.24109709941663
168,395,67,23.121380196843603,112.24165216907396
168,395,68,23.1213862498193,112.24203031253954
168,395,69,23.12136814414723,112.24219757920844
168,395,70,23.118934211299564,112.2392278807714
170,225,0,22.528561467310983,113.8209490104851
170,225,1,22.522299293437147,113.8150717547728
170,225,2,22.51564770435412,113.81662279739946
172,220,0,22.781261885598354,113.4224025554269
172,220,1,22.746067104224288,113.40531810465758
172,220,2,22.74536925114597,113.40554357461542
172,220,3,22.74507386723577,113.40515392802412
173,275,0,23.19450442370613,111.57157894266167
173,275,1,23.195707137894825,111.56958397629708
173,275,2,23.19558700684548,111.56927870059144
173,275,3,23.19568119146058,111.56900522827584
173,275,4,23.195775204887724,111.56883585726766
173,275,5,23.195895624850728,111.56872872151548
173,275,6,23.196101958455586,111.56880483776376
173,275,7,23.19622409125658,111.56884988286144
173,275,8,23.196127485121927,111.56901401681895
173,275,9,23.196098952756905,111.56915833760624
173,275,10,23.19592085133461,111.56910178833196
173,275,11,23.196055240534907,111.5693766777988
173,275,12,23.19560150268315,111.56882387494574
173,275,13,23.195676438130263,111.56862496562276
173,275,14,23.19578322484416,111.56850359040064
173,275,15,23.19593421503498,111.56834443045696
173,275,16,23.196083690361014,111.56855188015868
173,275,17,23.196021033515358,111.5686407949058
173,275,18,23.19615523692517,111.56848238344446
173,275,19,23.19622547168331,111.5685751734445
173,275,20,23.196851710264145,111.5687964970162
173,275,21,23.19707785524176,111.5688866561468
173,275,22,23.197087329524688,111.56910563580556
173,275,23,23.197274102234573,111.56907769133464
173,275,24,23.197378915566738,111.5690051951258
173,275,25,23.19757903340827,111.56891304188302
173,275,26,23.197732657389327,111.56925255953044
173,275,27,23.19743000780844,111.569299438178
173,275,28,23.19749267700497,111.56946612856323
173,275,29,23.197671096181445,111.56959524898876
173,275,30,23.19780306902374,111.56961060926967
173,275,31,23.198364513706768,111.5692272559427
173,275,32,23.19821897348556,111.56887464825402
173,275,33,23.198550712749597,111.56966467683944
173,275,34,23.198687351875087,111.56973727991254
173,275,35,23.19849318820136,111.56998413622038
173,275,36,23.198740540890324,111.57005882237485
173,275,37,23.198623475717884,111.57021868396892
173,275,38,23.19895884189251,111.57008276707576
173,275,39,23.19909251987928,111.5700228419738
173,275,40,23.19902496615983,111.56807889497097
173,275,41,23.199125473641047,111.56784068385129
173,275,42,23.195440866757306,111.56834511976538
174,217,0,22.94598798624552,113.54479099968415
174,217,1,22.94613039860882,113.5459757665675
174,217,2,22.94448609746652,113.545932170667
174,217,3,22.94387778678773,113.54581560023072
174,217,4,22.943739417180947,113.54574469540552
174,217,5,22.943482024912345,113.54567348714114
174,217,6,22.943265538515515,113.54607682385942
174,217,7,22.94364910869466,113.54677692915848
174,217,8,22.944119955365974,113.54751317596195
174,217,9,22.944220316874187,113.54754763536631
174,217,10,22.94424360936618,113.54810934270698
174,217,11,22.945345437453568,113.549844205924
174,217,12,22.94413458289124,113.54539723778215
174,217,13,22.94405171693573,113.54490656002112
174,217,14,22.943636297533875,113.54464960805328
174,217,15,22.94352507788104,113.54480296937916
174,217,16,22.943361503769204,113.54472827721705
174,217,17,22.943161425614186,113.54458775434009
174,217,18,22.94306185363221,113.54447014510806
174,217,19,22.943024211179043,113.54436569386084
174,217,20,22.94315325522356,113.54436443492918
174,217,21,22.942983654080724,113.54459719183264
174,217,22,22.943097691303667,113.54475178597542
174,217,23,22.94308846185993,113.54486775081476
174,217,24,22.942889530547397,113.54481435486906
174,217,25,22.942426381511883,113.54510446040426
174,217,26,22.9420638905776,113.54481337480942
174,217,27,22.942169237184064,113.54467508519696
174,217,28,22.94225158144679,113.54448906611132
174,217,29,22.942356354431507,113.54442843963864
174,217,30,22.94245518758688,113.54433999387702
174,217,31,22.942462490134425,113.544183532417
174,217,32,22.942648684023418,113.5441032270139
174,217,33,22.942598192505283,113.54398529980216
174,217,34,22.942363161686977,113.54397673034964
174,217,35,22.942251405467985,113.54396621457244
174,217,36,22.942195828986527,113.54408415015064
174,217,37,22.942179195329956,113.54376523056482
174,217,38,22.942284471376283,113.54366306226234
174,217,39,22.94244175414248,113.5436196955956
174,217,40,22.943422703345004,113.54383065347342
174,217,41,22.943568120941432,113.54378613831422
174,217,42,22.943647542849227,113.54407361016912
174,217,43,22.942777936413872,113.54543796702372
174,217,44,22.942079062639472,113.54580566724644
174,217,45,22.94219993122883,113.5459946412158
174,217,46,22.93998100957855,113.54577536861716
175,184,0,23.11194814876261,113.37270309280846
175,184,1,23.11198675877668,113.3730955233493
175,184,2,23.11177704656874,113.37317669396796
175,184,3,23.111665621494865,113.37330253202045
175,184,4,23.111358148695683,113.37329462180594
175,184,5,23.111688176311254,113.37382520675192
175,184,6,23.111566637786048,113.37435192713106
175,184,7,23.103956645482334,113.3768102147948
176,210,0,22.36512684913454,113.21397405935332
176,210,1,22.364269639050256,113.21410220722888
176,210,2,22.3642367980526,113.21434777781828
176,210,3,22.36372472118412,113.2140563564956
176,210,4,22.36367695187935,113.21453743656733
177,225,0,22.493841422731855,113.73086849546137
177,225,1,22.50676489246608,113.73599461511172
177,225,2,22.50705375854105,113.73628128016058
177,225,3,22.506864861002096,113.73934480373276
177,225,4,22.5075373677518,113.740127653661
177,225,5,22.5085120373238,113.74142655561444
177,225,6,22.50873503339963,113.74388592902702
177,225,7,22.509428814595992,113.7463390604886
177,225,8,22.508942583415884,113.74657430257504
177,225,9,22.510020510881567,113.73707638755695
177,267,0,22.331666547244406,113.73822022785237
177,267,1,22.33120416182788,113.73849911188483
177,267,2,22.33050776782982,113.73778364363928
177,267,3,22.33094223665528,113.73508503595389
177,267,4,22.33311730240488,113.7814040424197
177,267,5,22.333658599048952,113.78265220759154
177,267,6,22.334744400571545,113.78705166585772
177,267,7,22.338530911141117,113.79461340742655
182,242,0,24.124038172672517,113.37912727605983
182,242,1,24.12425311667929,113.3790671052357
182,242,2,24.124315206378736,113.37936652106784
182,242,3,24.124614436979183,113.37957015971838
183,219,0,22.84803137685968,112.92980990297544
183,219,1,22.848300237828862,112.92945373863624
183,219,2,22.85033399699805,112.92939042565726
183,219,3,22.850354413717948,112.93030228383732
183,232,0,22.765347091260747,113.08737590775374
183,232,1,22.765447724620213,113.0876924636436
183,232,2,22.764794266033157,113.08751127307016
183,232,3,22.76389599820301,113.08760959594046
183,232,4,22.763674502468277,113.08758279170648
183,232,5,22.763656305853733,113.08794498765484
183,232,6,22.762712220160584,113.08778865040613
183,232,7,22.76279794310781,113.08717882118826
183,221,0,22.74989626411513,113.07575088704006
183,221,1,22.74875938172891,113.07494507001756
183,221,2,22.74848227141195,113.07484136280354
183,221,3,22.761763309286625,113.0896220733673
184,764,0,23.109068135175068,113.38655331157628
184,764,1,23.108689147549068,113.38669984814037
184,764,2,23.10852995972796,113.38674909755356
184,764,3,23.10855579817756,113.38686645874512
184,764,4,23.108511993647998,113.3870107843692
184,764,5,23.108514356559105,113.38715033279806
184,764,6,23.108569298730757,113.38730036492396
184,764,7,23.108769690843296,113.3875075003588
184,764,8,23.10880382926082,113.38698608224838
184,877,0,23.10914443839013,113.38712265583771
184,877,1,23.109108301572704,113.38734474169686
184,877,2,23.109007846562022,113.38746300363056
184,877,3,23.10908860107006,113.3875833600635
184,877,4,23.10933122880281,113.38773547632135
184,877,5,23.110260660918016,113.38778415605223
184,877,6,23.11037492543976,113.38775285062631
184,877,7,23.11036492750594,113.3878883717585
184,877,8,23.11050996204296,113.38772208170916
184,877,9,23.110603719486157,113.38778626435676
184,877,10,23.109576323520717,113.3887377225232
185,246,0,23.10601920287989,112.21608730663796
185,246,1,23.10550875627171,112.21550785092344
185,246,2,23.1047461988944,112.21481209147174
185,246,3,23.104451982554743,112.21433626915312
185,246,4,23.1042953598025,112.21443801454826
185,246,5,23.104155536243123,112.2143196438311
185,246,6,23.104176875318007,112.21412853440069
185,246,7,23.1039736142952,112.214195591323
185,246,8,23.10398299886102,112.21433168225212
185,246,9,23.103839594796423,112.21423641432936
185,246,10,23.103856640170253,112.21410207702908
185,246,11,23.103916119698443,112.21397573672648
185,246,12,23.10394363795224,112.21387641899562
185,246,13,23.103832871492397,112.2137671883938
185,246,14,23.10364215950942,112.21383721307429
185,246,15,23.103807089765464,112.2136572131109
185,246,16,23.10390673936614,112.21370611760987
185,246,17,23.1040552519406,112.21389798839418
185,246,18,23.104194672833906,112.2137453893376
185,246,19,23.10418948912735,112.21351499229176
185,246,20,23.10415016453215,112.21338536952771
185,246,21,23.104492939981068,112.21336240273654
185,246,22,23.10494563575736,112.21348192701024
185,246,23,23.104736688365577,112.21398792063474
185,246,24,23.10437176769235,112.21410278571057
185,246,25,23.103732823983314,112.21471246218331
185,246,26,23.103507123875627,112.21448871757326
185,246,27,23.10335018251623,112.2142141710944
185,246,28,23.10304736897791,112.21454195790773
185,246,29,23.10268624445741,112.21465802304428
185,246,30,23.102580526762623,112.21443115324205
185,246,31,23.10282391260751,112.21488445843666
185,246,32,23.102583816772032,112.21494619186484
185,246,33,23.103391080960304,112.21338525415192
185,246,34,23.103845889880034,112.21284047181882
185,246,35,23.104024298012057,112.2126109037155
185,246,36,23.10397729554277,112.21236230051656
185,246,37,23.10382318019885,112.21240196164052
185,246,38,23.10369176641421,112.21242846730358
185,246,39,23.10367954265435,112.21214613254357
185,246,40,23.10386017568736,112.21200367854604
185,246,41,23.104073189495008,112.21216327150614
185,246,42,23.10422629020448,112.2122834554581
185,246,43,23.104272128101684,112.2121134284028
185,246,44,23.104322559543576,112.2119378245306
185,246,45,23.104434630511683,112.2120015815602
185,246,46,23.104525076009285,112.21212750575124
185,246,47,23.10437851620448,112.2122170391163
185,246,48,23.104390947657876,112.21235380338491
185,246,49,23.104395409993423,112.21248884446427
185,246,50,23.104277200244105,112.21251112238602
185,246,51,23.10414023611584,112.2124086476652
185,246,52,23.104144038850137,112.21266212444944
185,246,53,23.104190065132965,112.21281849306696
185,246,54,23.104319417257827,112.21279907426812
185,246,55,23.104471129839137,112.21261277883568
185,246,56,23.104486365276244,112.2124877118224
185,246,57,23.105046896819047,112.21215198929308
185,246,58,23.104154197240213,112.21185544951064
185,246,59,23.10356483972504,112.21158962942944
185,246,60,23.104068113845265,112.21094114404634
185,246,61,23.101582397679145,112.20983267744982
185,246,62,23.096273971687683,112.20902322045389
185,246,63,23.104610599773228,112.2167870224144
185,246,64,23.10204699677763,112.21961631531896
188,228,0,23.05264974387526,113.50494107872822
188,228,1,23.05458634316705,113.50339548110178
188,228,2,23.05477153205541,113.5034603922478
188,228,3,23.0548971814889,113.50334746389308
188,228,4,23.054850252931125,113.50317463644564
188,228,5,23.054863784103887,113.5029995948204
188,228,6,23.05475003153553,113.50290470723458
188,228,7,23.054861965867264,113.5028430209428
188,228,8,23.054675966315788,113.5026892003894
188,228,9,23.05473071997365,113.50258956126646
188,228,10,23.054578979670385,113.50255526588496
188,228,11,23.05448676964916,113.5023788552018
188,228,12,23.0544042364647,113.50229743506532
188,228,13,23.0543260124351,113.50246284612535
188,228,14,23.054181898605027,113.5023974642801
188,228,15,23.054055623488427,113.50243635513824
188,228,16,23.05408924913947,113.50232904661031
188,228,17,23.054125973512598,113.50220527636245
188,228,18,23.054436155719863,113.50211192402364
188,228,19,23.054406939809557,113.5018707479993
188,228,20,23.05451608947028,113.50173733853644
188,228,21,23.054648187827997,113.5017938539085
188,228,22,23.054810581904952,113.50177135166956
188,228,23,23.05478855232332,113.50166391417224
188,228,24,23.05459705786297,113.5015865378521
188,228,25,23.054310610281117,113.50157298408834
188,228,26,23.054228951740207,113.5018976565681
188,228,27,23.05407570811442,113.50192910262676
188,228,28,23.053948931261232,113.50206971266326
188,228,29,23.05382941790524,113.5021017385536
188,228,30,23.05383821861414,113.50220323740864
188,228,31,23.053693563083257,113.50206746329742
188,228,32,23.05352131145102,113.501995728871
188,228,33,23.05347378644217,113.50180913948935
188,228,34,23.053367176564308,113.50170998539114
188,228,35,23.05357030454152,113.50155198634124
188,228,36,23.053733469396064,113.50145265512612
188,228,37,23.05353366887654,113.50120910671262
188,228,38,23.05306628689,113.501113453543
188,228,39,23.052920266943417,113.5011772393637
188,228,40,23.052852953901255,113.501296008537
188,228,41,23.052699942536933,113.50107075293096
188,228,42,23.052763767620718,113.50094154552056
188,228,43,23.05257311360013,113.5010436128872
188,228,44,23.052398523743665,113.5009906940694
188,228,45,23.052454839169037,113.50085494808
188,228,46,23.052551804658115,113.50074204603092
188,228,47,23.052558675892385,113.5006208801038
188,228,48,23.052513408704648,113.5005104587202
188,228,49,23.052447886955424,113.50036903828664
188,228,50,23.05234793226325,113.50018110007908
188,228,51,23.05226178071135,113.50033051414952
188,228,52,23.052315643743444,113.5005645435661
188,228,53,23.052295806281982,113.50074883127394
188,228,54,23.05224766750652,113.50087861875704
188,228,55,23.05204735495489,113.5007566968239
188,228,56,23.05192210255071,113.50075558071556
188,228,57,23.05219668650375,113.50116694754132
188,228,58,23.052301183483863,113.50111209193705
188,228,59,23.052426459074777,113.50120291195984
188,228,60,23.05254680260141,113.50116050179564
188,228,61,23.05254818908525,113.50128334722032
188,228,62,23.05250605580997,113.50151738212644
188,228,63,23.052721162580333,113.50175531432056
188,228,64,23.052537007466324,113.50190735825343
188,228,65,23.05289747037858,113.50205583476064
188,228,66,23.05297185988905,113.5017380113636
188,228,67,23.05305535039935,113.5013617937452
188,228,68,23.052767084465746,113.50066790329625
188,228,69,23.05264086230457,113.50071823344416
188,228,70,23.053016894673465,113.50042749144846
188,228,71,23.054150226740106,113.50096849119932
188,228,72,23.05456910202033,113.5011164696206
188,228,73,23.054705599553635,113.50088520713956
188,228,74,23.05520911575877,113.50169243251008
188,228,75,23.055333623440266,113.50221746772226
188,228,76,23.05545706914128,113.50277464278362
188,228,77,23.05515275103413,113.5027635849328
188,228,78,23.05515511061811,113.50319437599602
188,228,79,23.05521420015569,113.50347993699263
188,228,80,23.05543313867339,113.50350680347682
188,228,81,23.054536071687625,113.50320705987022
188,228,82,23.05445852157123,113.5030530582576
188,228,83,23.054434254746507,113.50291988986964
188,228,84,23.054304675057864,113.50289648315832
188,228,85,23.054503307319045,113.50285514837957
188,228,86,23.05468688684621,113.5021844651794
188,228,87,23.05384213911585,113.50244370574728
188,228,88,23.053207622182548,113.50224124982194
188,228,89,23.053939994426013,113.50163701409716
188,228,90,23.053915233667333,113.50147722363867
188,228,91,23.052188948394125,113.50159487270244
188,228,92,23.051729327316032,113.50127953412884
188,228,93,23.051495035451907,113.50164927891984
188,228,94,23.054636312555274,113.49952668754511
188,228,95,23.056051635910247,113.5050940170644
188,293,0,23.05192625390163,113.50506132297588
188,293,1,23.05076894108115,113.50482774371686
188,293,2,23.050698401532436,113.505166485628
188,293,3,23.05065159728744,113.50549470330267
188,293,4,23.05059175213107,113.50558402460705
188,293,5,23.05073842853836,113.5057215742843
188,293,6,23.05064234498597,113.5057834891016
188,293,7,23.05065928008429,113.50592043679735
188,293,8,23.050456290335127,113.50586724157324
188,293,9,23.05036071552849,113.50576635809044
188,293,10,23.050199042429742,113.50566719666202
188,293,11,23.050263312501396,113.50551077532918
188,293,12,23.05040495461845,113.50567107004404
188,293,13,23.050336840295635,113.50598797695386
188,293,14,23.050286358454688,113.50614700527665
188,293,15,23.050234988035843,113.50628064632824
188,293,16,23.05007430710333,113.50635136016402
188,293,17,23.05039399230767,113.50640487552565
188,293,18,23.050412876416523,113.50630140697513
188,293,19,23.05042062474496,113.50614158506508
188,293,20,23.050532979403723,113.5060845503805
188,293,21,23.050701363880496,113.50627295478805
188,293,22,23.05073680508789,113.5063936161165
188,293,23,23.0510183650131,113.50618518422488
188,293,24,23.050881659202098,113.50608443603318
188,293,25,23.050869611278465,113.50596662765956
188,293,26,23.051072263039615,113.50638489420312
188,293,27,23.051250542274403,113.50644926698033
188,293,28,23.0511145143998,113.50695161711458
188,293,29,23.05118922159735,113.50719825800893
188,293,30,23.051367834463964,113.50711983580555
188,293,31,23.05087439628437,113.50744524748836
188,293,32,23.050794837701478,113.50734595876452
188,293,33,23.050727152720533,113.50720710490948
188,293,34,23.05057661320143,113.50703578330878
188,293,35,23.05066143376933,113.5069579243882
188,293,36,23.05043168688363,113.5068433504183
188,293,37,23.0505418006727,113.50671260606306
188,293,38,23.050518548468187,113.50654072101176
188,293,39,23.050498156783394,113.5063850174897
188,293,40,23.050729362548942,113.5066689908402
188,293,41,23.050119832087763,113.50697813955776
188,293,42,23.04998808153892,113.50591692794173
188,293,43,23.05007337172709,113.5057621184499
188,293,44,23.04988336453801,113.50569076234488
188,293,45,23.049836504018177,113.50555612012252
188,293,46,23.04970009635253,113.5057028769952
188,293,47,23.049628332431908,113.50599505111852
188,293,48,23.049279351335368,113.50556109601384
188,293,49,23.04893376992931,113.50508891810664
188,293,50,23.04870618951652,113.505133401437
188,293,51,23.048514538572157,113.50523684513264
188,293,52,23.048461182700308,113.505146466855
188,293,53,23.048554905594013,113.50497007206334
188,293,54,23.048682647555506,113.5048217899634
188,293,55,23.048679009610463,113.50471725862192
188,293,56,23.048794365727925,113.50482317193132
188,293,57,23.0489798388207,113.5046896455306
188,293,58,23.0486901202465,113.50460945744288
188,293,59,23.048576913691655,113.50470622153998
188,293,60,23.04830255007826,113.5047802304242
188,293,61,23.048165090221133,113.50492978297234
188,293,62,23.048157909799528,113.5050557830398
188,293,63,23.048015076561047,113.50515447502708
188,293,64,23.04882966962244,113.50439795430262
188,293,65,23.04952291334813,113.50424280571409
188,293,66,23.04971913594975,113.50448849407115
188,293,67,23.04982277950701,113.5051999662005
188,293,68,23.049951430863423,113.50533876857529
188,293,69,23.05004017140919,113.50555739649263
188,293,70,23.050282933059368,113.50520544716444
188,293,71,23.05103305036694,113.50769494604296
192,830,0,23.063436548730987,113.2648027035202
192,830,1,23.063550874516874,113.26488915060644
192,830,2,23.06371143441309,113.2648751865245
192,830,3,23.063865814481588,113.26495592180105
192,830,4,23.064094188955828,113.26508194161916
192,830,5,23.06354146489472,113.26541313264944
192,830,6,23.06339564942619,113.26541389006218
192,830,7,23.063476865496177,113.26534225650634
192,830,8,23.063330925959075,113.26523724274092
192,830,9,23.063133266260955,113.26527696968525
192,830,10,23.063053301720377,113.26533922587436
192,830,11,23.062935759998457,113.26530263512812
192,830,12,23.06292814457357,113.26517613350602
192,830,13,23.06311359903656,113.26517246205168
192,830,14,23.06305353163956,113.2649595192556
192,830,15,23.062910423828423,113.26492425646713
192,830,16,23.06274879170888,113.265120384434
192,830,17,23.06265867125691,113.26505555059902
192,830,18,23.062706014719097,113.26538418129294
192,830,19,23.0627260112214,113.26551355551132
192,830,20,23.062532084093316,113.2654870354655
192,830,21,23.06242485306115,113.26555243739656
192,830,22,23.062350205749425,113.2656267189295
192,830,23,23.06228588214524,113.26573755353247
192,830,24,23.06242459786713,113.26592944133216
192,830,25,23.062703741328736,113.26600896202213
192,830,26,23.062687401043604,113.26585220012196
192,830,27,23.06265041458423,113.26564710820112
192,830,28,23.062777150133336,113.2656223120684
192,830,29,23.06284546878718,113.26550134407752
192,830,30,23.063049519953896,113.26548955072768
192,830,31,23.0631492182605,113.26544868896656
192,830,32,23.06331628696106,113.26556783561033
192,830,33,23.06322857265324,113.26561715980556
192,830,34,23.063107181274976,113.26585666569277
192,830,35,23.062898559622766,113.26577746005876
192,830,36,23.06325791595707,113.26608585440528
192,830,37,23.06352753299896,113.26590094477976
192,830,38,23.063537410349674,113.26569810498069
192,830,39,23.063461030023905,113.2655346945189
192,830,40,23.06397478614444,113.26616807240428
192,830,41,23.0643166601998,113.26604114950943
192,830,42,23.062935704056,113.26636696149572
192,830,43,23.06248891656389,113.26622867823664
192,830,44,23.06226140028312,113.26616497442322
192,830,45,23.062146959308222,113.26611396085563
192,830,46,23.06194212961467,113.26576034391836
192,830,47,23.062120885230456,113.2655288983208
192,830,48,23.06220861182056,113.2653515620664
192,830,49,23.06191674153039,113.2653046107878
192,830,50,23.06190225464265,113.26481048132403
192,830,51,23.061905384460157,113.26693786031356
193,1224,0,23.151565739875224,112.79043747671317
193,1224,1,23.15158060066645,112.79101301068336
193,1224,2,23.151323487422676,112.79109855741116
193,1224,3,23.15118944685621,112.79119231628827
193,1224,4,23.15111583537582,112.79133594938568
193,1224,5,23.15096329630479,112.79137519963533
193,1224,6,23.15084352984241,112.79138061454066
193,1224,7,23.15081109589747,112.7914819608324
193,1224,8,23.15084848304872,112.79163466118648
193,1224,9,23.151008732485305,112.7916621051896
193,1224,10,23.15113617502565,112.7916071578602
193,1224,11,23.151125004639542,112.79171233914936
193,1224,12,23.151280905716806,112.7917442629652
193,1224,13,23.151300303962625,112.79156567131508
193,1224,14,23.15129189607132,112.79139491037832
193,1224,15,23.15096901769941,112.7915180813062
193,1224,16,23.1507708005353,112.79161424493816
193,1224,17,23.150669021750584,112.79170452493832
193,1224,18,23.15060714343696,112.79179877489634
193,1224,19,23.150547188878956,112.7916508206654
193,1224,20,23.150679150234307,112.79148925707048
193,1224,21,23.15067839017675,112.7913823312435
193,1224,22,23.150582934757324,112.79143056402675
193,1224,23,23.15044144498047,112.79142019293752
193,1224,24,23.1503292929674,112.79134915132944
193,1224,25,23.15035339308283,112.79123946201751
193,1224,26,23.150455086663708,112.79131659624308
193,1224,27,23.150442041721814,112.79152975862908
193,1224,28,23.150282126542507,112.79149259179415
193,1224,29,23.150143304075605,112.7912554085718
193,1224,30,23.150161787675827,112.79113979642996
193,1224,31,23.150275863698155,112.79096091041394
193,1224,32,23.15040030799916,112.79085193609626
193,1224,33,23.150310987607025,112.79076441508263
193,1224,34,23.150538287112838,112.79084762054543
193,1224,35,23.150721300628067,112.79094783595929
193,1224,36,23.150571896062317,112.7910811258736
193,1224,37,23.15069752924878,112.79127139139644
193,1224,38,23.150737743212638,112.79139805965858
193,1224,39,23.1508922730827,112.79120901019196
193,1224,40,23.150951164892486,112.7909677548982
193,1224,41,23.151626078870777,112.7913057004858
193,1224,42,23.15093887078212,112.79177360603606
193,1224,43,23.15090399618324,112.7919315015928
193,1224,44,23.151012622147142,112.79190756471316
193,1224,45,23.1508109790718,112.79184631676036
193,1224,46,23.150759104074613,112.79196512428786
193,1224,47,23.15106999877599,112.7923024154195
193,1224,48,23.150702536729717,112.79249806178234
193,1224,49,23.151757200029103,112.79306928068286
193,1224,50,23.1496565467178,112.79148949471065
193,1224,51,23.149498307534973,112.79158484495912
193,1224,52,23.14960375634428,112.79129249207946
193,1224,53,23.14927229279396,112.79118165038628
193,1224,54,23.149310889183216,112.79091180438692
193,1224,55,23.149415230649076,112.79086004256442
193,1224,56,23.14945231548361,112.790760279276
193,1224,57,23.14926317474717,112.79059005278572
193,1224,58,23.149281407371145,112.79048927387228
193,1224,59,23.14917835044366,112.7905892180958
193,1224,60,23.149185447440768,112.79073551761338
193,1224,61,23.14902018619132,112.79084038350712
193,1224,62,23.148920793253584,112.79080890934809
193,1224,63,23.148957434167524,112.7909573672814
193,1224,64,23.148987237021736,112.79075047138416
193,1224,65,23.14884029585567,112.7907340395618
193,1224,66,23.148774049367443,112.79095365466851
193,1224,67,23.14885002111127,112.79124461217194
193,1224,68,23.1491698134192,112.7914368481937
193,1224,69,23.149602254032946,112.79077657860482
193,1224,70,23.149918206570828,112.79098230880152
193,1224,71,23.149013552098744,112.7906300832739
193,1224,72,23.148910365285364,112.79057422410746
193,1224,73,23.14882231697209,112.7904969761805
193,1224,74,23.148657466095475,112.79056148625028
193,1224,75,23.148494824254488,112.79065249292344
193,1224,76,23.148505609315723,112.79049329899686
193,1224,77,23.14870230410864,112.79038664307808
193,1224,78,23.14891541824572,112.79032756442317
193,1224,79,23.148878411223173,112.79019770595426
193,1224,80,23.148764632871224,112.79019684229743
193,1224,81,23.14871724439222,112.79008362344447
193,1224,82,23.148822372928404,112.78998141966623
193,1224,83,23.14890566618893,112.79008074848116
193,1224,84,23.149106675503848,112.79024814135144
193,1224,85,23.14913180611117,112.79036268737735
193,1224,86,23.14904194735829,112.79045402064114
193,1224,87,23.148461661614476,112.79014364510748
193,1224,88,23.14830586931996,112.79034632956098
193,1224,89,23.14798270540069,112.790313311765
193,1224,90,23.147901586232155,112.79016159568208
193,1224,91,23.1486008043005,112.78992460667104
193,1224,92,23.14830248936017,112.79141295457572
193,1224,93,23.14835184429916,112.7915881814628
193,1224,94,23.14772505881177,112.79206734879342
193,1224,95,23.14709870907616,112.79109627422676
193,1224,96,23.150719529793484,112.79023479125809
195,258,0,23.170365091951837,111.6449009715309
195,258,1,23.170829298009053,111.64511202000664
195,258,2,23.171713487728287,111.64470972484963
195,258,3,23.17191606318017,111.64453903811032
195,258,4,23.17196590766031,111.6444235209083
195,258,5,23.172048557270088,111.6443085538318
195,258,6,23.17207346860317,111.64418606924758
195,258,7,23.172202233506614,111.64424852053892
195,258,8,23.171950875977533,111.64427159576113
195,258,9,23.171848489022743,111.64423090377431
195,258,10,23.171836926518395,111.6443415870401
195,258,11,23.17173095791234,111.64428468081262
195,258,12,23.17189231984137,111.64412162710062
195,258,13,23.17190443339432,111.6438888084522
195,258,14,23.172029758714764,111.64383974549004
195,258,15,23.17192670367951,111.64373396668375
195,258,16,23.17171957056676,111.64360657157803
195,258,17,23.171838101779937,111.64347456349026
195,258,18,23.171664805726824,111.64340736408592
195,258,19,23.17204327924456,111.64324411753137
195,258,20,23.17168143312389,111.64388783979544
195,258,21,23.171247009307294,111.64401048325225
195,258,22,23.172065892705213,111.64451438226271
195,258,23,23.172298003586327,111.6445158111045
195,258,24,23.172378082973182,111.64443298883788
195,258,25,23.172877813384204,111.64432912379212
195,258,26,23.173049069027265,111.64443931803366
195,258,27,23.17312420515252,111.6446121025905
195,258,28,23.17319259958912,111.64470534356752
195,258,29,23.17305984141529,111.64485535955582
195,258,30,23.173164307356583,111.6449681300801
195,258,31,23.17313134063741,111.64524815470106
195,258,32,23.17331038309469,111.6453031848712
195,258,33,23.173493117297493,111.64532062099192
195,258,34,23.17322713625746,111.64545702682362
195,258,35,23.173128732683026,111.64557044449556
195,258,36,23.17326513235104,111.64584055390996
195,258,37,23.17365735216968,111.6455968394548
195,258,38,23.17375982739132,111.645023386451
195,258,39,23.17390720130585,111.64472302968774
195,258,40,23.17349844998672,111.64466551159964
195,258,41,23.17327102921513,111.6443714076844
195,258,42,23.17285825076413,111.64501495982428
195,258,43,23.17286524039964,111.64514458372862
195,258,44,23.174149782542685,111.64405121921756
195,258,45,23.17438787355328,111.6434300464206
196,225,0,22.564557014342697,113.72664256649048
196,225,1,22.562838341695414,113.7272124068469
196,225,2,22.562695743751288,113.7267904555851
196,225,3,22.562415995991245,113.72634947733644
196,225,4,22.561891066905968,113.72716220588688
196,225,5,22.56170190847944,113.7244795740007
196,225,6,22.561875951712352,113.7244374998996
196,225,7,22.593529669953814,113.76740607411986
196,225,8,22.593549295409343,113.7675138411415
196,225,9,22.59397619989281,113.76724619584748
196,225,10,22.59398780865571,113.76712812623948
196,225,11,22.594196018147347,113.76722464411948
196,225,12,22.594420891925843,113.76736773476628
196,225,13,22.59458117361861,113.76738990419555
196,225,14,22.594786254453613,113.76696361863858
196,225,15,22.595106942660465,113.76750732511712
196,225,16,22.59549275111537,113.76731656862393
196,225,17,22.595932318968213,113.7675899967761
196,225,18,22.59578617138188,113.76775373445226
196,225,19,22.59630290192659,113.7678609937662
197,240,0,23.44054939882143,111.02291556713644
199,275,0,23.22321371586816,111.54248986142932
199,275,1,23.214001758554247,111.54632009798912
199,275,2,23.210644136730867,111.54814695337063
199,275,3,23.210543622931013,111.5481154179888
199,275,4,23.210493099629502,111.54826396195038
199,275,5,23.210389604013287,111.5483126621701
199,275,6,23.2101906017211,111.5483854612526
199,275,7,23.210002283173605,111.5481654208942
199,275,8,23.20986345236075,111.54808195424572
199,275,9,23.210069529009186,111.54780262510133
199,275,10,23.210241769463003,111.54793079069792
199,275,11,23.21043441943345,111.5477061113293
199,275,12,23.21016721684652,111.54743938889466
199,275,13,23.2102538319225,111.5472721876492
199,275,14,23.20956653240627,111.54744016291988
199,275,15,23.20954520861668,111.54756177263177
199,275,16,23.20936597721656,111.54754994151588
199,275,17,23.20929267352598,111.54734906090216
199,275,18,23.209080089665047,111.54752264186412
199,275,19,23.209198300476,111.54771758604636
199,275,20,23.209298498291933,111.54785561261464
199,275,21,23.20954540080306,111.5478408290384
199,275,22,23.208569669408043,111.5474792176923
199,275,23,23.20838218998333,111.54752792440736
199,275,24,23.208200802813653,111.54759623132507
199,275,25,23.20814105258604,111.54775591980004
199,275,26,23.207954795387984,111.54786274674206
199,275,27,23.20792502017921,111.54774136128805
199,275,28,23.207993240693103,111.54757324651054
199,275,29,23.20781312258999,111.54753625098442
199,275,30,23.20777841731854,111.54741647716554
199,275,31,23.207817916151782,111.54725694474304
199,275,32,23.20768866105178,111.54726140631848
199,275,33,23.207536801191143,111.54766831467384
199,275,34,23.20768888953824,111.54788083591323
199,275,35,23.20781793113061,111.548041789606
199,275,36,23.207908049275645,111.54812321088636
199,275,37,23.207784637674912,111.54816820155094
199,275,38,23.20779746192458,111.54830909160364
199,275,39,23.20780788738029,111.54846977509638
199,275,40,23.20803723994221,111.54819960234734
199,275,41,23.2080073764992,111.5480246149538
199,275,42,23.208154457653983,111.54802441097809
199,275,43,23.20827935490643,111.54812966666042
199,275,44,23.20812366224381,111.54742311048908
199,275,45,23.20751887672306,111.54813013694096
199,275,46,23.207124096246293,111.54808185126208
199,275,47,23.20694980195917,111.54842203845512
199,275,48,23.21055074619552,111.54855699902237
199,275,49,23.211941409295683,111.55427701155982
205,305,0,23.23516821349155,113.0695395317232
205,305,1,23.23498301125153,113.0695303465648
206,679,0,23.168666257961945,112.75847728549222
206,679,1,23.16920265472942,112.75803606976127
206,679,2,23.169209438279356,112.75773900132992
206,679,3,23.168971905497663,112.75784121016606
206,679,4,23.169167807734286,112.75721755927088
206,679,5,23.16949066263412,112.75689683216524
206,679,6,23.169691513962523,112.7568989195239
206,679,7,23.16966118355561,112.75669313611752
206,679,8,23.16989586329794,112.75663776154838
206,679,9,23.169864171737864,112.75650457361792
206,679,10,23.16969870673592,112.75639857876158
206,679,11,23.169697446754416,112.75629416394491
206,679,12,23.16969781303002,112.7560747954904
206,679,13,23.169809916046617,112.75606167083345
206,679,14,23.16993815783252,112.75612591648736
206,679,15,23.17006493598705,112.75620937826226
206,679,16,23.17009529677407,112.75633453976783
206,679,17,23.170092482326524,112.75650316496116
206,679,18,23.17011447423611,112.75664963288214
206,679,19,23.170017704990023,112.7567323203742
206,679,20,23.17006236490391,112.75695533205244
206,679,21,23.170213417862197,112.75698845524866
206,679,22,23.17037893773632,112.75697991829296
206,679,23,23.17030256291639,112.75668821118848
206,679,24,23.17020821246387,112.75648164571535
206,679,25,23.170329074883583,112.75638038142152
206,679,26,23.17045645367845,112.75618720001104
206,679,27,23.17056310570016,112.75605981311442
206,679,28,23.17068543278332,112.7561137930384
206,679,29,23.17066870214278,112.75630742380876
206,679,30,23.17088090069493,112.75637153994684
206,679,31,23.171109017026428,112.75635442851558
206,679,32,23.171079343411392,112.75621288828512
206,679,33,23.171183095606374,112.75615539532608
206,679,34,23.171066408059176,112.7560656083902
206,679,35,23.17106774578933,112.7559185461348
206,679,36,23.171183661285248,112.75591261608592
206,679,37,23.171098011325707,112.75572425848031
206,679,38,23.171270929516638,112.75569675164536
206,679,39,23.171410723628014,112.75573225486583
206,679,40,23.17128695022018,112.7555529038672
206,679,41,23.17091549944652,112.75555086641356
206,679,42,23.170575433210583,112.75551578280812
206,679,43,23.17059189094111,112.755817566637
206,679,44,23.1709036619577,112.75594500706916
206,679,45,23.170959958549307,112.75611059206184
206,679,46,23.171296005957768,112.75626526919622
206,679,47,23.17139645576417,112.75626667025485
206,679,48,23.17147442326463,112.7561648217266
206,679,49,23.17150350764743,112.75605237829454
206,679,50,23.17162805919796,112.7560770362756
206,679,51,23.17171508450677,112.7561563709028
206,679,52,23.171793603509062,112.75632499064407
206,679,53,23.17163794631061,112.75644030560476
206,679,54,23.171652639236804,112.75658879049192
206,679,55,23.17174862833044,112.75668609897794
206,679,56,23.17173339862704,112.75657404558793
206,679,57,23.17188924417121,112.75661560069712
206,679,58,23.171967725933055,112.7568661024916
206,679,59,23.17237199474724,112.7569695493
206,679,60,23.17257251032196,112.75703073780537
206,679,61,23.172669630227897,112.7565983729263
206,679,62,23.172033477110958,112.75632177256726
206,679,63,23.171871619787584,112.75630959409202
206,679,64,23.171478257882946,112.75642943867044
206,679,65,23.17149836579305,112.75656248545516
206,679,66,23.171391803567484,112.7566408332067
206,679,67,23.171499111581586,112.7567031387596
206,679,68,23.171331383081423,112.7565317328564
206,679,69,23.17130453189109,112.75638947495196
206,679,70,23.17118132410415,112.75652876827088
206,679,71,23.17170400811688,112.7556767440511
206,679,72,23.170116379898463,112.75505803778611
206,679,73,23.169379729530316,112.7558916637958
206,679,74,23.169388009152016,112.7560203262106
206,679,75,23.16930665427865,112.75612056965608
206,679,76,23.16931373238685,112.75622413117937
206,679,77,23.169159207781945,112.75623026683724
206,679,78,23.169198569498494,112.7560915811443
206,679,79,23.16915020928761,112.75583517540792
206,679,80,23.16894373655321,112.75576761795742
206,679,81,23.16884871047393,112.7558496162984
206,679,82,23.168857778741923,112.7560498945854
206,679,83,23.16857950872514,112.7562056359259
206,679,84,23.168598682537315,112.75634128379912
206,679,85,23.168793851027623,112.7564293307153
206,679,86,23.168938984060976,112.75654129638627
206,679,87,23.169440626907043,112.75644711387145
206,679,88,23.16945106528507,112.75633040069782
206,679,89,23.1685238577224,112.75558777062214
206,679,90,23.17030850776285,112.75739084591908
206,679,91,23.171059569817015,112.75833529953545
206,679,92,23.17359128291582,112.7574294116024
206,679,93,23.173751870258563,112.7575441688132
206,679,94,23.1741588505129,112.75755625593644
206,679,95,23.17100672168839,112.7528530613564
206,679,96,23.1652996034016,112.75821189927662
208,258,0,23.18383239575281,111.63680633342564
208,258,1,23.183919206901724,111.63801326413537
208,258,2,23.183917228985297,111.63846785155783
208,258,3,23.183767048694666,111.63851247250837
208,258,4,23.18375169466946,111.63862330204306
208,258,5,23.1839259175479,111.6388237430136
208,258,6,23.1840332462498,111.6388017824852
208,258,7,23.18423644773162,111.63917158416008
208,258,8,23.18441584781878,111.63914371489238
208,258,9,23.184262134910703,111.63957535453883
208,258,10,23.183990204890986,111.63940887242872
208,258,11,23.183056703299705,111.6384798328088
208,258,12,23.183297542000616,111.6382096595119
208,258,13,23.183079546770635,111.6379600288854
208,258,14,23.182896468772263,111.63812809684823
208,258,15,23.18244900467189,111.6382543722863
208,258,16,23.1823416265871,111.63834019595102
208,258,17,23.18242896731985,111.63811157237332
208,258,18,23.182150507244685,111.6380993919589
208,258,19,23.181955526477147,111.63782742245904
208,258,20,23.182090649206653,111.63776475754464
208,258,21,23.18225085510282,111.63771388500196
208,258,22,23.182137687872657,111.63756213079544
208,258,23,23.182099564109084,111.637400854888
208,258,24,23.18192075146172,111.63733304059409
208,258,25,23.181984728005805,111.63721233205054
208,258,26,23.182201431518195,111.6370772633061
208,258,27,23.182184896385504,111.63690783648654
208,258,28,23.1823018061264,111.63738151937982
208,258,29,23.18240344205165,111.63743896911626
208,258,30,23.181724972359927,111.63744988093067
208,258,31,23.1816062910985,111.63754694890387
208,258,32,23.18162376382049,111.63766410959612
208,258,33,23.18156899796301,111.63737080106132
208,258,34,23.181467324056147,111.63737164109192
208,258,35,23.18132037651349,111.63724669320692
208,258,36,23.181584095505023,111.63722943852032
208,258,37,23.18135988086436,111.63751051828736
208,258,38,23.18144801783652,111.63794864041868
208,258,39,23.181565351659824,111.6386521092182
208,258,40,23.18128147554124,111.63668693930084
208,258,41,23.18116098835246,111.63667460042288
208,258,42,23.18152919965649,111.63593883209236
208,258,43,23.18180246737329,111.63562721532206
208,258,44,23.18193686132749,111.63605828332275
208,258,45,23.18151571582317,111.63511956774131
208,258,46,23.181127408633326,111.63530090790952
208,258,47,23.18104465038286,111.63522694372575
208,258,48,23.18111907637476,111.6349562686636
208,258,49,23.18075932895152,111.63493122023284
208,230,0,23.18834985179597,111.63060931766778
208,230,1,23.18888116441803,111.62996274325911
208,230,2,23.188903138124928,111.62974198966684
208,230,3,23.189230409916878,111.62976986563449
208,230,4,23.18947173729932,111.6298018003758
208,230,5,23.18952701087172,111.62993557813516
208,230,6,23.189625428627867,111.630063592578
208,230,7,23.18969517971993,111.6302666286365
208,230,8,23.189877014982383,111.6302645726348
208,230,9,23.189890641340664,111.63041173558364
208,230,10,23.190011393838457,111.63035930899564
208,230,11,23.190158081852093,111.63039711741538
208,230,12,23.19031731855376,111.63053748917602
208,230,13,23.190342773947865,111.63027077896784
208,230,14,23.19015308405397,111.63010221142292
208,230,15,23.190287232112087,111.62981256523229
208,230,16,23.189921734403026,111.62981032307935
208,230,17,23.18953476148524,111.62950134650887
208,230,18,23.18945846152901,111.63023288247044
208,230,19,23.189472447046224,111.63061740397092
208,230,20,23.19006554251995,111.63076444179671
208,230,21,23.1904882270928,111.6309197269277
208,230,22,23.190660493281527,111.63089234625178
208,230,23,23.190762457913618,111.63118946022192
208,230,24,23.19098692002021,111.63102602032345
208,230,25,23.19116975344732,111.6306180150583
208,230,26,23.19088839137758,111.63039066224331
208,230,27,23.190640475017364,111.63058911066858
208,230,28,23.191595063792057,111.63051859744664
208,230,29,23.19161957562845,111.63002796277976
208,230,30,23.19168122625393,111.62991882603862
208,230,31,23.19190770642565,111.62986648104972
208,230,32,23.191375350565224,111.62952016564398
208,230,33,23.1903451159189,111.62927422628977
208,230,34,23.18891326714067,111.6288006683474
208,230,35,23.188755488734675,111.62940866854052
208,230,36,23.18843807600885,111.62800539784118
208,230,37,23.188768445756363,111.62783559485756
208,230,38,23.1883225851984,111.62752683789031
208,230,39,23.18772957226235,111.62766140815198
208,230,40,23.187631094238156,111.6278215109676
208,230,41,23.187521321545795,111.62754049841044
208,230,42,23.187642123727983,111.62735634633673
208,230,43,23.18792898528596,111.6268591549
208,230,44,23.18730524609413,111.62790832020416
208,230,45,23.186720979034977,111.6277648475422
208,230,46,23.187136444978535,111.62541229373753
208,230,47,23.1918401864234,111.63094600198036
208,230,48,23.1922723514557,111.63074491668812
208,230,49,23.19253362847129,111.63071719932437
208,230,50,23.19250806116425,111.63087467339996
208,230,51,23.192531481131727,111.63106978838772
208,230,52,23.19247437910089,111.63115358114534
208,230,53,23.19263491031796,111.6311879346576
214,267,0,22.27383366279204,113.73248765383552
214,267,1,22.274408200434568,113.7325015067698
214,267,2,22.275610541747643,113.73276392247692
214,267,3,22.27566269786097,113.73310402260276
216,221,0,22.743822967763126,113.1447442379358
216,221,1,22.745566616762265,113.14177084426235
216,221,2,22.74610296551897,113.14075015031564
216,221,3,22.746510583464456,113.14088213760144
216,221,4,22.746871645514275,113.14050377222466
216,221,5,22.74697574815854,113.1402991313104
216,221,6,22.747317476124746,113.13995909318454
216,221,7,22.747476258411474,113.13989415110976
216,221,8,22.74797975477283,113.14004816226053
216,221,9,22.74726510059631,113.13934056648728
216,221,10,22.74755377587066,113.13903931759828
219,248,0,22.95751750546815,112.874548602671
219,248,1,22.958719935440627,112.87675085086964
219,248,2,22.959024082209886,112.8765589397774
221,232,0,22.76176558110551,113.0961605608988
221,232,1,22.762005186951168,113.09745167260176
221,232,2,22.76196900707957,113.09856430629652
221,232,3,22.761892358013373,113.09426742101807
221,232,4,22.76266094408176,113.09416123004888
221,232,5,22.76184147632337,113.0933326878308
221,232,6,22.761859570026044,113.09188243358004
221,289,0,22.611350229300783,113.1594459745789
221,289,1,22.61109848281004,113.16038796333716
221,289,2,22.61120176161221,113.16079725206998
221,289,3,22.60921586072777,113.1606209139686
221,289,4,22.605374285561187,113.15619113756648
224,231,0,23.159205508738417,111.67465066869948
224,231,1,23.15960861451903,111.6759673142588
224,231,2,23.15944028225834,111.67689752145697
224,231,3,23.159740202590022,111.67700331619288
224,231,4,23.159840193646136,111.67734694120132
224,231,5,23.15973600237781,111.67754268093866
224,231,6,23.159912618244203,111.67756289550708
224,231,7,23.159900612076186,111.67774902996176
224,231,8,23.159669075094005,111.67783899835148
224,231,9,23.159548725988763,111.6779232735091
224,231,10,23.15939804771875,111.6779500448938
224,231,11,23.15923817768086,111.67809293966856
224,231,12,23.159310840550816,111.67817067367896
224,231,13,23.159141582041435,111.6781599753716
224,231,14,23.15900256232569,111.6780516060284
224,231,15,23.15886458842586,111.67834259671432
224,231,16,23.15876948631231,111.6784724768719
224,231,17,23.158842346061487,111.67861699909464
224,231,18,23.158745434675676,111.67879294830269
224,231,19,23.15881088800229,111.67898397770117
224,231,20,23.15882515747864,111.67913652275467
224,231,21,23.159113002882343,111.67902283592316
224,231,22,23.15924798610366,111.67905225212132
224,231,23,23.15921011399135,111.67914522876757
224,231,24,23.15923206655601,111.67885328484464
224,231,25,23.159090045749643,111.67885495442285
224,231,26,23.159144553402047,111.67868557646214
224,231,27,23.159325867200224,111.67872088764284
224,231,28,23.15961343052054,111.67861022659956
224,231,29,23.15901897691511,111.67849915004196
224,231,30,23.158426531169027,111.67883376238858
224,231,31,23.157919789371928,111.67861461933948
224,231,32,23.1589825587116,111.67953455463103
224,231,33,23.15962456094933,111.67941120696352
224,231,34,23.16024172800265,111.67773183147908
224,231,35,23.16020847535297,111.67756118811864
224,231,36,23.16032743788669,111.67745049790156
224,231,37,23.16030758185321,111.67735188270451
224,231,38,23.16052332833626,111.67744839051944
224,231,39,23.160193393047173,111.67711888852152
224,231,40,23.160998629226768,111.6769475204125
224,231,41,23.1592867307628,111.67725455791768
224,231,42,23.15922348971022,111.677534906884
224,231,43,23.15896515098127,111.67751326083236
224,231,44,23.15815277865338,111.68044864948274
224,231,45,23.157901400088747,111.68081554350148
224,231,46,23.15743591652981,111.68148960866888
224,231,47,23.157462443756334,111.68218586054353
224,231,48,23.156003271159715,111.67971388183132
224,231,49,23.161177593134244,111.6744200003696
224,231,50,23.162043465995644,111.67451540391612
225,252,0,22.52747884481163,113.72250407677288
225,252,1,22.52701762683169,113.7219073205619
225,252,2,22.55541810639797,113.72277609917552
225,252,3,22.55755546137875,113.7230484017833
225,252,4,22.557708513113145,113.72322241642026
225,252,5,22.557975466096227,113.72324809094135
225,252,6,22.55833318729682,113.72335640401774
225,252,7,22.558904144483044,113.72331373394762
226,301,0,23.26067535874818,113.13164343585348
226,301,1,23.26139524377793,113.13203289049515
226,301,2,23.262163484163096,113.132588301879
226,301,3,23.262934006674985,113.13263294735717
226,301,4,23.26311143838662,113.13213945441848
226,301,5,23.262680911609607,113.13119050686538
226,301,6,23.26226701570523,113.1313844215914
226,301,7,23.26181459128881,113.1302845598093
226,301,8,23.261737306148465,113.13356203038424
226,301,9,23.261614296660696,113.13413836324656
226,301,10,23.26279176388657,113.13414571002733
226,301,11,23.25901839623321,113.13637115582188
226,261,0,23.25622500117283,113.11796544982056
226,261,1,23.251620656385565,113.11461309902624
226,261,2,23.25418646240259,113.1100829574268
230,318,0,23.1919302650401,111.62258066802708
230,318,1,23.19169420579516,111.62242661303004
230,318,2,23.191629710026724,111.62218321248044
230,318,3,23.19176412033858,111.62205963618668
230,318,4,23.19187485852293,111.62218675144798
230,318,5,23.19208959181204,111.62198651344087
230,318,6,23.192205805219128,111.62218808191466
230,318,7,23.192405402956474,111.62221234286598
230,318,8,23.192539998035414,111.6220627074575
230,318,9,23.192492515099403,111.62194609215668
230,318,10,23.192619864262834,111.62192585932873
230,318,11,23.19279789553916,111.622163529978
230,318,12,23.192874667895307,111.62209176854137
230,318,13,23.19300674637804,111.6224709110068
230,318,14,23.193401453065995,111.62253526699496
230,318,15,23.19331224560785,111.62140470311252
230,318,16,23.193145384499758,111.62116917383854
230,318,17,23.193334402266142,111.62103333801414
230,318,18,23.19289496678882,111.62143870687424
230,318,19,23.19283044862726,111.62155092830844
230,318,20,23.19271412748721,111.6215185409829
230,318,21,23.192442520074795,111.62168153810303
230,318,22,23.192243596789687,111.62154758019282
230,318,23,23.19216910272086,111.621650454005
230,318,24,23.191964444759677,111.62158053090891
230,318,25,23.191788690909565,111.6216543489163
230,318,26,23.19193421196554,111.62179535631384
230,318,27,23.191219822920587,111.62191315428936
230,318,28,23.191384335324717,111.62129070570252
230,318,29,23.191688188991524,111.62094141409176
230,318,30,23.192030926325145,111.6207743595176
230,318,31,23.192153725942333,111.62096810577228
230,318,32,23.19114859078166,111.6204019153211
230,318,33,23.190850411099383,111.62036612010868
230,318,34,23.19060529276376,111.62047617481797
230,318,35,23.190780954135395,111.61924000121734
230,318,36,23.192991253842955,111.6199772731089
230,318,37,23.193577763483155,111.62026504334834
230,318,38,23.19370851397138,111.62035465758358
230,318,39,23.194129552645467,111.6202978480578
230,318,40,23.194171733064337,111.62075878847392
230,318,41,23.193997545571712,111.62103566388672
230,318,42,23.1942309199457,111.62123938249368
230,318,43,23.194207146689617,111.62139764357548
230,318,44,23.19444131148011,111.62125028322583
230,318,45,23.194435196250996,111.62155710048054
236,245,0,23.12244587196597,113.6794382598095
236,245,1,23.122336328720763,113.67972160967852
236,245,2,23.12224281489213,113.67967929250644
236,245,3,23.122782781307823,113.67974953100313
236,245,4,23.12295151088484,113.67961704423313
236,245,5,23.122604053695788,113.6801469930511
236,245,6,23.12245943250421,113.6802245165508
236,245,7,23.12245043811976,113.68044789095184
236,245,8,23.12233467172666,113.68054829997256
236,245,9,23.122238698774023,113.680446059848
236,245,10,23.12251146995716,113.68061402273958
236,245,11,23.122131971406017,113.68083771824796
236,245,12,23.122096500639,113.68103538985469
236,245,13,23.12261452750096,113.68104301421606
236,245,14,23.12370496102529,113.68236273384396
236,1071,0,23.131544873901767,113.6752823170284
236,1071,1,23.13194053219188,113.6756925581354
236,1071,2,23.13230978028272,113.67552643750952
236,1071,3,23.13256395548558,113.67596720345009
236,1071,4,23.132351756683672,113.6761625805523
236,1071,5,23.132191060419636,113.6760393336992
240,291,0,23.392586856150373,110.93831610484656
240,291,1,23.39172844732633,110.93836997079336
240,291,2,23.391336888371857,110.93838166692088
240,291,3,23.39096415087334,110.9390697385807
241,314,0,22.74901406129177,113.53163214705827
241,314,1,22.74845936855492,113.5334795295971
243,737,0,23.20781756703203,112.80669961801703
243,737,1,23.21085566925481,112.80859943506664
243,737,2,23.21140492350749,112.80744295079772
243,737,3,23.211535009363672,112.80718876782494
243,737,4,23.211704054162087,112.80733816965852
243,737,5,23.2117931333646,112.80750196710136
243,737,6,23.211926643462338,112.80745170069812
243,737,7,23.212030761581055,112.80753031135526
243,737,8,23.212106781343227,112.80762038868438
243,737,9,23.212318568452773,112.80762286574998
243,737,10,23.21255331171037,112.80769424031573
243,737,11,23.21272340713986,112.80750246493754
243,737,12,23.212612794164365,112.80800154093158
243,737,13,23.21250304637945,112.80804153827806
243,737,14,23.212490613945903,112.80815524125023
243,737,15,23.212380669073365,112.80822921713134
243,737,16,23.212452731535404,112.80840880525533
243,737,17,23.212584657197368,112.8083330302454
243,737,18,23.212672772223403,112.80825545957136
243,737,19,23.212763053238028,112.80830434686854
243,737,20,23.21288487473744,112.80832528108104
243,737,21,23.21298738096447,112.8083448616114
243,737,22,23.213061356216503,112.80855826472168
243,737,23,23.21309157044392,112.8086618085499
243,737,24,23.21319362087536,112.80847485535372
243,737,25,23.213412089174877,112.80863606264263
243,737,26,23.213596732291307,112.80866242705964
243,737,27,23.213835575210556,112.80861640356989
243,737,28,23.214022801600308,112.80860572601614
243,737,29,23.213186674983607,112.80815079623024
243,737,30,23.21297385016093,112.8079787728566
243,737,31,23.212661688570904,112.8081180771972
243,737,32,23.212662469036275,112.80846024905206
243,737,33,23.21211842295428,112.80788988242004
243,737,34,23.212169360061928,112.80740147747672
243,737,35,23.212029663372757,112.80730911073834
243,737,36,23.21189987765181,112.80724157217554
243,737,37,23.211859116445044,112.80712452150522
243,737,38,23.2117019369928,112.80697340422095
243,737,39,23.211947714244083,112.80447141232186
243,737,40,23.212093259330228,112.80447146106718
245,373,0,23.138236199150008,113.70622285553767
245,373,1,23.139348828411052,113.70721543660092
245,373,2,23.139455787171286,113.70711043152576
245,373,3,23.139443790725316,113.70740039849176
245,373,4,23.13940525197703,113.7076426030228
245,373,5,23.139516797434485,113.7078100362594
245,373,6,23.139605568409603,113.70797139445334
245,373,7,23.13973757644059,113.70791888573184
245,373,8,23.13981703589008,113.70804616724516
245,373,9,23.13991265218701,113.70799093377175
245,373,10,23.139798723557767,113.70750695807035
245,373,11,23.13980263989874,113.70740098114791
245,373,12,23.13828025343149,113.70889943599072
248,839,0,23.077363404653305,112.8084479429375
248,839,1,23.0781248852946,112.8098255255996
248,839,2,23.078402348169337,112.81045160495944
249,1059,0,23.087600931959425,112.12244179376655
249,1059,1,23.08756161116342,112.12351707468304
249,1059,2,23.08774210549402,112.12396862166707
249,1059,3,23.087665856548448,112.12415221534006
249,1059,4,23.087441595568997,112.12424589828514
249,1059,5,23.08747630224576,112.12446494836544
249,1059,6,23.08743412450064,112.1246576261374
249,1059,7,23.08745735495508,112.12484834511343
249,1059,8,23.08768865165712,112.12479385792815
249,1059,9,23.087835671742624,112.12470522115434
249,1059,10,23.08771505935972,112.12461406586422
249,1059,11,23.087885065101315,112.12462905945604
249,1059,12,23.088029123631408,112.12458793379218
249,1059,13,23.08802578423038,112.12473716795022
249,1059,14,23.08789180491733,112.12475263944316
249,1059,15,23.087958063261663,112.12485748286726
249,1059,16,23.088091760059225,112.12473732021245
249,1059,17,23.08814346808352,112.12458835432592
249,1059,18,23.088081385178,112.1244828267784
249,1059,19,23.08812254648165,112.12436895469776
249,1059,20,23.088248231883863,112.12427697696845
249,1059,21,23.0881541304394,112.12419855695798
249,1059,22,23.08807614167203,112.12411467408208
249,1059,23,23.08795158895948,112.12446726359624
249,1059,24,23.088238710019937,112.12476623249204
249,1059,25,23.087743214327585,112.12490994507174
249,1059,26,23.08752773742884,112.12509792643928
249,1059,27,23.087158923586305,112.125318859175
249,1059,28,23.08703680276692,112.12537083545942
249,1059,29,23.08687021608425,112.12541697239362
249,1059,30,23.086917043060765,112.12553089390526
249,1059,31,23.08684263725416,112.12562126199764
249,1059,32,23.08671632593156,112.12564811942096
249,1059,33,23.08661529010531,112.12554417747975
249,1059,34,23.086589743258585,112.1253860539169
249,1059,35,23.08668302850201,112.12544070895976
249,1059,36,23.08666173569553,112.125300424152
249,1059,37,23.08683167015288,112.12531258225
249,1059,38,23.08690716058744,112.12522986467212
249,1059,39,23.087036329096595,112.12562420618688
249,1059,40,23.087087934394443,112.1257421030198
249,1059,41,23.08718416038023,112.12577322134116
249,1059,42,23.086930530925954,112.12587087183412
249,1059,43,23.08673988682729,112.1259052913776
249,1059,44,23.086459549773693,112.1259959799484
249,1059,45,23.08629153540108,112.12577451345275
249,1059,46,23.08645528799688,112.1257017034303
249,1059,47,23.086537330199636,112.125560603591
249,1059,48,23.086891339787076,112.12609522728296
249,1059,49,23.085601340022208,112.12591582256285
249,1059,50,23.087131516810096,112.1246359999846
249,1059,51,23.08718541563465,112.124253557294
249,1059,52,23.088349557705214,112.12365196228896
255,309,0,22.98880101231049,113.14702875561282
255,309,1,22.988314790177174,113.14725661796852
255,309,2,22.988243773119315,113.14689336373353
255,271,0,22.98918024624096,113.14292930682416
255,271,1,22.989148078502847,113.142736068211
255,271,2,22.98911635524029,113.14261490096828
255,271,3,22.98919683716356,113.14250475403458
255,271,4,22.98919298591398,113.14263502531348
255,271,5,22.989269482317077,113.1427196496762
255,271,6,22.989237855181525,113.14198038534444
255,271,7,22.98917720534644,113.14187155615107
255,271,8,22.98920868396977,113.14176645848065
255,271,9,22.98928571223806,113.14187553342212
255,271,10,22.989077239550586,113.14181258013728
255,271,11,22.989067087184768,113.14169056160496
255,271,12,22.989171695100897,113.14168849169226
255,271,13,22.98903535191104,113.14186243475332
259,407,0,23.048462929201992,112.97827299060286
259,407,1,23.04868289757515,112.97797655578408
259,407,2,23.047765757064266,112.977708082475
259,407,3,23.04766553957656,112.9782558481768
259,407,4,23.047120156671493,112.97846430906608
259,407,5,23.046874058636565,112.97851823799816
259,407,6,23.046777988447328,112.97845851006792
259,407,7,23.046744915059215,112.97833690833548
259,407,8,23.04658629046724,112.97851820112334
259,407,9,23.046736721692685,112.97859679206196
259,407,10,23.04680409944858,112.97875601262795
259,407,11,23.04683558042019,112.97888526316694
259,407,12,23.046814530999608,112.97902223122314
259,407,13,23.046689978132427,112.97909311634564
259,407,14,23.04658889911359,112.97912663168276
259,407,15,23.04646299967795,112.97901465392552
259,407,16,23.04636172665638,112.9789600076182
259,407,17,23.04625938673886,112.97885483784272
259,407,18,23.04634178646469,112.97858296995147
259,407,19,23.046500678938536,112.9788641309538
259,407,20,23.04640652811538,112.97909937139254
259,407,21,23.046401491238345,112.97921888519248
259,407,22,23.046397300163704,112.97934549631869
259,407,23,23.046304420888767,112.97939448876922
259,407,24,23.046326941622983,112.97949797695333
259,407,25,23.04644933120729,112.9794550224534
259,407,26,23.046559659831694,112.97948495502482
259,407,27,23.04670221601561,112.97956139007324
259,407,28,23.04658978672616,112.97959349629905
259,407,29,23.046719418746655,112.97946501322596
259,407,30,23.04683465210849,112.97947848923114
259,407,31,23.04687236302493,112.97937630191366
259,407,32,23.04684933762685,112.97922373388684
259,407,33,23.046721756148216,112.97919065562982
259,407,34,23.046685887796237,112.97930748154482
259,407,35,23.046559401065004,112.97937519936931
259,407,36,23.04649228008136,112.97927194875088
259,407,37,23.046341925645,112.97929836579532
259,407,38,23.046192447961936,112.97932129944242
259,407,39,23.046240759133244,112.9791781319337
259,407,40,23.046196404871928,112.9790824643482
259,407,41,23.04624797400742,112.97897849394482
259,407,42,23.046135422456423,112.97888640376614
259,407,43,23.045976179714277,112.97897076532576
259,407,44,23.04586114482366,112.97885111193672
259,407,45,23.045804965561608,112.97876579422898
259,407,46,23.0458454378518,112.978668316187
259,407,47,23.045838044317986,112.97855053158456
259,407,48,23.04592065485813,112.97848246033182
259,407,49,23.04586768443874,112.97838571699114
259,407,50,23.045735694060625,112.97832180978928
259,407,51,23.04572084003031,112.97847694726052
259,407,52,23.045551059042143,112.97841224189185
259,407,53,23.04543720510777,112.97847667061282
259,407,54,23.04530923555157,112.9785235446233
259,407,55,23.045265745144103,112.97842047399682
259,407,56,23.045508333212467,112.97825292022856
259,407,57,23.04550799495743,112.97855588449896
259,407,58,23.04545374062448,112.97864228829484
259,407,59,23.045320672844387,112.97875229732216
259,407,60,23.04521172712386,112.97882829148968
259,407,61,23.045158461042416,112.97868356508508
259,407,62,23.045167252388143,112.97857331678196
259,407,63,23.045096726466845,112.9783506859948
259,407,64,23.044855581929887,112.97845825206426
259,407,65,23.044772216307884,112.97859830083831
259,407,66,23.044948332756203,112.97875400114437
259,407,67,23.0449630727962,112.9789248572502
259,407,68,23.0451940789997,112.97898071468124
259,407,69,23.045285077255677,112.97904976621308
259,407,70,23.045381968634874,112.97900850085234
259,407,71,23.045416189817225,112.97890606381046
259,407,72,23.045493306969306,112.97904752975217
259,407,73,23.04560785007433,112.97906076504736
259,407,74,23.045712312326373,112.97895391440436
259,407,75,23.045818212102198,112.9789219424507
259,407,76,23.04569786233859,112.97888155984025
259,407,77,23.045716708171376,112.97875220618197
259,407,78,23.045587750185454,112.97867624671622
259,407,79,23.04551499734582,112.9792295644933
259,407,80,23.046300097864066,112.9796524010859
259,407,81,23.046504734793164,112.97982033209648
259,407,82,23.04688951408544,112.9796519810034
259,407,83,23.04706511146933,112.9794537769193
259,407,84,23.04696696487477,112.97935014896171
259,407,85,23.046900844769137,112.97921964888948
259,407,86,23.04703178414806,112.9791331274396
259,407,87,23.04703736122044,112.97901177767388
259,407,88,23.04707421154625,112.9788690149548
259,407,89,23.04696284891238,112.97885600707336
259,407,90,23.04704418470708,112.97872613328546
259,407,91,23.04719298605041,112.97905991033385
259,407,92,23.04734951755116,112.97928436154376
259,407,93,23.047470134502756,112.97915561629831
259,407,94,23.047458898872595,112.9789699428493
259,407,95,23.047423747282625,112.97880277431028
259,407,96,23.047703048263347,112.97895154703043
259,407,97,23.04836997915296,112.97890317353544
259,407,98,23.046425162338025,112.97790915016722
259,407,99,23.044540285518103,112.9787161272154
259,407,100,23.0446263775778,112.9790454066824
259,407,101,23.04395842225212,112.97866751536166
259,407,102,23.043830061415218,112.97880811997472
259,1188,0,23.05029863243734,112.9777768413102
259,1188,1,23.050504356413946,112.9777721638137
259,1188,2,23.05039103743363,112.97753963410976
259,1188,3,23.050664376770737,112.97753364964224
259,1188,4,23.05096139534661,112.97745887153728
259,1188,5,23.05127113834151,112.97695885351897
259,1188,6,23.051563032261274,112.97699689597194
259,1188,7,23.05171607189894,112.97708139206262
259,1188,8,23.051843833869462,112.9771333905944
259,1188,9,23.051854441568768,112.97724128403988
259,1188,10,23.051769631066787,112.97734409797796
259,1188,11,23.051679643017515,112.9775728898159
259,1188,12,23.051562037179284,112.977670776416
259,1188,13,23.051845946972247,112.9777018513605
259,1188,14,23.051995879764597,112.9776411827471
259,1188,15,23.052097392527717,112.97760157756429
259,1188,16,23.052138860510784,112.97743630666722
259,1188,17,23.052035744470487,112.97736948567982
259,1188,18,23.052025597542336,112.97726042482638
259,1188,19,23.05214774102839,112.97719365154634
259,1188,20,23.05229029179089,112.97712069565686
259,1188,21,23.052381883154677,112.97705632955618
259,1188,22,23.05232164701564,112.9769303472148
259,1188,23,23.052212720626223,112.97691020279282
259,1188,24,23.05218967252128,112.97702130990491
259,1188,25,23.05232544850718,112.97718657004316
259,1188,26,23.052397884479905,112.97727049795024
259,1188,27,23.05224739698043,112.9772524071168
259,1188,28,23.052205588831807,112.97738589746623
259,1188,29,23.0523298844072,112.97747654741956
259,1188,30,23.05243994926595,112.9773616894789
259,1188,31,23.05266365659697,112.977347078851
259,1188,32,23.05276271095929,112.97732572343604
259,1188,33,23.05281139632412,112.97742374975834
259,1188,34,23.052832797885856,112.97753177835588
259,1188,35,23.052790697474517,112.97762858852344
259,1188,36,23.052884793872828,112.97772878780012
259,1188,37,23.052987773882105,112.9776432211408
259,1188,38,23.05310102442545,112.97762927395684
259,1188,39,23.05320377758332,112.9776739021932
259,1188,40,23.05320283876034,112.97778318823312
259,1188,41,23.05321574144956,112.97790308700894
259,1188,42,23.053312935266355,112.97793531862035
259,1188,43,23.05344529452613,112.97785227439338
259,1188,44,23.0533472033904,112.97779443994727
259,1188,45,23.05309853145537,112.97782752991468
259,1188,46,23.052941198041683,112.97781074762506
259,1188,47,23.052907720893817,112.977939874372
259,1188,48,23.05279854196364,112.97787175007832
259,1188,49,23.052733327719128,112.97795499610334
259,1188,50,23.052658066088952,112.97803396553644
259,1188,51,23.052774221398263,112.97809413983838
259,1188,52,23.05287765900917,112.97802393804118
259,1188,53,23.05295261324812,112.97811754136713
259,1188,54,23.052832039876755,112.97823800752808
259,1188,55,23.05268538538403,112.97820778486457
259,1188,56,23.05261170540427,112.97832634266204
259,1188,57,23.052826595677335,112.97851090563806
259,1188,58,23.05307073948752,112.97822556746112
259,1188,59,23.052994480729502,112.97810438691091
259,1188,60,23.053023495309382,112.97799527618042
259,1188,61,23.053099820884373,112.9779076278446
259,1188,62,23.053078220725965,112.97806375828996
259,1188,63,23.053195283350483,112.97806128726712
259,1188,64,23.05330848533149,112.9781157535885
259,1188,65,23.05322560967388,112.97820078204433
259,1188,66,23.053729534373492,112.97808580361776
259,1188,67,23.05356204508861,112.97765852370108
259,1188,68,23.053661695720244,112.97756503459786
259,1188,69,23.053999297775267,112.9776918875726
259,1188,70,23.054108532022244,112.9775164304024
259,1188,71,23.05440393147754,112.977644940504
259,1188,72,23.054777568256597,112.97723885915748
259,1188,73,23.05461580007338,112.97704021664887
259,1188,74,23.054340584181947,112.97693941502804
259,1188,75,23.05402207260984,112.97668436402144
259,1188,76,23.053822914767505,112.9770599729938
259,1188,77,23.05340609298053,112.97730628355676
259,1188,78,23.05328562812042,112.9773170254077
259,1188,79,23.053144943950763,112.97743571760188
259,1188,80,23.05298850690612,112.97730969418085
259,1188,81,23.05288565477916,112.97726845773025
259,1188,82,23.05275278713519,112.977196599884
259,1188,83,23.05267853010248,112.97712210336206
259,1188,84,23.05272018124281,112.97691604881174
259,1188,85,23.052450615808063,112.97696069364156
259,1188,86,23.05238567773361,112.97683777040172
259,1188,87,23.0522552671522,112.97678657103236
259,1188,88,23.052157704575787,112.9768615501931
259,1188,89,23.052065788788493,112.97691956310727
259,1188,90,23.051956381368772,112.97700406167178
259,1188,91,23.05179820981653,112.97691108776124
259,1188,92,23.05163649790072,112.976777009587
259,1188,93,23.05203383355661,112.97721267506223
259,1188,94,23.051939666353128,112.97735128955124
259,1188,95,23.051935414220264,112.97746110095332
259,1188,96,23.05247394745094,112.97758973544396
259,1188,97,23.052594886445807,112.9776588044485
259,1188,98,23.05273685794148,112.97768055475804
259,1188,99,23.05261580865833,112.97776172274833
259,1188,100,23.052640322490134,112.97793373399232
259,1188,101,23.05272881666648,112.9775694965386
259,1188,102,23.053046248476186,112.9771443525046
259,1188,103,23.052340229733844,112.97659586421648
259,1188,104,23.052427084092933,112.97601545887828
259,1188,105,23.052903318667337,112.97590795081334
259,1188,106,23.05072717678325,112.97657224884512
259,1188,107,23.05105539961965,112.97887500214448
259,1188,108,23.04864346302764,112.98051448411276
263,1018,0,23.02281371196322,113.51461603198094
263,1018,1,23.02330404014997,113.5146548559884
263,1018,2,23.023430148554084,113.5148332595452
263,1018,3,23.02332348120173,113.51428574569653
263,1018,4,23.02424177502677,113.51456228224625
263,1018,5,23.024314776323564,113.51488246300885
263,1018,6,23.024588202452502,113.51478178614664
263,1018,7,23.024935265510717,113.51408956148876
263,1018,8,23.024170962046384,113.513741568269
263,1018,9,23.027952847731623,113.51337584166788
263,1018,10,23.025017422931032,113.50978676803445
266,289,0,22.60326455696911,113.16452662832351
266,289,1,22.60334362753073,113.16467035743952
266,289,2,22.60404632145454,113.16518884605536
266,289,3,22.604446288183038,113.16497786829623
266,289,4,22.605044543856764,113.16463651281488
268,314,0,22.66353927709531,113.54334458326096
268,314,1,22.663844692255285,113.5429704975563
268,314,2,22.664038290012037,113.54229326793408
269,1237,0,23.16539476867408,112.6048615844324
269,1237,1,23.165266209472104,112.6053416973298
269,1237,2,23.16513187177792,112.6052939048533
269,1237,3,23.165572052060018,112.60543173647652
269,1237,4,23.1657390701119,112.60542349837732
269,1237,5,23.165812777937685,112.60555267644337
269,1237,6,23.165909613065704,112.60559543765926
269,1237,7,23.16604062614204,112.6057274147188
269,1237,8,23.16597432416286,112.60580547874385
269,1237,9,23.166039391065794,112.60591379724286
269,1237,10,23.1659103379294,112.60596953555452
269,1237,11,23.165835076649973,112.60586622233164
269,1237,12,23.165669890911577,112.60585277959812
269,1237,13,23.165641803605432,112.60595754972309
269,1237,14,23.165685750732152,112.60605392689324
269,1237,15,23.165762735333377,112.60598448422304
269,1237,16,23.16545686298767,112.60597302123168
269,1237,17,23.165416485973143,112.60611690674948
269,1237,18,23.165295487373577,112.60609479055552
269,1237,19,23.16512009163721,112.60611897248168
269,1237,20,23.16517269980094,112.60587108063358
269,1237,21,23.165225213517616,112.60578139555572
269,1237,22,23.165330849437616,112.60575284177592
269,1237,23,23.165341456976734,112.60585859421928
269,1237,24,23.16563279828189,112.60562098571886
269,1237,25,23.166111893999705,112.60556310867206
269,1237,26,23.166270568619108,112.60576957236472
269,1237,27,23.166372536453228,112.60589186686578
269,1237,28,23.16619684763149,112.60591688190296
269,1237,29,23.166528808382857,112.60605267716916
269,1237,30,23.16668132573385,112.6059521543956
269,1237,31,23.166739977282727,112.60582541896775
269,1237,32,23.166760577756328,112.60555731760957
269,1237,33,23.16656415021582,112.60535646850504
269,1237,34,23.16644726865697,112.60534958454048
269,1237,35,23.16630076469159,112.60515904884365
269,1237,36,23.165973621047797,112.60514155063274
269,1237,37,23.165882828357603,112.60523201373113
269,1237,38,23.166478687616703,112.60568160029057
269,1237,39,23.16694360410968,112.60595196866625
269,1237,40,23.16700211559705,112.60604658692044
269,1237,41,23.167119210802515,112.60593311347058
269,1237,42,23.16721702629387,112.6058452762298
269,1237,43,23.16735673136076,112.60582761196152
269,1237,44,23.16739580143399,112.60596010086418
269,1237,45,23.16731303154804,112.60604545328108
269,1237,46,23.16724791882081,112.60635945173688
269,1237,47,23.167082597850197,112.60644006953711
269,1237,48,23.16684896628204,112.6065309070851
269,1237,49,23.16711264950968,112.60678928562648
269,1237,50,23.167231234692235,112.60686839651162
269,1237,51,23.167251802259077,112.60710420259134
269,1237,52,23.16673454062583,112.60707523482697
269,1237,53,23.166399271769528,112.606278171562
269,1237,54,23.1674581577406,112.6063312382012
269,1237,55,23.167449586409155,112.60655506422526
269,1237,56,23.16757661721408,112.60605744423326
269,1237,57,23.167703389176943,112.60588482940024
269,1237,58,23.167797433543758,112.60583937030074
269,1237,59,23.16761328872728,112.6058056676171
269,1237,60,23.167548694370264,112.60571910960478
269,1237,61,23.167944170899933,112.60566450091028
269,1237,62,23.168030740827504,112.6058196034919
269,1237,63,23.16820966463045,112.60588044895697
269,1237,64,23.168236392534567,112.60601282175732
269,1237,65,23.168336369933048,112.6060444384904
269,1237,66,23.16834702855797,112.60620689227513
269,1237,67,23.168545715718157,112.60595553892942
269,1237,68,23.16824024367581,112.60568499660648
269,1237,69,23.16821460560869,112.6055629343346
269,1237,70,23.168117443171912,112.60574543504588
269,1237,71,23.168001474225942,112.6059171649709
269,1237,72,23.16791290526964,112.6060987271227
269,1237,73,23.16813167536589,112.60650093488314
269,1237,74,23.16800336933108,112.6066136205703
269,1237,75,23.168848018932465,112.60551778007878
269,1237,76,23.16698605243456,112.60803673685167
269,1237,77,23.167579387206665,112.60866719068514
269,1237,78,23.16498272991085,112.61134407982055
269,1237,79,23.16483134765186,112.60587671110896
269,1237,80,23.164670161370367,112.60527364670806
269,1237,81,23.16449706737416,112.60530372819082
270,716,0,23.08762140845111,113.46462319820638
270,716,1,23.08802510439069,113.46427242709836
270,716,2,23.08847025018018,113.46462063561552
270,716,3,23.08855567374208,113.46493527874986
270,716,4,23.088872231187548,113.46427086612483
270,716,5,23.088640271939152,113.4639325459896
270,716,6,23.0885602817362,113.46381813438865
270,716,7,23.088695501336,113.46376512738532
270,716,8,23.08871497638687,113.4633117189119
270,716,9,23.08838158249303,113.46331666159118
270,716,10,23.087918410503423,113.46363960735184
270,716,11,23.087584358233546,113.46331530084042
270,716,12,23.088609788092374,113.46248922065053
270,716,13,23.08932970099841,113.46468283576256
270,716,14,23.089170765796776,113.46560467249073
270,1056,0,23.08159478596467,113.46981697201838
270,1056,1,23.081098659872534,113.47000943990884
270,1056,2,23.080881632926072,113.47032023806165
270,1056,3,23.08089281884832,113.47052319042584
270,1056,4,23.08085825829286,113.47067853907056
270,1056,5,23.080959891316304,113.47072576042716
270,1056,6,23.08078229481816,113.47082534326708
270,1056,7,23.08061157691336,113.47095758184076
270,1056,8,23.080256206626824,113.47104285859874
270,1056,9,23.080349859111276,113.4705894490136
270,1056,10,23.080617656934734,113.47058711249946
270,1056,11,23.080553075140767,113.47029144408816
270,1056,12,23.080432204993183,113.47028771865271
270,1056,13,23.080532590289472,113.47012156438645
270,1056,14,23.08004153124896,113.47052362486252
270,1056,15,23.08072971339065,113.47180695604666
270,580,0,23.085429169534294,113.47575481829298
270,580,1,23.085418044870146,113.4759221117885
270,580,2,23.08564761624226,113.4764256438546
270,580,3,23.085731454927707,113.47664961067076
270,580,4,23.086255039392437,113.47624167706624
270,580,5,23.084983510374443,113.47666778786729
271,335,0,22.98868207609921,113.14136026672074
271,335,1,22.98857554720869,113.14124693816238
271,335,2,22.98866081238178,113.14104821217944
271,335,3,22.988681567812595,113.14092747546276
271,335,4,22.988764276371725,113.1408174355548
271,335,5,22.988826896024957,113.1407338876072
271,335,6,22.988733135163763,113.14063407800664
271,335,7,22.988789327203428,113.1405233533346
271,335,8,22.988686140650444,113.1404885206375
271,335,9,22.98867458842652,113.14062941021666
271,335,10,22.988577829449056,113.14057310866951
271,335,11,22.98857565325461,113.1404632605411
271,335,12,22.988636344980367,113.14036271875378
271,335,13,22.9886690645044,113.1402659771292
271,335,14,22.98871932917504,113.1401534734868
271,335,15,22.9887978628614,113.1400820592769
271,335,16,22.9887654913698,113.13995557459712
271,335,17,22.9886671263192,113.13990880791422
271,335,18,22.98868500642424,113.1398037419832
271,335,19,22.988832940524578,113.1398447510041
271,335,20,22.9886999124794,113.14001853361503
271,335,21,22.988601657374566,113.14011658141808
271,335,22,22.98851883202408,113.1402724892703
271,335,23,22.988455347476823,113.1401754270004
271,335,24,22.988423798527663,113.1399753775996
271,335,25,22.98857070583589,113.1399414309947
271,335,26,22.988617308934987,113.13983092709256
271,335,27,22.98861671620613,113.1397252059131
271,335,28,22.988543571296898,113.13965685434934
271,335,29,22.98855484892716,113.13977198889955
271,335,30,22.988490834696748,113.13987787933372
271,335,31,22.9887389600116,113.14006225696065
271,335,32,22.98882529530326,113.14011744155091
271,335,33,22.988746597735307,113.1401885552358
271,335,34,22.988719014355087,113.14029747940796
271,335,35,22.98875026895097,113.1404111666699
271,335,36,22.988861857412825,113.14047456218913
271,335,37,22.988693912891176,113.14039698463012
271,335,38,22.98881606004013,113.14066339558418
271,335,39,22.988666966753573,113.14084707870336
271,335,40,22.98854737765281,113.1407946917555
271,335,41,22.98875313308612,113.14102910240834
271,335,42,22.988839582472337,113.14114161002014
271,335,43,22.988834572203267,113.14095007216254
271,335,44,22.98822655470653,113.14064566026586
271,335,45,22.988000995811337,113.13999353769653
271,335,46,22.98823605043753,113.13995052128772
271,335,47,22.988152505120084,113.13971048773628
271,335,48,22.98823404822189,113.13948120032038
271,335,49,22.98839760373847,113.13951654257988
271,335,50,22.98840507229973,113.13966939105872
271,335,51,22.98853909487921,113.13947487434254
271,335,52,22.988443381333585,113.13936867575818
271,335,53,22.98816864483749,113.1392987597002
271,335,54,22.98811920687169,113.1391645733782
271,335,55,22.98787504171635,113.13940352347475
271,335,56,22.98889997118594,113.14009237632968
272,361,0,23.00925442814416,113.16086930128148
272,361,1,23.009162210192542,113.16134910936135
272,361,2,23.00915838755873,113.1614490425446
272,361,3,23.009221135628728,113.16136063001836
272,361,4,23.00912317117501,113.16151969628346
272,361,5,23.009017603600636,113.16147104706148
272,361,6,23.009630027500783,113.1620242267908
272,361,7,23.009643158210025,113.1621868821008
272,303,0,23.006484795260988,113.15969951633008
272,303,1,23.00641331751831,113.15978100113496
272,303,2,23.00640522774753,113.15988238179474
272,303,3,23.006301489595955,113.15989352319684
272,303,4,23.00623795653891,113.15981101915696
272,303,5,23.006135732785072,113.15976046489416
272,303,6,23.00606582355977,113.1596475200818
272,303,7,23.005924953871595,113.15968595182204
272,303,8,23.00582928990863,113.15964634965648
272,303,9,23.005731209961,113.15970319212757
272,303,10,23.00574843134933,113.15983400145645
272,303,11,23.00564701697361,113.15982205684972
272,303,12,23.00561087438737,113.15972006277867
272,303,13,23.0055303630488,113.15966008319135
272,303,14,23.00563167439561,113.15960148438606
272,303,15,23.005695709150924,113.159733071226
272,303,16,23.00583088213177,113.15959409736904
272,303,17,23.00593159828645,113.15957270558648
272,303,18,23.00610337861128,113.15973689706593
272,303,19,23.006042987146515,113.1598454684746
272,303,20,23.00614851816699,113.15987340498386
272,303,21,23.00625512321913,113.15976902814538
272,303,22,23.00630452944806,113.1596790982542
272,303,23,23.006316809777758,113.15978745979218
272,303,24,23.00621337523955,113.15972924020984
272,303,25,23.00622528794771,113.15959588567722
276,318,0,23.19258068059544,111.61070302473492
276,318,1,23.19313145252934,111.61131120133729
276,318,2,23.193488503013324,111.61163271899932
276,318,3,23.19378511484502,111.61152079373792
276,318,4,23.193654119763966,111.61205812710044
276,318,5,23.19354704950709,111.61223040815618
276,318,6,23.19327404169008,111.61209519685744
276,318,7,23.193202737618048,111.61233590772667
276,318,8,23.19320050972228,111.61254286607898
276,318,9,23.19297369313432,111.6124840292428
276,318,10,23.192832282985385,111.6124782834918
276,318,11,23.19259719998288,111.6126265623658
276,318,12,23.192424019610357,111.6128915194191
276,318,13,23.19229796507113,111.61310208580548
276,318,14,23.192168074482694,111.61312719130592
276,318,15,23.19217346454291,111.61325019493164
276,318,16,23.19232794665583,111.61328844431983
276,318,17,23.192530953387585,111.6134162553948
276,318,18,23.19270943769904,111.61365075595664
276,318,19,23.19292235748742,111.6137016109794
276,318,20,23.19289194553384,111.61383562636372
276,318,21,23.19307837321081,111.61371610875686
276,318,22,23.193433257785777,111.61350265514534
276,318,23,23.1929216768347,111.61322428363631
276,318,24,23.19280368448814,111.6131845929002
276,318,25,23.19285975966336,111.61333775941796
276,318,26,23.19297955944426,111.61302643821598
276,318,27,23.192955789956507,111.61288675256772
276,318,28,23.192859737259003,111.61293004126166
276,318,29,23.192675477284627,111.61299011708104
276,318,30,23.19209010741455,111.61290428760906
276,318,31,23.191970213912704,111.61308765991004
276,318,32,23.191713221297416,111.61275085269676
276,318,33,23.191743873818908,111.61264563154724
276,318,34,23.19211278173784,111.61229681568726
276,318,35,23.19308024577109,111.61227291904216
276,318,36,23.19376793178365,111.61246597502716
276,318,37,23.19407083191677,111.6123931052652
276,318,38,23.194146115471728,111.61254879250475
276,318,39,23.19434585678765,111.6126208856262
276,318,40,23.19428006913682,111.61217150290786
276,318,41,23.1944878774679,111.611738581689
276,318,42,23.19256667206344,111.61390132601404
276,318,43,23.192684736804512,111.61405717065108
276,318,44,23.19228003143624,111.61382097121545
276,318,45,23.19199814910237,111.61417700387555
276,318,46,23.191390033994217,111.61522150190147
276,318,47,23.18921924330355,111.61821656269152
294,413,0,23.052964501902192,113.27225581206366
294,413,1,23.053398454091653,113.27207691945492
294,413,2,23.053642654320964,113.2718032148096
297,356,0,22.99944483145574,113.163103059209
297,356,1,22.999352754524683,113.1631506598494
297,356,2,22.99936788874426,113.16325918378588
297,356,3,22.999415243287636,113.16335218952634
297,356,4,22.99930443678253,113.1633451745533
297,356,5,22.999314910782857,113.16323933305038
297,356,6,22.99919460584553,113.16319228738011
297,356,7,22.99915418721907,113.16335323835295
297,356,8,22.999222422771364,113.16345558281708
297,356,9,22.999122620462717,113.16342947432388
297,356,10,22.99899312389448,113.1634218732506
297,356,11,22.99883873224142,113.16345409180347
297,356,12,22.998735579200247,113.16339615865785
297,356,13,22.998670152264697,113.16331524715184
297,356,14,22.998653684674466,113.16321004112906
297,356,15,22.998735749974017,113.16313885281008
297,356,16,22.998597620033127,113.1632317427222
297,356,17,22.99852896430109,113.1630661560846
297,356,18,22.998638362545748,113.16304785810352
297,356,19,22.998801392941296,113.16311504763874
297,356,20,22.99886305908013,113.16322009073627
297,356,21,22.99883857848408,113.16337059479125
297,356,22,22.999060177052208,113.16338727043396
297,356,23,22.99916239477555,113.16339872187731
297,356,24,22.99929447950468,113.16340663690244
297,356,25,22.998985154362696,113.16316457720995
297,1160,0,23.00005509136108,113.1611971667729
297,1160,1,22.998614392012325,113.16075221109328
297,891,0,23.001517240448088,113.16180570061664
297,891,1,23.00161588127713,113.16169646116812
297,891,2,23.001583332885392,113.16152882962253
297,891,3,23.001731838815463,113.16158160476344
297,891,4,23.00187060778616,113.16156700840376
297,891,5,23.00197515291229,113.16159937760192
297,891,6,23.00191686413421,113.16168945325671
297,891,7,23.00180146027718,113.16164137821384
297,891,8,23.0017964054223,113.16177973599348
297,891,9,23.001790799509205,113.16193274124568
297,891,10,23.001896333076168,113.16183994362244
297,891,11,23.002004377703383,113.16163512547524
297,891,12,23.002003923540755,113.16152813900432
297,891,13,23.00202634735957,113.16141279807609
297,891,14,23.00212190900542,113.1613670899646
297,891,15,23.002218709262984,113.16141494679545
297,891,16,23.002324578696896,113.16143790556404
297,891,17,23.002431849773505,113.16137668747368
297,891,18,23.002535559469766,113.16138651715583
297,891,19,23.002596189829777,113.16147006638754
297,891,20,23.002647877052976,113.16135653873168
297,891,21,23.00256568409198,113.16129734371604
297,891,22,23.00263110118949,113.16121246016488
297,891,23,23.00265949836857,113.1610861527983
297,891,24,23.002772596541966,113.16108033349975
297,891,25,23.00275212506045,113.16124944253588
297,891,26,23.00286837373336,113.16128142220968
297,891,27,23.00290321177816,113.16137814735256
297,891,28,23.0028104359046,113.16131872943272
297,891,29,23.00275949663505,113.16140963655624
297,891,30,23.002758958113187,113.16156994270894
297,891,31,23.00264083558082,113.16161215077616
297,891,32,23.002535494774023,113.16157153387388
297,891,33,23.00246853802368,113.16147993787423
297,891,34,23.00259612535144,113.16153418695278
297,891,35,23.00250025126765,113.16141584633024
297,891,36,23.002625805527863,113.1612783450568
297,891,37,23.00250073376337,113.16120239555497
297,891,38,23.002170518598067,113.16128467907028
297,891,39,23.00206652803285,113.16122483969362
297,891,40,23.002004358021868,113.16134554849268
297,891,41,23.00207203033353,113.16143443599417
297,891,42,23.002131000963768,113.16152423516452
297,891,43,23.002089222784832,113.1616176864075
297,891,44,23.002207271622567,113.1615963569778
297,891,45,23.002204683918126,113.16149246353682
297,891,46,23.002182886227818,113.1613323110124
297,891,47,23.002299366563246,113.16152555007292
297,891,48,23.00192550987287,113.16126631204394
297,891,49,23.00178326345591,113.16126807410706
297,891,50,23.0016850083792,113.1611924645246
297,891,51,23.001622872409207,113.1613664161454
297,891,52,23.00168624187909,113.16147042131436
297,891,53,23.001845794835894,113.16147404637218
297,891,54,23.001441505094306,113.16153073599868
297,891,55,23.001630125757792,113.16099373582868
297,891,56,23.00115973423697,113.16076029598167
297,891,57,23.00290271238456,113.16119984384544
297,891,58,23.002730895424907,113.16172721182508
297,303,0,23.00186257296996,113.16172355415893
297,303,1,23.00303982712284,113.16115951101668
297,303,2,23.003210436835733,113.16117330170437
298,1080,0,23.15383183118072,112.28245474221748
298,1080,1,23.15545469152145,112.28375193100572
302,308,0,23.00264801933797,113.05454598585403
302,308,1,23.002669069484377,113.05465555220655
302,308,2,23.002683251466426,113.0547583610934
302,308,3,23.00281716648565,113.05477531820596
302,308,4,23.002738861561912,113.05486678612463
302,308,5,23.00257625937448,113.0548902858246
302,308,6,23.002652046726617,113.05477359368012
302,308,7,23.00272657739811,113.05470413342822
302,308,8,23.002764611572257,113.05453822949814
302,308,9,23.002806420749675,113.05471377194488
302,308,10,23.002592888794545,113.05469622485062
302,308,11,23.00278646969006,113.05514112118814
302,308,12,23.00287419193338,113.05521690295286
302,308,13,23.00278849158172,113.05532213436368
302,308,14,23.002859679313104,113.0554039943188
302,308,15,23.002957248056106,113.05535291844711
302,345,0,23.002256372328794,113.0518257307916
302,345,1,23.002317095085736,113.05167293731088
302,345,2,23.00220820656873,113.05157085254328
302,345,3,23.002102713721506,113.05162871510665
302,345,4,23.002091273326744,113.05149654025324
302,345,5,23.00221005202525,113.0515052876438
302,345,6,23.00242107413624,113.0516159586727
302,345,7,23.00242841745354,113.0509771702172
303,891,0,23.003078805314303,113.16049137300732
303,891,1,23.003044602682216,113.16068204342989
308,324,0,23.002339453361017,113.0570777813749
308,809,0,23.00328990551661,113.05563547932351
308,809,1,23.00347175501736,113.05574238682225
308,809,2,23.00333735941258,113.05592228963948
308,809,3,23.00340654579153,113.05605935553504
308,809,4,23.00342414971174,113.05617829065652
308,809,5,23.00351455700368,113.05608194265636
308,809,6,23.00352681029582,113.05623271439596
308,809,7,23.003547510440303,113.0563357624779
308,809,8,23.003500336046024,113.05642789655847
308,809,9,23.00340471285132,113.05630748638303
308,809,10,23.0033874887842,113.05641361280388
308,809,11,23.00339987601924,113.0565451585458
308,809,12,23.003523433470168,113.056548085459
308,809,13,23.00363557035421,113.05661562560717
308,809,14,23.00359134480459,113.0567213156049
308,809,15,23.003472535068383,113.05680321861026
308,809,16,23.00349218595945,113.05690348642456
308,809,17,23.003564929951864,113.0569836533098
308,809,18,23.00366320941836,113.05706210820868
308,809,19,23.00359901281644,113.05714060439388
308,809,20,23.003581314154143,113.05724982973184
308,809,21,23.003708508573062,113.05728498844071
308,809,22,23.0038379488492,113.05726851531398
308,809,23,23.00367762645805,113.05736001046414
308,809,24,23.00384062188926,113.05748091621768
308,809,25,23.00385430651752,113.05765931061003
308,809,26,23.00376793166989,113.05756364818954
308,809,27,23.003655884259175,113.05760636074412
308,809,28,23.00375055374125,113.05774462676015
308,809,29,23.00356867425476,113.05784138938704
308,809,30,23.003982115120515,113.05783427925844
308,809,31,23.004007406221607,113.0576371930228
308,809,32,23.004066410872497,113.05747720828182
308,809,33,23.00408785564997,113.0571516726145
308,809,34,23.003890113798477,113.05696263646423
308,809,35,23.003748667451408,113.05690409188472
308,809,36,23.003621574135845,113.05693892132348
308,809,37,23.003623180931765,113.05680719128964
308,809,38,23.00373945669841,113.05678241122553
308,809,39,23.00379176107422,113.05663640031128
308,809,40,23.003683995377543,113.056550722688
308,809,41,23.00362188323336,113.05646589733786
308,809,42,23.00358570623105,113.0563604447056
308,809,43,23.003655045239096,113.05618585403218
308,809,44,23.003771398491644,113.05627632907876
308,809,45,23.00396714472991,113.0562982308316
308,809,46,23.00385214780511,113.05655783906174
308,809,47,23.003734180958027,113.05650537052146
308,809,48,23.003600484265853,113.05644397093272
308,809,49,23.00349978542009,113.0565651061722
308,809,50,23.003466832800207,113.0566755042254
308,809,51,23.003412340915236,113.05685374202208
308,809,52,23.00342587442749,113.0569709644618
308,809,53,23.00351506175336,113.0570453902494
308,809,54,23.003487418768376,113.05715137157502
308,809,55,23.003684091352213,113.05699634325076
308,809,56,23.00311522299728,113.05673181212158
308,809,57,23.002916371840943,113.0564248469314
308,809,58,23.00324442574878,113.05623348188112
308,809,59,23.003224808461948,113.05609570149552
308,809,60,23.003256871833077,113.05589090242216
308,809,61,23.00384852878968,113.05562261619971
309,496,0,22.988280603635285,113.14836764498943
309,496,1,22.98862943128399,113.14876511428552
309,496,2,22.988689421892246,113.14892395646396
309,496,3,22.987759817889785,113.14869629469187
309,496,4,22.988150310945795,113.15011020463844
311,838,0,23.10655160157143,113.6122435526624
311,838,1,23.106035915620744,113.61209661467632
311,838,2,23.10604871488812,113.61184848002654
311,838,3,23.10642700014633,113.6116557845328
311,838,4,23.10650089560632,113.6114259920405
311,838,5,23.106366566149784,113.6113005036552
311,838,6,23.10646336467944,113.61117943987868
311,838,7,23.106529998103365,113.61129534357556
311,838,8,23.106670137192097,113.61127470214308
311,838,9,23.10674137326486,113.61143078652684
311,838,10,23.10687933257264,113.61153711707487
311,838,11,23.106666721907395,113.61113387147677
311,838,12,23.10665653985189,113.6109604471592
311,838,13,23.106741103698862,113.61087011039515
311,838,14,23.10685654065632,113.61076917940728
311,838,15,23.106845799864303,113.61066061094908
311,838,16,23.10669746439021,113.6106360388182
311,838,17,23.10664274783416,113.61054755051178
311,838,18,23.10650918696526,113.61051468519608
311,838,19,23.106468080885044,113.6104028315555
311,838,20,23.106633408746585,113.61014509427643
311,838,21,23.10674409611851,113.6102611081681
311,838,22,23.106875367495984,113.61013179123016
311,838,23,23.106735981549257,113.60981738669042
311,838,24,23.10653491224636,113.6099339301844
311,838,25,23.106916297848542,113.60958413450297
311,838,26,23.10697532794301,113.61047470367998
311,838,27,23.106583698335587,113.61082157192028
311,838,28,23.106480772219424,113.6109449153384
311,838,29,23.10633837065991,113.61088099450993
311,838,30,23.10634938447205,113.61071344510434
311,838,31,23.10625884134118,113.61119579364178
311,838,32,23.106260836590703,113.61133055640026
311,838,33,23.106830747559453,113.6110788667739
311,429,0,23.10795390913207,113.61173666688993
311,429,1,23.1080872553446,113.61137981786972
311,429,2,23.10831466098832,113.61121067228002
311,429,3,23.10808097694475,113.61066506443576
311,429,4,23.107707265936007,113.6111068630398
311,429,5,23.107601462837263,113.61127889831492
311,429,6,23.10770314763213,113.61134706428476
311,429,7,23.10747883381098,113.6111902288306
311,429,8,23.107310243267257,113.61117993614896
311,429,9,23.107162367501747,113.61110373795874
311,429,10,23.10719293499693,113.61098154757426
311,429,11,23.107078961936075,113.61095308421444
311,429,12,23.10704702813131,113.61080303686634
311,429,13,23.107302085188284,113.61077273605036
311,429,14,23.10742692934212,113.61096397175513
311,429,15,23.109706058001816,113.61261707114868
319,349,0,22.90079945477179,113.13763355414176
319,349,1,22.900708724579843,113.137277387127
319,349,2,22.900956054787365,113.13703949590813
319,349,3,22.90168853198978,113.1370122291418
319,349,4,22.902259831131666,113.13651941148264
319,349,5,22.902385849545595,113.13648209040863
321,1160,0,22.994804386576224,113.1614905553062
321,1160,1,22.994874588565203,113.16171262187672
321,1160,2,22.994993192138978,113.16176758768212
321,1160,3,22.99514350048168,113.16177823945402
321,1160,4,22.995213273030053,113.1618682543188
321,1160,5,22.995145703121132,113.16195698653225
321,1160,6,22.99523902506432,113.16200750219062
321,1160,7,22.995409490567603,113.16201789032826
321,1160,8,22.99553262189379,113.16206174414644
321,1160,9,22.99557256968369,113.16196252390948
321,1160,10,22.99566050276738,113.1618970519544
321,1160,11,22.99555600812329,113.16184144453942
321,1160,12,22.99557486430749,113.16173752432928
321,1160,13,22.995685884906468,113.16171979591402
321,1160,14,22.995609641728294,113.1616550620505
321,1160,15,22.995463086888147,113.16166603687424
321,1160,16,22.995350217234236,113.16166596886288
321,1160,17,22.995249746907973,113.16164737914048
321,1160,18,22.99534395661169,113.16155869867222
321,1160,19,22.99545398584345,113.16156467613442
321,1160,20,22.995684564674654,113.16148512557716
321,1160,21,22.99544201744811,113.16172214575715
321,1160,22,22.995391751726284,113.16181244828144
321,1160,23,22.99528850568501,113.16182361667434
321,1160,24,22.99537324410262,113.1618839407536
321,1160,25,22.99546387506187,113.16194536048316
321,1160,26,22.99532738369066,113.16179091407056
321,1160,27,22.995390388472817,113.16170758524667
321,1160,28,22.995631168445907,113.16206514216896
321,1160,29,22.99565900534237,113.16218551453674
321,1160,30,22.995793853345344,113.16220383104518
321,1160,31,22.995703929309947,113.1622516325574
321,1160,32,22.995612810065403,113.1623030396462
321,1160,33,22.995588385534017,113.16241659517183
321,1160,34,22.995738446552345,113.16250373056349
321,1160,35,22.995841171566067,113.16249927033792
321,1160,36,22.995923960923676,113.16241380342016
321,1160,37,22.99602765958437,113.16240293153147
321,1160,38,22.996029044239148,113.1622890088944
321,1160,39,22.99590249818371,113.16232677930442
321,1160,40,22.9957936049748,113.16239586973492
321,1160,41,22.99560567057375,113.1622241781074
321,1160,42,22.99546038362172,113.16215745430476
321,1160,43,22.9950441433016,113.16200657486188
321,1160,44,22.995014657401285,113.16220396848485
321,1160,45,22.994832096319968,113.16191391998824
321,1160,46,22.994795617124588,113.16177918929766
321,1160,47,22.994844798885836,113.16075855457191
321,1160,48,22.994013576418023,113.15948625968954
321,1160,49,22.99614437117205,113.16192262231178
321,1160,50,22.99601165325424,113.16207970759338
321,1160,51,22.995956642035363,113.1624497427237
321,1160,52,22.99650286680988,113.1621704570832
321,1160,53,22.99658751729673,113.16207500029736
321,1160,54,22.997023202633347,113.16190443137968
321,1160,55,22.996926981288603,113.16136264515164
321,1160,56,22.997526948830984,113.16100777646189
321,356,0,22.99551287318412,113.16256491570422
321,356,1,22.995878357738707,113.16254673143916
321,356,2,22.99598173536752,113.162544869548
321,356,3,22.99616326480506,113.16255321720506
321,356,4,22.996283095100782,113.16254964519204
321,356,5,22.9963583710318,113.16266203224072
324,603,0,23.00503547915351,113.060438019969
324,603,1,23.00442090361546,113.06031863163857
324,603,2,23.0049809335559,113.06251573528168
324,809,0,23.004452681142748,113.06065395678252
324,809,1,23.00435423145948,113.05861650113454
324,809,2,23.004136139362515,113.058445027184
324,809,3,23.004151174674774,113.05811806403293
324,775,0,23.001073071882587,113.06113307359831
324,775,1,22.997311532280715,113.06341788554528
324,775,2,22.9953199915212,113.06678512673425
324,775,3,22.99482629936078,113.07331251940197
333,722,0,23.01233417838197,113.1656745889896
333,722,1,23.01320194923701,113.16702230905486
333,722,2,23.013397479417865,113.16736059723078
333,361,0,23.01055423257209,113.16278939398477
333,361,1,23.01045857491261,113.16284804693322
333,383,0,23.011989750570766,113.16666787044068
333,383,1,23.01233382410568,113.16773438410362
333,383,2,23.01289149957408,113.17220027356748
335,541,0,22.986935842717703,113.13710911677694
335,541,1,22.98693666596276,113.13696380257252
335,541,2,22.98682838914147,113.13695604386754
335,541,3,22.98690143573925,113.1368626864537
335,541,4,22.98704862832998,113.13689126152197
335,541,5,22.986865812590462,113.13677096037776
335,541,6,22.98674925976061,113.1367896636438
335,541,7,22.98674636935362,113.1366832616921
335,541,8,22.986818865357552,113.13657730119635
335,541,9,22.986842659135338,113.13647569626848
335,541,10,22.986753082661675,113.13640360794244
335,541,11,22.98661457610849,113.13636975572186
335,541,12,22.986715952111886,113.13633903588315
335,541,13,22.98679885121753,113.13624649765082
335,541,14,22.986695750074407,113.13620158622024
335,541,15,22.986591567847555,113.13620100155266
335,541,16,22.98661112326377,113.13608141227957
335,541,17,22.986714411304515,113.13615606659984
335,541,18,22.986704431115363,113.13602017866395
335,541,19,22.98666510512351,113.1362519707123
335,541,20,22.986786489107008,113.13632235192593
335,541,21,22.9868430444758,113.13640950394958
335,541,22,22.986807240237244,113.13701874566672
335,449,0,22.98675345858321,113.13687584694672
335,449,1,22.98675426767957,113.13674635614171
335,449,2,22.98687775788885,113.13658833141768
335,449,3,22.986436909200908,113.13713760376524
335,449,4,22.986357040302963,113.13591895349262
335,449,5,22.986461826169187,113.13584750168084
335,449,6,22.986503423837856,113.13574108548325
335,449,7,22.986395945603025,113.13573470240937
335,449,8,22.986290074577997,113.13574442026048
335,449,9,22.986158502141222,113.13567785343012
335,449,10,22.98604231444381,113.13564995804433
335,449,11,22.98599665902036,113.13580209248153
336,379,0,22.979305443170663,113.12767857504626
336,379,1,22.979222320709138,113.1276140060034
336,379,2,22.97914132061235,113.12775792430357
336,379,3,22.979045898570234,113.1275860221569
336,379,4,22.978985292491704,113.12698002708282
336,379,5,22.978880719436965,113.12689426542208
336,379,6,22.978705795607507,113.12690790555108
336,696,0,22.96715720694891,113.1376824381734
336,696,1,22.966899340588004,113.13770929089716
336,337,0,22.983563287999992,113.13211125273526
336,337,1,22.983186439234625,113.13262429331272
336,337,2,22.98207975069309,113.13323856940876
337,449,0,22.98418359628564,113.1331065778748
337,449,1,22.98425884110144,113.13325729806762
337,449,2,22.98439609139539,113.13325790533078
337,449,3,22.985145167542587,113.13460679502708
340,815,0,23.04513654108733,113.22207699156858
340,815,1,23.04518042345518,113.22219316661824
340,897,0,23.04436784296194,113.2204459796723
340,897,1,23.044281227837043,113.22029514417788
340,897,2,23.04417231436802,113.22022668424069
340,897,3,23.044043383657712,113.22017166825958
340,897,4,23.044013522076465,113.22003054240471
340,897,5,23.044156937782265,113.22002396358394
340,897,6,23.0442359697996,113.22011706414692
340,897,7,23.04412490809517,113.22015144625574
340,897,8,23.04404652198277,113.22032756148602
340,897,9,23.04393683976519,113.22032888436112
340,897,10,23.0441843165386,113.22043689825566
340,897,11,23.044301339884896,113.220244523572
340,897,12,23.044348849159103,113.2201332185192
340,897,13,23.04434952483208,113.21999892219849
340,897,14,23.04435439073431,113.21987757496538
340,897,15,23.04377075663096,113.2200592702698
351,427,0,23.02843654424604,112.99146436931272
351,427,1,23.028375438766545,112.991370140734
351,427,2,23.02838490099743,112.99124062683262
351,427,3,23.028197034915426,112.99129917787816
351,427,4,23.02833289899592,112.99095324632626
351,427,5,23.028248152667206,112.99089648941514
351,427,6,23.02819325590744,112.99080861649352
351,427,7,23.02825483227688,112.99069632172998
351,427,8,23.02833283690507,112.99056010050276
351,427,9,23.028203789244465,112.99054869043889
351,352,0,23.03016566218408,112.9949975111396
351,352,1,23.0314995202086,112.99410829414896
351,352,2,23.0322689190533,112.99697130880092
351,352,3,23.03174473538208,112.99754114801011
351,390,0,23.02835614609096,112.99116293536228
351,390,1,23.028312207709583,112.99106833517236
351,390,2,23.028218077090585,112.99050778233584
351,390,3,23.02816841256129,112.9904057283295
351,390,4,23.028203244352262,112.99027063412149
351,437,0,23.03025385916588,112.99246861722148
351,437,1,23.03092990653374,112.99232476253054
352,437,0,23.03239746909813,112.9964273374452
352,437,1,23.03237446240815,112.99621101473129
352,437,2,23.03228231834898,112.99612342726118
352,437,3,23.03236067377964,112.9960583135909
352,437,4,23.03246252313115,112.99620404675838
352,437,5,23.03222234611831,112.99579443185624
352,437,6,23.03208962560208,112.9957611207914
352,437,7,23.032037440686192,112.99566708428692
352,501,0,23.033825301011625,112.99865675092276
352,501,1,23.03383227525551,112.99876788747672
352,501,2,23.03371421348326,112.99876539156456
352,501,3,23.033639742297066,112.99884114287728
352,501,4,23.033542926857304,112.99888968116998
352,501,5,23.03388691137669,112.99966137128256
352,501,6,23.03392120245488,112.99977294995745
352,501,7,23.03379691739065,112.99989434330162
352,501,8,23.03381479443057,113.00008700581049
352,501,9,23.03400266464811,112.9997127949124
352,501,10,23.03401728885555,112.99960584062212
352,411,0,23.033607473812904,112.99898887103797
352,411,1,23.033869562278493,113.00012811587725
355,998,0,23.091589775647076,112.09169062726362
355,998,1,23.09153001068577,112.0919422415823
355,998,2,23.091642040654456,112.09207791113168
355,998,3,23.091725797779144,112.0921827707662
355,998,4,23.0918062177449,112.092264491967
355,998,5,23.09192048146735,112.09234187588532
355,998,6,23.092021007930303,112.09212152923678
355,998,7,23.09194586614184,112.09202024002126
355,998,8,23.091478172926383,112.09213074122265
355,998,9,23.09134851960931,112.09225967285474
355,998,10,23.0913197854007,112.09236463966865
355,998,11,23.09127973236527,112.09248794099426
355,998,12,23.091094060172814,112.09241531002117
355,998,13,23.091009317956026,112.0923410079272
355,998,14,23.090876948892024,112.0922192430128
355,998,15,23.09118870461533,112.0921558576559
355,998,16,23.09151336304772,112.09235320107592
355,998,17,23.09144771114448,112.09256570026066
355,998,18,23.09116985931312,112.0929124412857
355,998,19,23.09099889071894,112.09282072185373
355,998,20,23.092212248094004,112.09249360716782
356,1160,0,22.997767718549323,113.16228610282296
356,1160,1,22.997535964021026,113.16237702763944
356,1160,2,22.997406988882357,113.16240153279864
356,1160,3,22.99728282487829,113.16240024943754
356,1160,4,22.997115148584506,113.16242855634988
356,1160,5,22.99701016788331,113.16245432386876
356,1160,6,22.996972745706373,113.1623527443446
356,1160,7,22.99689200265798,113.1624200759168
356,1160,8,22.996886913605337,113.1623169944398
356,1160,9,22.997010608284477,113.1622909415733
356,1160,10,22.997106835142173,113.1623275964474
362,390,0,23.0281325753596,112.9872440533664
362,390,1,23.028117089999533,112.98741903493917
362,390,2,23.027964774343967,112.98803670366208
362,390,3,23.027841194994213,112.98821703248284
364,1026,0,23.04866857475364,113.25151627981424
364,1026,1,23.048754430659105,113.25161355977724
364,1026,2,23.048756052855293,113.25173338846275
364,1026,3,23.04882335169912,113.2516450949356
364,1026,4,23.04892259360392,113.25162393232009
364,1026,5,23.048978432782757,113.25173959580374
364,1026,6,23.04909098355769,113.25171572055042
364,1026,7,23.04911928369296,113.2516168671427
364,1026,8,23.049023448250757,113.25158080919329
364,1026,9,23.049097974078013,113.25148109929115
364,1026,10,23.04896966627621,113.25145956269644
364,1026,11,23.04887066608996,113.2515320896517
364,1026,12,23.0487017240832,113.25149815626864
364,1026,13,23.048650190596515,113.25159699888712
364,1026,14,23.048849493459777,113.25174493922432
364,1026,15,23.04890817933424,113.2518565012569
364,1026,16,23.04901747316568,113.25185794950144
364,1026,17,23.049081212009835,113.25177976759733
364,1026,18,23.04918922171634,113.25166036258628
364,1026,19,23.0493148513291,113.25182205241644
364,1026,20,23.048930601359057,113.25193021360782
364,1026,21,23.04883131553728,113.25197660548798
364,1026,22,23.048774552989748,113.25187100314778
364,1026,23,23.04880326054809,113.25208863315986
364,1026,24,23.04890185115373,113.25215972865595
364,1026,25,23.048842880013407,113.25226140604236
364,1026,26,23.04877110581712,113.25236679066272
364,1026,27,23.048804881264143,113.25248850956864
364,1026,28,23.048906684890454,113.2524137393133
364,1026,29,23.048933567168945,113.25229875989577
364,1026,30,23.04898310425639,113.25239119689203
364,1026,31,23.049032978378417,113.25249035452362
364,1026,32,23.048931723631725,113.25256182660388
364,1026,33,23.04880300898032,113.2526084118762
364,1026,34,23.04864282371345,113.25266914444748
364,1026,35,23.048579600063213,113.25254188374956
364,1026,36,23.04844768097074,113.2525703621481
364,1026,37,23.048382844327296,113.2524522873402
364,1026,38,23.04859946784552,113.25237606607648
364,1026,39,23.04869215163532,113.25246119594186
364,1026,40,23.048648479156466,113.25221254141104
364,1026,41,23.04851552572614,113.25224882686436
364,1026,42,23.04906138864345,113.2521950664344
364,1026,43,23.049087173604946,113.25231533089804
364,1026,44,23.04920073374509,113.25233290232129
364,1026,45,23.049144308557583,113.2524313684894
366,413,0,23.05494436434081,113.26458595836831
366,413,1,23.05513708059981,113.2650045545212
366,413,2,23.055182200267453,113.26516802256464
366,413,3,23.05517942656924,113.26541153455852
366,413,4,23.055535593505827,113.26676534574167
366,439,0,23.054171351683006,113.26246410477808
366,439,1,23.054254634160007,113.2621445684176
366,439,2,23.05393001173673,113.26131271018367
366,439,3,23.05395555271318,113.26114667513932
366,439,4,23.053868532497816,113.26103148888453
370,459,0,23.018512695460476,113.17699065459512
370,459,1,23.018428112574647,113.17672328254014
370,459,2,23.01854196953656,113.17660879205688
370,459,3,23.018753905384436,113.17654789721978
370,459,4,23.01883865640374,113.17669524932516
370,459,5,23.01830300267856,113.17596535000584
370,459,6,23.01832424929025,113.17577155065788
370,459,7,23.018406586747496,113.17560703984933
370,459,8,23.01819935630809,113.17572969180506
370,459,9,23.018153500780084,113.17583462370374
370,459,10,23.018129516090315,113.17559834984908
374,375,0,22.976488565829406,113.10316178590212
374,375,1,22.976668914716736,113.10315788218134
374,375,2,22.97695696905732,113.10201829944748
374,375,3,22.97708906374889,113.10186941800484
374,375,4,22.977261078248706,113.10192432245503
374,375,5,22.977279718346765,113.10206860859688
374,375,6,22.97742414653637,113.10195881954095
374,375,7,22.97728774107306,113.10163380066378
379,587,0,22.978672413956133,113.12598144318812
379,587,1,22.978528419077502,113.12490786914812
379,587,2,22.978482541903396,113.12480174988104
379,587,3,22.97862785508531,113.12476912749646
379,587,4,22.97854648585357,113.12458189556172
379,587,5,22.978440487474096,113.12453632345856
379,587,6,22.97836878694481,113.12465343515484
379,587,7,22.978374026853317,113.12482817694833
379,587,8,22.97838475391932,113.1249285768594
379,587,9,22.97825378100669,113.12495102055188
383,459,0,23.01542565434067,113.17166178113372
383,459,1,23.016376501386112,113.17178631946156
383,459,2,23.016478300745877,113.17200669130555
383,459,3,23.01656565497246,113.1722070030095
383,459,4,23.0164068073642,113.17230928270617
383,459,5,23.01648241390964,113.17239619604682
383,459,6,23.016587594544426,113.17250540382292
383,459,7,23.016460926779164,113.17254055013082
383,459,8,23.016495597704505,113.17267532232678
383,459,9,23.01641382521984,113.1727794092776
383,459,10,23.016448199162934,113.17288669109672
383,459,11,23.016517747647253,113.17279542342187
383,459,12,23.016597556567277,113.1727313996112
383,459,13,23.016757116182085,113.17268155975415
383,459,14,23.016817347786017,113.17277359498534
383,459,15,23.01675030852002,113.172862187066
383,459,16,23.01663518653115,113.17283851763582
383,459,17,23.01671075914236,113.17293194923892
383,459,18,23.016775780285247,113.1730426616912
383,459,19,23.01671582325995,113.17313325461804
383,459,20,23.01657827274292,113.17304360796184
383,459,21,23.01655831485628,113.1729434303513
383,459,22,23.016472562551968,113.1729984012766
383,459,23,23.016368275055605,113.17298310434806
383,459,24,23.016509041228616,113.17287449129552
383,459,25,23.016580651250983,113.1727989644059
383,459,26,23.01655053378931,113.17269271967176
383,459,27,23.0164116657568,113.17262143433004
383,459,28,23.016347570467527,113.17270307059698
383,459,29,23.01632960583569,113.1725350754287
383,459,30,23.016241855125084,113.17246606466156
383,459,31,23.01639360235453,113.17248377816276
383,459,32,23.016226752206496,113.17224469036736
383,459,33,23.01587261286636,113.1725876239201
383,459,34,23.016613830932656,113.1730173406037
383,459,35,23.016574080630647,113.1731566478715
383,459,36,23.01664342277913,113.17325065478128
383,459,37,23.016688349565253,113.17335070287923
383,459,38,23.01663123962116,113.17346943153422
383,459,39,23.016713670395777,113.17341112865302
383,459,40,23.01686035185059,113.17347285522402
383,459,41,23.016840499836466,113.17360500478068
383,459,42,23.01693954692037,113.17364176525956
383,459,43,23.01704000835669,113.17363775432597
383,459,44,23.017178328392013,113.1735910971606
383,459,45,23.01705827451672,113.1737907616994
383,459,46,23.016932159101007,113.17374542047212
383,459,47,23.016831280393845,113.17371179677404
383,459,48,23.01671836244826,113.173634501113
383,459,49,23.016782315375917,113.17354976316706
383,459,50,23.01659890445611,113.17356388800354
383,459,51,23.016553989293243,113.1734484241198
383,459,52,23.01631947510637,113.17365760384212
383,459,53,23.01656247962843,113.17380936050364
383,459,54,23.01679520896552,113.17379879945084
383,459,55,23.016878128891083,113.17386095172496
383,459,56,23.017038567213707,113.17391551832164
383,459,57,23.017103906919942,113.17399479011016
383,459,58,23.01732142879745,113.17398659417422
383,459,59,23.01726839395768,113.17409417524506
383,459,60,23.017420753913225,113.1741944286912
383,459,61,23.01683034268255,113.17399520319574
383,459,62,23.016965078092447,113.17336632533696
383,459,63,23.01680683287944,113.17322844971429
383,459,64,23.01684952817334,113.17313285991963
383,459,65,23.016895010382164,113.17295304590922
383,459,66,23.016947231116987,113.17285988563022
383,459,67,23.016896304406863,113.1726193875366
383,459,68,23.01668361689437,113.1731929161397
383,459,69,23.016426483394483,113.17494745985098
383,722,0,23.01518788730037,113.17044603176431
383,722,1,23.01534385304911,113.17036837299256
383,722,2,23.015060954546083,113.17015933774832
383,722,3,23.01494411245692,113.17023828723973
383,722,4,23.01479789398161,113.17030671794478
383,722,5,23.014715930329512,113.17002419187088
383,722,6,23.01471988234277,113.16992007541968
383,722,7,23.014834937355666,113.1698991972746
383,722,8,23.0147410696344,113.1698536824738
383,722,9,23.01464959430705,113.16972977393726
383,722,10,23.01455048057948,113.16971101098288
383,722,11,23.01453845296496,113.16960895798996
383,722,12,23.01449279280765,113.16970248483656
383,722,13,23.014460143174677,113.16957076994774
383,722,14,23.01434200275823,113.16963996494196
383,722,15,23.014314876221817,113.16949423944986
383,722,16,23.01440489994645,113.1694412295812
383,722,17,23.014583080866107,113.16943094852246
383,722,18,23.014570438756977,113.16953638270454
383,722,19,23.01466866973373,113.16963724593438
383,722,20,23.014780663531965,113.16958802883552
383,722,21,23.014714680261967,113.1694366893292
383,722,22,23.014598966306504,113.16926094863426
383,722,23,23.01448699722064,113.16926218833386
383,722,24,23.01456854223277,113.1691944047816
383,722,25,23.014644650509723,113.16908074941313
383,722,26,23.01452413213976,113.1690731835359
383,722,27,23.01442595190515,113.16912880621652
383,722,28,23.01431598006947,113.16914602693336
383,722,29,23.014273832648403,113.16903667180787
383,722,30,23.01437185186936,113.1689584258208
383,722,31,23.014251223291318,113.16887608745796
383,722,32,23.014321875593804,113.168771379509
383,722,33,23.014432571040807,113.16884028862803
383,722,34,23.014533279356403,113.16885111239895
383,722,35,23.01450020488711,113.16895084586623
383,722,36,23.014443348585395,113.16905759500963
383,722,37,23.01445867430684,113.16917268361752
383,722,38,23.01430026297384,113.1693236277687
383,722,39,23.014691041647065,113.16922710840268
383,722,40,23.01454952803192,113.16878863848623
383,722,41,23.01445749768061,113.1687106819738
383,722,42,23.01432743737303,113.1686553915149
383,722,43,23.014209366772967,113.16869954929882
383,722,44,23.0141642176047,113.1688255226207
383,722,45,23.014372622760774,113.16860782367849
383,722,46,23.014291923337645,113.1685126643625
383,722,47,23.01417599892993,113.16836071362349
383,722,48,23.01416203327776,113.16818755791964
383,722,49,23.01410796790812,113.16803781664764
383,722,50,23.013940738045083,113.1678105987096
383,722,51,23.01379784512881,113.16772556961573
383,722,52,23.013659572431227,113.16811952799354
383,722,53,23.01432034856263,113.1683848353673
383,722,54,23.014407646419816,113.168324407385
383,722,55,23.01445962124473,113.16853240700468
383,722,56,23.01462911427169,113.16852735536698
383,722,57,23.01463498050419,113.16866739541555
383,722,58,23.014955805330477,113.16963805319678
383,722,59,23.014812560911984,113.1696901456287
383,722,60,23.014725742416815,113.16974243613092
383,722,61,23.01463339935181,113.16987286437036
383,722,62,23.01446394242432,113.17009250550004
383,722,63,23.01491461884496,113.16982371157658
386,867,0,23.067134678469124,113.37545035826646
386,867,1,23.06650656135732,113.37497930641794
386,867,2,23.06592848099501,113.37479160539918
386,867,3,23.065485018645983,113.3609144361169
390,427,0,23.028213404369023,112.9900585104046
390,427,1,23.02819390060727,112.99017866389384
390,427,2,23.02809661842489,112.99026043596008
390,427,3,23.02810373706269,112.99037862695552
390,427,4,23.02806264122931,112.99047883842942
390,427,5,23.02817234571606,112.99049648345311
390,427,6,23.02825318208125,112.99038687600854
390,427,7,23.02824636939938,112.99025781871804
390,427,8,23.02826087485629,112.99086807070071
392,815,0,23.044964396881003,113.2273896585776
392,815,1,23.04386901998369,113.22501739542042
392,815,2,23.04497680617417,113.2242662062477
411,501,0,23.034359943933858,113.00049965245984
411,501,1,23.034441851574847,113.00044179482472
411,501,2,23.03438188836471,113.00027668671788
411,501,3,23.034277127971084,113.00024370087776
411,501,4,23.034186880476987,113.00028728463676
411,501,5,23.0341689473374,113.00041865592344
411,501,6,23.03429197262685,113.00035465063534
411,501,7,23.034323614255975,113.00013377363852
411,501,8,23.034234510460305,113.00003621196517
411,501,9,23.03429272727212,112.9999541722001
411,501,10,23.034246360793013,112.99984827313766
411,501,11,23.03435471745697,112.99982760942277
411,501,12,23.03424966416652,112.99967617269596
411,501,13,23.034137603372344,112.99969804290338
411,501,14,23.034090467368877,112.99990206445958
411,501,15,23.034132017901275,113.00015411332888
411,501,16,23.03410925252081,113.00030132057852
411,501,17,23.03436127101364,112.99992308285162
411,501,18,23.03438933290022,112.99959965051428
413,755,0,23.05658626893498,113.26890052865912
413,755,1,23.05685595823109,113.2693242895358
413,755,2,23.05677139767773,113.26937814552387
413,755,3,23.05666396488884,113.26953593140176
413,755,4,23.056923066567027,113.26945516278629
413,755,5,23.05709716517793,113.2696842861265
413,755,6,23.05699330206132,113.26971149230006
413,455,0,23.056502232417994,113.26960864389308
413,455,1,23.056221364685605,113.27000441254144
413,455,2,23.056225245277787,113.27012693662265
413,455,3,23.056468694567386,113.2710476987492
413,455,4,23.056567745531733,113.27113643171192
413,455,5,23.0565048749488,113.27125045883878
413,455,6,23.056359665993465,113.27121552185508
413,455,7,23.05671377026066,113.2712017518016
415,1206,0,23.09014998301003,113.5759827197796
415,1206,1,23.09034201850528,113.57580217688506
415,1206,2,23.089906632037863,113.5755675563246
415,1206,3,23.0897492024875,113.57538663070976
415,1206,4,23.089498002670563,113.57544216464088
415,1206,5,23.089111728112915,113.57552857922406
415,1206,6,23.08918800554788,113.57513596352888
415,1206,7,23.08925369866061,113.57505941825352
415,1206,8,23.089006201997428,113.57486758162284
415,1206,9,23.088790000040422,113.57484149235442
415,1206,10,23.08930058634872,113.57588489133252
415,1206,11,23.08916830144888,113.57612787527286
415,1206,12,23.089382289595157,113.57624947728743
415,1206,13,23.0894945773298,113.57627433498328
415,1206,14,23.089591084466715,113.57637717442098
415,1206,15,23.089513038511296,113.5764850807178
415,1206,16,23.08929156659234,113.57639113511286
415,1206,17,23.08986240818906,113.5760538929499
415,1206,18,23.089630520481315,113.57701329805828
415,1206,19,23.0899724892513,113.5746875454263
415,1206,20,23.090704639686496,113.5745812243576
415,876,0,23.090547153103152,113.57777380376884
415,876,1,23.09076997822518,113.5786724252854
415,876,2,23.09090442647317,113.57865737427048
415,876,3,23.091374438158525,113.5786485071068
415,876,4,23.09138001197724,113.57937567103863
415,876,5,23.091483628871348,113.57952272104238
415,876,6,23.09136694914742,113.57979174591742
415,876,7,23.091491594884943,113.58017109080885
415,876,8,23.09101792420521,113.58029581502228
415,876,9,23.090910011611268,113.58027696077728
415,876,10,23.090728320501363,113.5803948779728
415,876,11,23.09074083252448,113.58049428016308
415,876,12,23.090531441176918,113.5805049276992
415,876,13,23.090332912463367,113.58060557313388
415,876,14,23.090357971930707,113.58037654772718
415,876,15,23.090502099612834,113.58028817030817
415,876,16,23.09062892018136,113.58029360857452
415,876,17,23.09049630614698,113.58014917455456
415,876,18,23.090557646678548,113.58002042517067
415,876,19,23.090712645056445,113.57996983512233
415,876,20,23.090925201313595,113.58008950200224
415,876,21,23.09093928028349,113.58040885056784
415,876,22,23.090716903429367,113.58084469554623
415,876,23,23.09107706231698,113.58143728403832
415,876,24,23.092076341940675,113.58076552620584
415,876,25,23.092678908057387,113.58155060491528
415,876,26,23.092247057832903,113.58186157218351
415,876,27,23.090939440520994,113.57973069458636
415,876,28,23.090504556701063,113.579786668236
415,876,29,23.09035868271778,113.57978707048038
415,876,30,23.090229816160825,113.57981252432027
415,876,31,23.090347967693088,113.57989647668404
415,876,32,23.09028405944731,113.57999331160984
415,876,33,23.090168357448665,113.58012603489588
415,876,34,23.090311639614782,113.580195190049
415,876,35,23.090168646788552,113.580342349746
415,876,36,23.09006750199658,113.58028061842862
415,876,37,23.08999310772336,113.58019713813216
415,876,38,23.089776036385118,113.58023527722902
415,876,39,23.0901187373783,113.57986567573286
415,876,40,23.09009740358241,113.579641095286
415,876,41,23.09017474897484,113.57939010258384
415,876,42,23.090094073232827,113.5792278819202
415,876,43,23.090221996980077,113.5791502562333
415,876,44,23.090281909165284,113.57940419949315
415,876,45,23.09042235098455,113.57949684366751
415,876,46,23.08924300610692,113.57893512055504
419,1001,0,23.09231668495843,113.42754896925425
419,1001,1,23.0922305032493,113.42749813279828
419,1001,2,23.092306874877558,113.42743127757016
419,1001,3,23.09245421746589,113.42745826163195
419,1001,4,23.092546333181925,113.42739729033644
419,1001,5,23.092717724142968,113.42736245018456
419,1001,6,23.092790222796594,113.42722935955558
419,1001,7,23.092852096641263,113.42697385771469
419,1001,8,23.092972114293385,113.42683378333558
419,1001,9,23.092628673193868,113.42662382753043
419,1001,10,23.092560383003843,113.4263479539706
419,1001,11,23.092106278776733,113.42660207799942
419,1001,12,23.092104288827176,113.42690998473466
419,1001,13,23.092200344096536,113.4269792281727
419,1001,14,23.09231884635477,113.427046238564
419,1001,15,23.09241765398118,113.42706217184396
419,1001,16,23.092408895442063,113.42684721472824
419,1001,17,23.09217397367606,113.42719644195054
419,1001,18,23.09213542945346,113.42732141423318
419,1001,19,23.0923496344982,113.42727484649058
419,1001,20,23.092558708011964,113.427580139879
429,838,0,23.10859208025196,113.6087957899924
429,838,1,23.108453974933525,113.60847535946456
429,838,2,23.10812803482015,113.60848278078726
429,838,3,23.108000181018177,113.60840036407716
429,838,4,23.10807644147731,113.6081922158098
429,838,5,23.10749284486485,113.60958049944526
429,838,6,23.107657826194853,113.609647257137
429,838,7,23.1075486341746,113.60980246311186
429,838,8,23.10737887126232,113.60974146078392
429,838,9,23.10734901736137,113.60999858635871
429,838,10,23.107263289906115,113.61007553267297
429,838,11,23.107282983702795,113.61020193746188
429,838,12,23.107148649377656,113.61019186719592
429,838,13,23.107067420307725,113.60997911655004
429,838,14,23.10708539397138,113.60979042934068
434,436,0,23.030123767298647,113.02217128400072
434,436,1,23.03014271520513,113.02204159231414
434,436,2,23.03034981507922,113.02204059483584
434,436,3,23.030617255608934,113.02140754101524
434,436,4,23.03076833473121,113.02141711068154
434,436,5,23.03085228984497,113.0212752927308
434,436,6,23.03073773369828,113.0212264614071
434,436,7,23.03081856951678,113.02113322704652
434,436,8,23.030925684071807,113.02125861585247
434,436,9,23.03087302523512,113.02147225784697
434,436,10,23.03074289913124,113.02146547685857
434,854,0,23.02867262675206,113.02370844723134
434,854,1,23.02870905257654,113.02382473167
434,854,2,23.02742751823032,113.02486775970245
439,750,0,23.05323464218235,113.2594443519895
439,750,1,23.05312881854158,113.25943013439176
439,750,2,23.05305578046612,113.25931927903866
439,750,3,23.05306441193346,113.25915924401625
439,750,4,23.05303036974597,113.25938436464044
439,750,5,23.05321713467802,113.25932893046968
439,750,6,23.052950817386144,113.25886800142098
439,750,7,23.052930088017483,113.25876970644312
439,750,8,23.052794659488377,113.25885724959976
439,750,9,23.052841812963145,113.25870130906657
439,750,10,23.05277443005932,113.2585009275161
439,750,11,23.05287465488474,113.25851928585745
439,454,0,23.05301011253116,113.25848615941835
439,454,1,23.05305329764789,113.25834414907176
439,454,2,23.052909767479896,113.25834864035114
439,454,3,23.052832538680867,113.25846157316802
439,454,4,23.05271739129161,113.2584637797073
439,454,5,23.052760279437774,113.25805277646236
447,621,0,23.16060781006321,112.86544219027812
447,621,1,23.16062534110465,112.8653338937024
447,621,2,23.16071844812258,112.86527589182695
447,621,3,23.160823972357992,112.86527197109012
447,621,4,23.160912444828607,112.86517507751472
447,621,5,23.16080008821133,112.86510552239022
447,621,6,23.160676162296323,112.86511635708526
447,621,7,23.160846706501516,112.86501974694536
447,621,8,23.160995720558848,112.86506236242552
447,621,9,23.160823028727297,112.86516828834384
447,621,10,23.160789950161856,112.86532536237269
447,621,11,23.160795331594457,112.86545101408372
447,621,12,23.16090694103609,112.86543270900982
447,621,13,23.160846815492217,112.86535054309309
447,621,14,23.16093980750704,112.86531034742178
447,621,15,23.16099297877906,112.86547793265152
447,621,16,23.16111603870972,112.8651703332676
447,525,0,23.15991567506049,112.86577012572693
447,525,1,23.16054793896957,112.86429635122434
449,541,0,22.986122745791874,113.13558568287272
449,541,1,22.986210629853066,113.13552932641834
449,541,2,22.986330997545103,113.13555131873444
449,541,3,22.98629789024501,113.13564927804876
449,541,4,22.986411103006617,113.13570618321248
449,541,5,22.986385632164748,113.1355958320364
449,541,6,22.98637037737764,113.13547069928256
449,541,7,22.98625325420318,113.13567420935809
449,541,8,22.986353486982907,113.13573268803056
449,541,9,22.98635482930496,113.13584454142112
449,541,10,22.98645353986,113.1358966831212
449,541,11,22.9865491708366,113.13585082945688
449,541,12,22.98641985213117,113.13581391703256
449,541,13,22.98651935547482,113.1356136922641
449,541,14,22.9865726701262,113.13623533367652
449,541,15,22.98657504862456,113.13633929188114
449,541,16,22.986705358367026,113.13635339074384
449,541,17,22.986641958124657,113.13644811419589
449,541,18,22.98656657399045,113.13653318042572
449,541,19,22.9865201094784,113.13641259359
449,541,20,22.986780032213545,113.13645481157889
454,750,0,23.052063305222315,113.25759198180144
454,750,1,23.05216745920293,113.25773874896656
454,750,2,23.05232641799398,113.25755578055455
454,750,3,23.052670821849954,113.25851679121313
454,750,4,23.052591055513616,113.25863523661296
454,750,5,23.052633899235214,113.2587641794782
454,750,6,23.05252725282791,113.25876314804457
454,750,7,23.052320137230783,113.25871764454584
454,750,8,23.052831023681577,113.25855688220292
454,750,9,23.052947967747144,113.25853260780104
454,1026,0,23.05042328512148,113.25534718935285
454,1026,1,23.050116351253493,113.25480646326696
454,1026,2,23.05000337950069,113.25458727364295
454,1026,3,23.0500889020326,113.2544252136272
454,1026,4,23.05000610791028,113.25433944308034
454,1026,5,23.04994080085424,113.25425034057425
454,1026,6,23.049989288349632,113.25414539275448
454,1026,7,23.050039517214525,113.25404158752306
454,1026,8,23.05000496994116,113.25392440599396
454,1026,9,23.04993823477958,113.25384681113376
454,1026,10,23.049802306910934,113.25376747032828
454,1026,11,23.04990212181615,113.25371529700504
454,1026,12,23.049989402624544,113.25366054433977
454,1026,13,23.05009487554069,113.25362363642724
454,1026,14,23.05013163353142,113.25352628673288
454,1026,15,23.050253002830846,113.25349327940668
454,1026,16,23.05023150529377,113.25361290098648
454,1026,17,23.05032016970592,113.25350558018336
454,1026,18,23.050420660601304,113.25344641058965
454,1026,19,23.05049221391613,113.2533606486578
454,1026,20,23.05024083306972,113.25341864674527
454,1026,21,23.050145297184187,113.25335654126262
454,1026,22,23.05015623757273,113.25346052010268
454,1026,23,23.0500471127802,113.25350763281396
454,1026,24,23.049956489712034,113.25355635396714
454,1026,25,23.049918030237,113.2534495322808
454,1026,26,23.04995970062713,113.25335650527656
454,1026,27,23.05001555405096,113.25326538393831
454,1026,28,23.050133514500583,113.25324924234948
454,1026,29,23.05024198324935,113.25322796104103
454,1026,30,23.050195878608715,113.25333398130998
454,1026,31,23.050088017228017,113.25330696116882
454,1026,32,23.049980924968136,113.25339957000952
454,1026,33,23.04981021436029,113.2533920367478
454,1026,34,23.049679255409263,113.25339353469012
454,1026,35,23.049560330885345,113.25331376506368
454,1026,36,23.04962171423204,113.2531895903635
454,1026,37,23.049737535154254,113.25324178782547
454,1026,38,23.04984905044024,113.25324306330796
454,1026,39,23.05000102304276,113.25318170845796
454,1026,40,23.0499994749994,113.2530725830152
454,1026,41,23.04988386576878,113.25287542512126
454,1026,42,23.04968458001021,113.25293123996322
454,1026,43,23.049706285793665,113.25309475621992
454,1026,44,23.049526856632337,113.25306912463655
454,1026,45,23.049542828226123,113.25292229428482
454,1026,46,23.04923771116045,113.2529797617079
454,1026,47,23.049231156969963,113.2525803248478
454,1026,48,23.04948519898693,113.25229465747672
454,1026,49,23.04984632532865,113.25273295549034
454,1026,50,23.04974479550296,113.25332433712664
454,1026,51,23.0498218704357,113.25355830966696
454,1026,52,23.04993856895017,113.25359619005808
454,1026,53,23.05011738595098,113.25373161781158
454,1026,54,23.05006851777299,113.25384100297636
454,1026,55,23.05009630597584,113.25398134211406
454,1026,56,23.050158515349256,113.25406507190736
454,1026,57,23.050244606161545,113.25412880059848
454,1026,58,23.050140912004608,113.2542117440075
454,1026,59,23.050052632091667,113.2542872388141
454,1026,60,23.050076528462863,113.2541370822774
454,1026,61,23.049957537342603,113.25408630535787
454,1026,62,23.04990773134629,113.25399663121176
454,1026,63,23.04990182798165,113.25416929842456
454,1026,64,23.049788913028635,113.2540025302188
454,1026,65,23.04982627007732,113.25390947643584
454,1026,66,23.04961920594198,113.2540314929978
454,1026,67,23.049543759394485,113.25418334099018
454,1026,68,23.049616601547168,113.25451545736172
454,1026,69,23.05020229826737,113.25437741958926
454,1026,70,23.05030949581904,113.25427410871218
454,1026,71,23.050316169643576,113.25443639563024
454,1026,72,23.050464244887564,113.25436604580688
454,1026,73,23.05052934736816,113.25446943724208
454,1026,74,23.050316764513383,113.25411983111336
454,1026,75,23.050238483318125,113.25389540901443
454,1026,76,23.050333502032032,113.25380745668984
454,1026,77,23.0496951880629,113.25360802443836
454,1026,78,23.04956876489153,113.25352990018362
455,511,0,23.057617111976075,113.2738884283462
455,511,1,23.057613299385864,113.274059994099
455,511,2,23.05751824889733,113.27420675710304
455,511,3,23.057680266179247,113.27435163445692
455,511,4,23.057605447218037,113.2744469107826
455,511,5,23.05784904903219,113.27445862713228
455,511,6,23.05782752293911,113.2742839743172
455,511,7,23.05772216704511,113.27499909527178
455,511,8,23.057609854101337,113.27511917411093
455,511,9,23.05771100991888,113.27520265091742
455,511,10,23.05783838916008,113.27538357373253
455,511,11,23.057707635852395,113.27546807762036
455,755,0,23.057078336817348,113.270897205597
455,755,1,23.057128175853386,113.27078989167504
455,755,2,23.05725008206215,113.27066312694178
455,755,3,23.0569223688245,113.27056070166006
455,755,4,23.05678657813763,113.27064378527513
455,755,5,23.05685698694472,113.27082642346208
455,830,0,23.05902077136213,113.27239022415444
455,830,1,23.05925954035249,113.27248443941096
455,830,2,23.05947019363092,113.27286646171584
455,830,3,23.058698766334896,113.27159766513672
455,830,4,23.059223906419195,113.2707060009734
455,830,5,23.060195528403924,113.27018609172566
458,603,0,23.004701360891517,113.0658831067156
458,603,1,23.004455290619266,113.06594862265794
458,603,2,23.004143990876305,113.0656834349622
458,603,3,23.00472170990153,113.06364336623771
458,603,4,23.004420640381383,113.06310532451404
458,603,5,23.00350063269656,113.06336409108008
485,549,0,23.154287361123945,112.81482964210596
485,549,1,23.15456026853432,112.81507536030855
485,549,2,23.154504012506816,112.815265171522
485,549,3,23.15455456014328,112.81538019674906
485,549,4,23.154585032332434,112.81548907392704
485,549,5,23.15468854595079,112.81545959939204
485,549,6,23.15471080403067,112.81526883266092
485,524,0,23.15415647577145,112.81506697234596
485,524,1,23.154316778918368,112.81516347061375
485,524,2,23.15445461201297,112.81561365582074
485,524,3,23.154561157860503,112.81559140699824
485,524,4,23.15474066514049,112.81568708391929
485,524,5,23.154822833195052,112.81555350048085
485,524,6,23.154850388548983,112.81580498759362
485,524,7,23.1547415207123,112.81590481735805
485,524,8,23.154593885540184,112.81594031955936
485,524,9,23.154483991102317,112.81591021877746
485,524,10,23.154267370165684,112.81593448235716
485,524,11,23.154461786992943,112.81573565881176
494,1205,0,23.080231715328505,113.38570620939642
494,1205,1,23.080083190899884,113.38592929568806
494,1205,2,23.08015281514949,113.38600732236078
494,1205,3,23.07978270317002,113.38585526104195
494,1205,4,23.080691911741702,113.38591222087209
510,784,0,23.052286359514586,113.30710946717387
510,784,1,23.052160126756288,113.30714320071668
510,784,2,23.05207184146757,113.30708840314094
510,784,3,23.05203304203932,113.30720193978698
510,784,4,23.05213995435579,113.30733319542756
510,784,5,23.05235116784259,113.30725152837992
510,784,6,23.052484641703344,113.3073808002169
510,784,7,23.052582620341347,113.30747217190606
510,784,8,23.05240992545119,113.30743750862683
510,784,9,23.05224351127381,113.3074370253482
510,784,10,23.05201135834096,113.30751057444068
510,784,11,23.052054213372543,113.3076584490132
510,784,12,23.05224509960069,113.30771580403083
510,784,13,23.05196646147166,113.3077855742318
510,784,14,23.052027454446165,113.30793647242632
510,784,15,23.05203160520624,113.30733529404462
510,784,16,23.051968161816102,113.30724846592936
510,725,0,23.052226539108943,113.3048908593143
524,549,0,23.15498766143959,112.81594043400912
524,549,1,23.154980106324004,112.81579286196636
524,549,2,23.15497720033247,112.8156743723512
524,549,3,23.15486356322152,112.81559738906856
524,549,4,23.154939957602117,112.8155238556534
524,549,5,23.154781154604457,112.81559612692784
524,549,6,23.15480848425577,112.8157303542798
524,549,7,23.15484859431834,112.81582431661997
524,674,0,23.157076450529708,112.81825706485266
524,674,1,23.1571348955192,112.81837269091427
524,674,2,23.157149886097056,112.8184941421923
524,674,3,23.157277935838025,112.8184536495408
524,674,4,23.157016799130552,112.81840624106484
524,674,5,23.15704167742389,112.8185570872372
525,734,0,23.16068058551799,112.86148826751804
525,734,1,23.16066477905629,112.86137054967688
525,734,2,23.16058295156436,112.8612938510103
525,734,3,23.160646377711057,112.86118994503624
525,734,4,23.160759684154616,112.8611991875744
525,734,5,23.160799028993004,112.86109994889595
525,734,6,23.16069328694265,112.8610238060228
525,734,7,23.16055953456252,112.8611612179794
525,734,8,23.160777511277768,112.86135798526226
525,734,9,23.16086757060462,112.86129248039342
525,734,10,23.16095496041692,112.86042875078196
525,734,11,23.160847560654094,112.86032660834093
525,621,0,23.160923366229,112.8640408755774
525,621,1,23.1608155403322,112.86416949409085
525,621,2,23.160915071356204,112.86423719135264
525,621,3,23.160912065277696,112.86445388743093
525,621,4,23.160751678720207,112.86446253198768
535,1005,0,23.153954714617456,112.88333144616414
535,1005,1,23.153952477889888,112.8831460615752
535,1005,2,23.15410248292325,112.8832062160218
535,795,0,23.151973240102496,112.88578103424972
535,795,1,23.15199953172302,112.88657040700718
535,795,2,23.151820366570696,112.8866628674834
535,795,3,23.151613086250386,112.88662940846967
535,795,4,23.15163910952533,112.88652949483028
535,795,5,23.151443059371427,112.88648500357176
535,795,6,23.1513136865864,112.88650629130584
550,650,0,23.15949904969864,112.85031127309485
550,650,1,23.159321052481108,112.85028977563424
550,650,2,23.15926459668587,112.85041935102991
550,650,3,23.159194899558035,112.85019422896596
550,650,4,23.15911714123581,112.850096559291
550,650,5,23.159044952376195,112.8500249235666
550,650,6,23.159038601811964,112.84990123183768
550,650,7,23.159070759644184,112.84979107630993
550,650,8,23.159153359023225,112.84971997562332
550,650,9,23.159254553161624,112.84972475960518
550,650,10,23.159235823116703,112.84985621010904
550,650,11,23.15922834502357,112.84995739347664
550,650,12,23.15910132141633,112.84998828360172
550,650,13,23.159113632179817,112.84987243695264
550,650,14,23.15930474035892,112.849964413105
550,650,15,23.15928811763997,112.85011530279688
550,650,16,23.1595575470262,112.85007697740704
550,650,17,23.15971986810035,112.84992457508758
550,650,18,23.15946664937044,112.84986282590788
550,650,19,23.15931105180301,112.84966651294548
550,650,20,23.15933901326216,112.8495535060843
550,650,21,23.159221447141032,112.84952195581502
550,650,22,23.159194352893245,112.84942368516552
550,650,23,23.15907951462422,112.84949511366004
550,650,24,23.15904065726789,112.84959066389445
550,650,25,23.158926894132577,112.84958790699218
550,650,26,23.15903481028608,112.84971600461894
550,650,27,23.159121283807668,112.8496034402125
550,650,28,23.159296496191818,112.84942579064838
550,650,29,23.159418202717163,112.84938459395444
550,650,30,23.15940113191266,112.8492636141166
550,650,31,23.15947792182944,112.84919617853876
550,650,32,23.15936181734503,112.8491424443363
550,650,33,23.15937998888001,112.84899241329148
550,650,34,23.15951814557188,112.84901537372548
550,650,35,23.159592305534566,112.84910893042824
550,650,36,23.15970248711185,112.8490808656468
550,650,37,23.15975596611109,112.84898826216096
550,650,38,23.15966224790111,112.84889709592224
550,650,39,23.15957132936726,112.8489419223646
550,650,40,23.15960664129218,112.84882922356556
550,650,41,23.159646539664383,112.8487114008634
550,650,42,23.159757820604323,112.84882856286968
550,650,43,23.159829497876768,112.84892575779465
550,650,44,23.15992597212292,112.84884717782656
550,650,45,23.160036008416583,112.84887521127308
550,650,46,23.159865344898204,112.84872692471454
550,650,47,23.159819855930596,112.8486341888422
550,650,48,23.159728624053987,112.84857529687234
550,650,49,23.159632162701683,112.84860930387606
550,650,50,23.159553670812425,112.84853916069996
550,650,51,23.15941963535584,112.8486052884714
550,650,52,23.15937027448673,112.84870976374712
550,650,53,23.159472456773614,112.84879703735308
550,650,54,23.15950447166596,112.8489221830896
550,650,55,23.159188182281127,112.84910528865586
550,650,56,23.159177581085864,112.84924478010409
550,650,57,23.15947357056924,112.84959931651836
550,650,58,23.15890253328953,112.84978793692778
550,650,59,23.159196339918367,112.84866816247704
550,650,60,23.159237580445204,112.8485260919427
550,650,61,23.15943806429877,112.84822257897046
550,650,62,23.159546988352893,112.84830884984578
550,650,63,23.159634300021462,112.84840657771696
550,650,64,23.159769826024807,112.84832260314128
550,650,65,23.15980313731646,112.84849649546838
550,650,66,23.15992611449401,112.84859249375964
550,650,67,23.159925348723565,112.84841896360382
550,650,68,23.159658981535078,112.84805453008224
550,650,69,23.15951126113469,112.84807476601122
565,1203,0,23.078359532533877,113.46270826174305
565,1203,1,23.0784433294812,113.46255047549631
565,1203,2,23.078110295567424,113.46252382261696
565,1056,0,23.07683143903529,113.46600560420045
565,1056,1,23.076691243162774,113.46617807938804
565,1056,2,23.07676308122571,113.46626497956812
565,1056,3,23.07668698808514,113.466336576552
565,1056,4,23.07658298716675,113.46626675762712
565,1056,5,23.076593646515366,113.4663996582797
565,1056,6,23.07673080824009,113.46642846798886
565,1056,7,23.076831524902488,113.46644062159412
565,1056,8,23.07696973081909,113.46642281258174
565,1056,9,23.076989623801843,113.46624248737506
565,1056,10,23.07620703607382,113.46643158130948
565,1056,11,23.076382716146483,113.46737215222736
565,1204,0,23.076499619483958,113.463713877505
565,1204,1,23.07612110532832,113.46339340567506
565,1204,2,23.076032020744933,113.4639654946532
580,793,0,23.07995327301579,113.4863513181366
580,793,1,23.07981333831887,113.48620918387326
580,793,2,23.07963398784089,113.48662398922308
580,793,3,23.079156397799853,113.48669578431732
587,1086,0,22.977804111153187,113.12296892298744
587,1086,1,22.977794649097653,113.12272944776127
587,1086,2,22.977722547757832,113.1226265182799
587,1086,3,22.977534641932703,113.1226755717146
587,1086,4,22.97741558262363,113.12271893638632
587,1086,5,22.977800872699778,113.1217414523995
587,1086,6,22.977746660961916,113.12162946125808
587,1086,7,22.977715039102648,113.12144733727573
587,1086,8,22.97748043348344,113.12131661056536
595,1114,0,23.053670354366503,113.29609816426664
595,1114,1,23.05385956978588,113.29638603984093
595,1114,2,23.05509809138433,113.29405676371329
595,1038,0,23.053375637691456,113.29753102125582
595,1038,1,23.053387862512984,113.29763888590072
595,1038,2,23.05328848505478,113.2976739712572
595,1038,3,23.05336122318061,113.29775063589406
595,1038,4,23.053497117894462,113.29769331027344
595,1038,5,23.05357444145865,113.29761690801924
595,1038,6,23.053587673959484,113.2977254345716
595,1038,7,23.05355700948415,113.29784309743556
595,1038,8,23.05348471564084,113.29793326524084
595,1038,9,23.053524911132875,113.29802643664956
595,1038,10,23.053365064104863,113.2980315190328
595,1038,11,23.053257682088866,113.298004036
595,1038,12,23.05313630735653,113.29803984501586
595,1038,13,23.05314834528235,113.2979040885541
595,1038,14,23.053068014126204,113.29775599357365
595,1038,15,23.052983326952848,113.29790773562937
595,1038,16,23.05287474251243,113.29803819007662
595,1038,17,23.052860253266083,113.2981761502979
595,1038,18,23.052848321557303,113.29831460859788
595,1038,19,23.05273894858769,113.29838196200409
595,1038,20,23.052626389344496,113.29823494709515
595,1038,21,23.052671842462,113.29812488601688
595,1038,22,23.052480757865013,113.29827300302814
595,1038,23,23.05283869273953,113.29842741134094
595,1038,24,23.05296286684218,113.298419218161
595,1038,25,23.053059827962983,113.29833758566538
595,1038,26,23.052986245017813,113.29818559209684
595,1038,27,23.05308542580057,113.29817045315616
595,1038,28,23.05321289072656,113.29820353799585
595,1038,29,23.05332159112648,113.29811330841636
595,1038,30,23.053413193288986,113.29815896246036
595,1038,31,23.053669265200718,113.29815663056463
595,1038,32,23.053667580599,113.29792598695477
595,1038,33,23.053446479692465,113.29784995918212
595,1038,34,23.053376182735747,113.297923400051
595,1038,35,23.053301710330494,113.29783444615958
595,1038,36,23.053203832991112,113.29777908114356
595,1038,37,23.05338458170237,113.29769618367224
595,1038,38,23.0534191956442,113.29759646021812
595,1038,39,23.05304198894808,113.29762574204872
595,1038,40,23.053072156542783,113.29842593573105
595,1038,41,23.053208812781424,113.2984539631772
595,1038,42,23.053638737010523,113.29842100135896
603,775,0,23.001314359678947,113.06499373925504
603,775,1,23.001294597427343,113.06541211427025
603,775,2,23.00003714304401,113.064433665949
603,775,3,23.00042006476333,113.06403311816428
610,637,0,23.044633095634502,113.3446813726188
610,637,1,23.040814810019675,113.35037096995369
610,637,2,23.040939524467888,113.35126069147522
614,757,0,23.05779453002709,113.28465858936606
614,757,1,23.057573621223312,113.2849372746501
614,757,2,23.0572025459455,113.28492641472482
614,757,3,23.057161318562223,113.28482420761884
614,757,4,23.057093962633783,113.28496840714398
614,757,5,23.05720831336993,113.2851819006406
618,767,0,23.15752569978814,112.8404918236666
618,767,1,23.15735255699798,112.8405174791583
618,767,2,23.157223189337632,112.84051437496711
618,767,3,23.15712360844148,112.84054225358636
618,767,4,23.157190254206085,112.84062034975798
618,767,5,23.15730751541146,112.84069886938144
618,767,6,23.157225083837076,112.84078198430906
618,767,7,23.15708366553042,112.84074667509664
618,767,8,23.157263986803663,112.84084369849124
618,767,9,23.157397233226323,112.84080664432857
618,767,10,23.15746657454096,112.84090230654068
618,767,11,23.1573583917673,112.8409085476966
618,767,12,23.157351513820068,112.84073904925418
618,767,13,23.157544712347253,112.8406772332308
618,767,14,23.15762534123881,112.84074949173991
618,767,15,23.15754908888403,112.84093791997896
639,663,0,23.05246793457316,113.32495624546962
639,663,1,23.052372594981996,113.32499634176196
650,917,0,23.15875982531864,112.84346947674466
650,917,1,23.15873124311636,112.84325092318495
650,917,2,23.15853402837262,112.84348079692091
650,917,3,23.15836201956195,112.84338959556509
650,917,4,23.158296993758107,112.84347330787146
663,980,0,23.051879384665728,113.32729255359033
663,980,1,23.051628164802707,113.32722161845278
663,980,2,23.051588231089244,113.32742845551026
663,980,3,23.051574615041098,113.32753576525116
663,980,4,23.051563071062457,113.327681499415
663,980,5,23.051576957099503,113.32783917474538
663,980,6,23.05161558171893,113.32795897764028
663,980,7,23.05159658914649,113.3280674281318
663,980,8,23.051504724750963,113.3280079658434
663,980,9,23.05145154317236,113.32790917410014
663,980,10,23.0514047956174,113.328099474926
663,980,11,23.05131078082192,113.32830155932584
663,980,12,23.05146081493068,113.32843054522036
663,980,13,23.051609184410985,113.3283578038786
663,980,14,23.05186868920085,113.32823783384686
663,980,15,23.051831144745517,113.3280828301004
663,980,16,23.05193207148395,113.32796479771432
663,980,17,23.05186277245768,113.32786079712164
663,980,18,23.051791465052816,113.32776477844182
663,980,19,23.0517420611558,113.327668223247
663,980,20,23.051696342572843,113.32787851259596
663,980,21,23.051681901352215,113.3279883148294
663,980,22,23.05196289376516,113.32771108847362
663,980,23,23.051832803780908,113.32757210865144
663,980,24,23.05124602441789,113.3278813895532
663,980,25,23.051127707262463,113.32789383928304
663,980,26,23.05100893655209,113.3278767760917
663,980,27,23.050893668171653,113.32780337051852
663,980,28,23.050895408293947,113.3279095226796
663,980,29,23.051002327272,113.32796510227496
663,980,30,23.051098292846344,113.32804433612
663,980,31,23.051269054087296,113.3280321748764
663,980,32,23.051204583823868,113.32817522516798
663,980,33,23.05108482680737,113.32829178015324
663,980,34,23.05098058068307,113.32825680465068
663,980,35,23.05100663372861,113.32809006004932
663,980,36,23.05082155647484,113.3283089604898
663,980,37,23.05071334173429,113.32834921646008
663,980,38,23.05060161170386,113.32832485827088
663,980,39,23.050732683732065,113.328189803516
663,980,40,23.050835651432,113.32838109070065
663,980,41,23.050779119964456,113.32851889764508
663,980,42,23.050953737516167,113.32854281502402
663,980,43,23.05105160190348,113.32850810753916
663,980,44,23.05118577501899,113.32854945110658
663,980,45,23.05106931585963,113.32861858119846
663,980,46,23.05091268059704,113.3286594002996
663,980,47,23.050888723963396,113.32763479625444
663,980,48,23.05034077095202,113.32753028368644
663,980,49,23.05005811285477,113.32721955136591
663,703,0,23.051607814450872,113.32732240068673
663,703,1,23.05170100888365,113.32744566978232
663,703,2,23.05183861302551,113.32753334563203
663,703,3,23.051591367845575,113.32766247352508
663,703,4,23.0517007313238,113.32778379805085
663,703,5,23.05165596361991,113.32789826932388
663,703,6,23.051657259689016,113.3280323413009
663,703,7,23.05169580733627,113.32814187391904
663,703,8,23.05179940469145,113.32816044739594
663,703,9,23.051809716549894,113.32803600063512
663,703,10,23.05181076556632,113.32788161626024
663,703,11,23.051895693946378,113.3278097924348
663,703,12,23.05194569790805,113.32791285593098
663,703,13,23.050918235933523,113.32876310899968
663,703,14,23.05079503850177,113.32882969965368
663,703,15,23.050954340491312,113.32902753074532
663,703,16,23.050729704580988,113.3292037568076
663,703,17,23.05035813817565,113.32937572189648
668,790,0,23.06564313934144,113.4205231483313
668,790,1,23.06565229706717,113.42063449719068
668,790,2,23.065807798342664,113.42056017772823
668,790,3,23.065883411033653,113.42073194014012
668,790,4,23.06587604467267,113.42085235487056
668,790,5,23.065835549495617,113.42094996559663
668,790,6,23.065804118535578,113.42079012624832
668,790,7,23.06596614743429,113.42049904083936
668,790,8,23.06636013836869,113.4210701721009
668,790,9,23.066431152228677,113.42120891509246
668,790,10,23.0663269406616,113.42121617583824
668,790,11,23.066182724787044,113.42120759486588
668,790,12,23.066101277449917,113.42127878804848
668,790,13,23.066136150559863,113.42142670101263
668,790,14,23.06628897519008,113.42139325843236
668,789,0,23.063425279583043,113.4187545143027
668,789,1,23.063336748626167,113.41850020152562
668,789,2,23.06311436974174,113.41836688032346
669,1196,0,23.06845107763616,113.47973911949616
669,1196,1,23.068720090665774,113.47992952340226
669,1196,2,23.06877407438787,113.4800511325326
669,1196,3,23.06892327083748,113.4800318039519
669,1196,4,23.06901884509259,113.48012363513548
669,1196,5,23.069088315455343,113.48003117726476
669,1196,6,23.06898290038098,113.479901610889
669,1196,7,23.068999808813903,113.47977457152078
669,1196,8,23.06910126014741,113.4797544775914
669,1196,9,23.06917133779285,113.479870896174
669,1196,10,23.069274251124792,113.4799289144511
669,1196,11,23.06937903065372,113.47989720070132
669,1196,12,23.069327833256622,113.47971004594216
669,1196,13,23.06926077417346,113.47960066114037
669,1196,14,23.069243422431747,113.4794822391396
669,1196,15,23.069145875737476,113.4795359891142
669,1196,16,23.06912306413954,113.47935030232112
669,1196,17,23.06925805620743,113.47927853865184
669,1196,18,23.0694747468883,113.47937202600892
669,1196,19,23.06961968189712,113.47931098339878
669,1196,20,23.069605203308704,113.47920424194574
669,1196,21,23.06948744817312,113.4791495869221
669,1196,22,23.06970773007001,113.4790501254513
669,1196,23,23.06983403716324,113.47883476619396
669,1196,24,23.0696532840476,113.4787847351711
669,1196,25,23.069186300478982,113.47903368023192
669,1196,26,23.068926999245708,113.47928200221716
669,1196,27,23.069603724332687,113.47989207407478
669,1196,28,23.06964572538129,113.47999859679234
669,1196,29,23.069741984234103,113.47995738714978
669,1196,30,23.06982280729422,113.48006767226966
669,1196,31,23.06974841511519,113.48019501794346
669,1196,32,23.069645697795863,113.48012475503116
669,1196,33,23.06954033466044,113.48027188056952
669,1196,34,23.069431329917556,113.48020825288818
669,1196,35,23.06931899576354,113.48018045131234
669,1196,36,23.069166903632635,113.48027340305276
669,1196,37,23.069253031978903,113.48032549986009
669,1196,38,23.069356219574136,113.48042184414818
669,1196,39,23.06918780140397,113.4803971450864
669,1196,40,23.068985969142624,113.48024349045151
669,1196,41,23.068799926054883,113.4802877019902
669,1196,42,23.068650240579952,113.4802435642178
669,1196,43,23.06995393603677,113.47988432917788
669,1196,44,23.07006278902297,113.47983356161208
669,1196,45,23.069912176406483,113.47970396190992
669,1196,46,23.06987238865862,113.47953676183268
669,1196,47,23.069827015430985,113.47943252775715
669,1196,48,23.07023258529384,113.47939532993462
669,1196,49,23.07027278963937,113.47926455606704
669,1196,50,23.06899631208893,113.47819887594076
669,1196,51,23.06925082711822,113.47786868448524
669,1196,52,23.068874971448288,113.47766424550304
669,1194,0,23.069263010527425,113.48044817286024
669,1194,1,23.069248422216397,113.4805831706278
669,1194,2,23.069328520343653,113.48067375823146
669,1194,3,23.069539449842885,113.48059593634684
669,1194,4,23.06934730619904,113.48081818413408
669,1194,5,23.06919446924112,113.48096046549796
669,1194,6,23.06906704087961,113.48100921448064
669,1194,7,23.069100753167355,113.4808951379562
669,1194,8,23.068892444782016,113.4810561561396
669,1194,9,23.0688572763456,113.48115638806463
669,1194,10,23.068950006046265,113.481275859981
669,1194,11,23.06873209559827,113.48139099230328
669,1194,12,23.068643313606373,113.48130456413016
669,1194,13,23.068535924484717,113.48143289524756
669,1194,14,23.06842681835475,113.48153157536144
669,1194,15,23.068524211665476,113.48163536651909
669,1194,16,23.068521986244814,113.48182554224118
669,1194,17,23.06875796671645,113.48168181680268
669,1194,18,23.068471739978577,113.4813303078661
669,1194,19,23.068305073423254,113.48158041594462
669,1194,20,23.068194707478355,113.48159507489648
669,1194,21,23.06811720733713,113.48167375123012
669,1194,22,23.068083895092386,113.4818070962156
669,1194,23,23.067944994031294,113.48186011356933
669,1194,24,23.067756478698698,113.48202537464432
669,1194,25,23.06771193156604,113.48213616200653
669,1194,26,23.06819245245672,113.48181157978468
669,1121,0,23.06713826658101,113.48155179103684
669,1121,1,23.066778833336063,113.48202321632938
674,695,0,23.15756604458585,112.82080276434012
674,695,1,23.157481074964245,112.82154384213956
674,695,2,23.15747360886168,112.8216828406203
674,695,3,23.157643347004207,112.8215870905927
674,695,4,23.157824895255622,112.82160017757433
674,695,5,23.15794618142275,112.82172038598746
674,695,6,23.157662951347756,112.82184317953146
689,762,0,23.075361558766858,113.43245131616996
689,762,1,23.075431254830026,113.43230481490492
689,762,2,23.07513824265017,113.43212409888234
689,762,3,23.074896477548183,113.43147561590509
689,762,4,23.074757859863634,113.43139770567292
689,762,5,23.0745862153341,113.43127433078185
689,762,6,23.07485690505621,113.43116626928648
703,1175,0,23.050582884568254,113.33085933670417
703,1175,1,23.050495059756017,113.3305318449808
703,1175,2,23.04938668402148,113.33229264397885
703,980,0,23.050177618564845,113.33009329411335
703,980,1,23.050214455292757,113.3298571831864
703,980,2,23.050145465192468,113.32961740281428
703,980,3,23.049966820040087,113.32971593468297
703,980,4,23.04989740878294,113.32959150808657
703,980,5,23.04991151014913,113.32942680071493
703,1104,0,23.04850924383641,113.33417363867991
703,1104,1,23.048181724847584,113.33419838553384
703,1104,2,23.04829001685662,113.33483695579116
703,898,0,23.049134714363507,113.33131889697586
703,898,1,23.04905149465386,113.33113856075374
703,898,2,23.048917750781705,113.33122527291448
703,898,3,23.04883750600837,113.33135329901462
703,898,4,23.048727341781746,113.3314439081193
703,898,5,23.04866133949569,113.33134114225734
710,1135,0,23.085878276232844,113.40229543505062
710,1135,1,23.08605060630303,113.4022087894562
710,1135,2,23.086152458154203,113.40198944008208
710,1135,3,23.08573061420535,113.40199387396004
710,1135,4,23.08576326533761,113.40141749615324
710,1135,5,23.08584411967917,113.40126656916397
710,1135,6,23.08546432714929,113.40103242921496
710,1135,7,23.08517847881354,113.40119168602249
710,1135,8,23.085101065415756,113.40131359019688
710,1135,9,23.0851945959137,113.40139313504557
710,1135,10,23.08512853321349,113.40147665553783
710,1135,11,23.08517820822016,113.40157050451288
710,1135,12,23.085088875030745,113.40164194845104
710,1135,13,23.08490037356359,113.4017615673682
710,1135,14,23.0848265268036,113.40197433512908
710,1135,15,23.08466813001456,113.40161413080638
710,1135,16,23.084852047395472,113.4012929843854
710,1135,17,23.08491700124408,113.401185395267
710,1135,18,23.08509037721636,113.4009517218948
710,1135,19,23.08690388630636,113.40207738517574
710,1060,0,23.087823726702776,113.4082456875126
710,1060,1,23.087950299901337,113.40843783202328
710,1060,2,23.087912453610304,113.40858152062364
710,1060,3,23.087817348110143,113.40867349480854
710,1060,4,23.087877906021447,113.40883839387776
710,1060,5,23.088015068515745,113.40872699430392
710,1060,6,23.088069841733216,113.40859092991693
710,1060,7,23.088066485447,113.40887983257656
710,1060,8,23.08800798343437,113.40906045582874
710,1060,9,23.08807357280875,113.4091661182028
710,1060,10,23.0881213026336,113.40929892918774
710,1060,11,23.08822990068835,113.40917985317624
710,1060,12,23.08852837656141,113.4092939754178
710,1060,13,23.08811158616518,113.40965806885224
710,1060,14,23.087543452805843,113.40970647167346
710,1060,15,23.08755715846943,113.41007305249398
710,1060,16,23.087772068313868,113.41020195673046
710,1060,17,23.08839741562763,113.4087118822413
710,1060,18,23.08915557815836,113.40849873389227
728,839,0,23.1448046394898,112.80104847560288
728,839,1,23.1448742985215,112.80094363248566
728,839,2,23.14497886364105,112.80098889158975
728,839,3,23.14479876770093,112.800933069769
728,839,4,23.14470055698279,112.80096499027104
728,839,5,23.144591400259383,112.80082365188376
728,839,6,23.14451751150621,112.80096079180596
728,839,7,23.14435151983485,112.80079910667772
728,839,8,23.14429486744849,112.80069901131807
728,839,9,23.1442330839542,112.80052910964883
728,839,10,23.144084601900715,112.80051936200093
728,839,11,23.144047677320103,112.80036100390954
728,839,12,23.144543640206194,112.80040725565688
728,839,13,23.144679269965277,112.8003675741569
728,839,14,23.14487405251212,112.80034918738532
728,839,15,23.14506214659889,112.80036500443951
728,839,16,23.14516700645288,112.80043458544156
728,839,17,23.14512636874281,112.80052710036666
728,839,18,23.14501972425797,112.80055907579494
728,839,19,23.144930433376643,112.80064917018213
728,839,20,23.144744415824697,112.80057706866587
728,839,21,23.14457706480655,112.80062826578173
728,839,22,23.144787993521177,112.8006895422487
728,839,23,23.14488927554609,112.80078691255773
728,839,24,23.14497797852661,112.80072813974908
728,839,25,23.14511812680429,112.80083854819458
728,839,26,23.14501264120612,112.80007294066613
728,839,27,23.14485630011793,112.79982097473574
755,830,0,23.05833993967872,113.26956718926476
755,830,1,23.05842196147505,113.26939638600692
755,830,2,23.05837717913779,113.26927286680602
755,830,3,23.05856637635776,113.26933075377865
755,830,4,23.058663133620925,113.2694048698928
755,830,5,23.058655548274672,113.26930289316785
755,830,6,23.05882553857483,113.26927845670548
755,830,7,23.058911742564185,113.26919247213696
755,830,8,23.058962002646386,113.26929627939224
755,830,9,23.058919329718396,113.26941310515116
755,830,10,23.0589679265376,113.26955317402049
755,830,11,23.05920581230245,113.26958744574708
755,830,12,23.059176559227836,113.26935511455888
755,830,13,23.059081099074447,113.26914196499744
755,830,14,23.05885095151699,113.26907969704908
755,830,15,23.05853645357589,113.26914700400415
755,830,16,23.05872310412538,113.26972467253266
755,830,17,23.05857451163634,113.26980254394412
755,830,18,23.058549149523323,113.269976716945
755,830,19,23.058783717458702,113.269900790409
755,830,20,23.058806061269816,113.27006555815338
755,830,21,23.05878294654862,113.27035304648386
755,830,22,23.058838645363625,113.27049853224558
755,830,23,23.059128475741563,113.27021839357114
755,830,24,23.05909033422733,113.26995920305808
755,830,25,23.059298135714307,113.26982323970788
755,830,26,23.05888637100571,113.26964803374808
757,1114,0,23.05690783335793,113.28666830049828
757,1114,1,23.055663028883075,113.28826733842833
757,1114,2,23.05572030648097,113.28866083796116
757,1114,3,23.05558388733757,113.2889260521323
757,1114,4,23.05591732827608,113.28900161223122
757,1114,5,23.05602906929349,113.2889941565142
757,1114,6,23.056136668770247,113.2890049354929
757,1114,7,23.05626767706194,113.289037319887
757,1114,8,23.056188375803337,113.28920704203428
757,1114,9,23.05610037226235,113.28930525027675
757,1114,10,23.05618869391856,113.28938133638044
757,1114,11,23.05601459564969,113.28933154470954
757,1114,12,23.05592914316128,113.28946341470034
757,1114,13,23.05590333946322,113.28957851646186
757,1114,14,23.056005070406755,113.28968202439192
757,1114,15,23.05608067470753,113.28957591245444
757,1114,16,23.05600225827713,113.28950198192813
757,1114,17,23.055860032806905,113.28947628332747
757,1114,18,23.055863968678377,113.2893736161578
757,1114,19,23.055779448159253,113.28946175580514
757,1114,20,23.055699631509263,113.28936970522648
757,1114,21,23.055672382669663,113.28926703956346
757,1114,22,23.055794059731703,113.28921451994638
757,1114,23,23.055900789474347,113.28920627758914
757,1114,24,23.055981620354828,113.28911640644417
757,1114,25,23.056054028683832,113.28919144820462
757,1114,26,23.055964998888008,113.28926668868228
757,1114,27,23.05581070806033,113.28954373127397
757,1114,28,23.055732928782835,113.28961352212488
757,1114,29,23.055679324581607,113.28972791610802
757,1114,30,23.055788818358295,113.28977965764344
757,1114,31,23.055906392976556,113.28977954434131
757,1114,32,23.055990524184452,113.28987856578313
757,1114,33,23.056094029889213,113.28985887825664
757,1114,34,23.056149696074023,113.289974470552
757,1114,35,23.05604765988791,113.28978374296037
757,1114,36,23.05625651004104,113.28968856917356
757,1114,37,23.05630720715732,113.28950959364091
757,1114,38,23.056441119199093,113.28924958714984
757,1114,39,23.05618671721782,113.28868097119629
757,1114,40,23.055506603231283,113.2893061164162
757,1114,41,23.05547256765419,113.28952582700768
757,1114,42,23.055451190005343,113.28963415271276
757,1114,43,23.055364062912016,113.2897366426262
757,1114,44,23.055388157330256,113.28985952735609
757,1114,45,23.05528919415141,113.28989887449325
757,1114,46,23.055180457755164,113.28984291799851
757,1114,47,23.05517722680988,113.29001854090738
757,1114,48,23.05506617544471,113.29002291834595
757,1114,49,23.05495489359909,113.28994593376044
757,1114,50,23.05493817453966,113.28982944090298
757,1114,51,23.05499995290812,113.28967667627693
757,1114,52,23.054871788140943,113.28958783875942
757,1114,53,23.054961295388043,113.28944437904464
757,1114,54,23.05510654598009,113.289462135701
757,1114,55,23.055197916080203,113.28952311707413
757,1114,56,23.055296891462454,113.28960860598646
757,1114,57,23.0551781578777,113.2896741684074
757,1114,58,23.05510650776688,113.28981123518211
757,1114,59,23.05513404965596,113.29007425792184
757,1114,60,23.05509862762851,113.29017557520568
757,1114,61,23.055092764590796,113.29031782541942
757,1114,62,23.055222941144432,113.29033620595794
757,1114,63,23.055026216546658,113.2903208556217
757,1114,64,23.05500206381678,113.29046970373734
757,1114,65,23.054782691925023,113.2904632052203
757,1114,66,23.05469653369246,113.29040734171969
757,1114,67,23.05455711190901,113.2906573974402
757,1114,68,23.05491252380933,113.29072556285674
757,1114,69,23.05515044457061,113.2906846005108
757,1114,70,23.05526008798584,113.29081152670244
757,1114,71,23.055154402026314,113.29099855148024
757,1114,72,23.054941738161823,113.2912087690994
757,1114,73,23.05442088263492,113.29134106449996
757,1114,74,23.05506452413434,113.29201273326052
757,1114,75,23.054238176738465,113.29240076907826
757,1114,76,23.054439626141654,113.2929722076701
757,1114,77,23.05474646048693,113.29321743583218
757,1114,78,23.05508185724464,113.29049825810118
757,1114,79,23.05543531768188,113.29025965486672
757,1114,80,23.05532416139615,113.29012049153356
757,1114,81,23.0555024694762,113.29006370119558
757,1114,82,23.055500307506577,113.2899622165297
757,1114,83,23.055883446347217,113.29021467335662
757,1114,84,23.056388308098995,113.29004165711522
757,1114,85,23.05484470548343,113.29010310467208
757,1114,86,23.05480603102394,113.28939099605007
757,1114,87,23.05490934267665,113.28937267058284
757,1114,88,23.054852283828136,113.288585904265
757,1114,89,23.058627723078985,113.28852987188664
759,869,0,23.06800705533709,113.42289629822598
759,869,1,23.068143030197025,113.42262852021554
759,869,2,23.06796036535103,113.4224615571707
759,869,3,23.068089581722347,113.42233599068408
759,869,4,23.06792507399965,113.42217053052669
759,869,5,23.067780343370163,113.42211032342524
759,869,6,23.067753172191285,113.42221814088003
759,869,7,23.067648134521328,113.42218655144396
759,869,8,23.06754762547768,113.42225282410055
759,869,9,23.06779950566256,113.42237547462108
759,869,10,23.067861510347782,113.42246800212436
759,869,11,23.06787097597441,113.42222130671588
759,869,12,23.06787243646756,113.42200712101024
759,954,0,23.07019144363878,113.42487379632398
759,954,1,23.070284569039995,113.42496514248772
759,954,2,23.07018234095508,113.42496297704064
759,954,3,23.0700637307187,113.42506735538562
759,954,4,23.07019459356116,113.42507121977968
759,954,5,23.07018222650052,113.42520625037602
759,954,6,23.07030309284332,113.42520709520312
759,954,7,23.070336431054475,113.42508540902072
759,954,8,23.07046483045849,113.42506587159136
759,954,9,23.07050032467405,113.42518088424352
759,954,10,23.070398451637807,113.42527309571425
759,954,11,23.070285496122565,113.42535069050932
759,954,12,23.07030597240074,113.42545991664116
759,954,13,23.07043679319902,113.42553902710551
759,954,14,23.07053801988358,113.4254969855435
759,954,15,23.070526261045725,113.4253439493267
759,954,16,23.07068596279023,113.42542985293656
759,954,17,23.07069479503104,113.42586503501168
759,954,18,23.06995591481691,113.42516500172732
759,954,19,23.070898540971267,113.42446588675602
759,790,0,23.067547089828327,113.42205395315528
759,790,1,23.0674292525244,113.42212958771816
759,790,2,23.067277986531774,113.42202523321647
760,954,0,23.071027219227457,113.42590069427024
760,954,1,23.070918203749677,113.4258500788984
760,954,2,23.070868100277814,113.42595126781116
760,954,3,23.070742784645308,113.42589436855972
760,954,4,23.07077853741534,113.4256599194957
760,954,5,23.0709066218919,113.4254826200299
760,762,0,23.073873290202773,113.42963171261734
760,762,1,23.074042635203984,113.42989808344689
764,877,0,23.108357415236657,113.38837277375416
764,877,1,23.108434285748416,113.3882579500708
764,877,2,23.108474303077216,113.3881603151069
764,877,3,23.10866524302112,113.38789573190049
764,877,4,23.108502293259345,113.38770615847092
764,877,5,23.108054797846933,113.38910732957196
764,877,6,23.10789715308276,113.38928669434904
764,877,7,23.10762006906438,113.39001535562842
767,917,0,23.158137463802053,112.84131708879312
767,917,1,23.158181857476052,112.8415120174632
767,917,2,23.1581987469119,112.84163947281192
767,917,3,23.158314013870083,112.841686994461
767,917,4,23.158298647872268,112.84187416100404
767,917,5,23.15833564244375,112.8419941124708
767,917,6,23.15825110671006,112.84192966887365
767,917,7,23.158183200122,112.84183281636147
767,917,8,23.157999224563724,112.8418072777442
767,917,9,23.158002437890616,112.84194929539684
767,917,10,23.15810703188779,112.84209069650277
767,917,11,23.158205840848503,112.84206141848244
767,917,12,23.15831785275355,112.8421714210345
767,917,13,23.15827616417133,112.84227728203508
767,917,14,23.15834106405945,112.84235522729776
767,917,15,23.158460913245797,112.84231743314844
767,917,16,23.158393984160814,112.84223036638843
767,917,17,23.158462446817083,112.84212995063784
767,917,18,23.158362747682517,112.84202784524594
767,917,19,23.158375154794104,112.84183267141972
767,917,20,23.158475076043544,112.84177314745064
767,917,21,23.158589257296992,112.84184552970984
767,917,22,23.15852390874828,112.84194162713985
767,917,23,23.158537720976597,112.8420414369319
767,917,24,23.1585144984972,112.84218721051332
767,917,25,23.15861684241409,112.84219917426628
767,917,26,23.158261865552,112.8424079524049
767,917,27,23.15815882951287,112.84233797156004
767,917,28,23.158177982180582,112.84223582938893
767,917,29,23.15807679446011,112.84221482970416
767,917,30,23.158037014432136,112.84236459211289
767,917,31,23.15810531730813,112.84288208393788
767,917,32,23.15807947607986,112.84313590091732
767,917,33,23.15856743197498,112.84169139986632
767,917,34,23.158563911460856,112.84154127780047
767,917,35,23.158445846781245,112.84157849627051
767,917,36,23.158361709124325,112.841456644257
767,917,37,23.158521032324195,112.84133143464436
767,917,38,23.158389008978084,112.84124863320622
767,917,39,23.15806038908116,112.84152987751445
784,945,0,23.05191145934107,113.30948039447338
784,945,1,23.05178488212231,113.31035224366396
784,945,2,23.05192054955951,113.31046898589986
784,945,3,23.05179848315646,113.31054465032156
784,945,4,23.051591366449408,113.31053407015987
789,831,0,23.06200125318521,113.41794249731396
789,831,1,23.061821721476147,113.4179498905186
789,831,2,23.061708990409382,113.41804694249107
789,831,3,23.061749738977245,113.41817055844308
789,831,4,23.06164086338955,113.41785552994426
789,831,5,23.06153049972929,113.41777146185576
789,831,6,23.06144772332899,113.41783582276386
789,831,7,23.061374316991856,113.41792488726404
789,831,8,23.061273774018574,113.41792614379092
789,831,9,23.06129163645688,113.41778084011963
789,831,10,23.061209698062815,113.41798304452776
789,831,11,23.061413873117527,113.41808846005785
789,831,12,23.061497947181465,113.41802607163184
789,831,13,23.06169544542506,113.41777236805244
789,831,14,23.061758071275985,113.41763646062957
789,831,15,23.061784492949684,113.41750494971006
789,831,16,23.061608601027554,113.41749225033308
789,831,17,23.06139491725432,113.41735873360632
789,831,18,23.061381140915067,113.41725606884512
789,831,19,23.06148913051995,113.41727659663596
789,831,20,23.061335934777883,113.41746652737504
789,831,21,23.06144356327083,113.41761683593846
789,831,22,23.061645463730297,113.41769658943228
789,831,23,23.06181059115374,113.41771180336444
789,831,24,23.061896427759827,113.41762838882244
789,831,25,23.06195700578433,113.4177285551962
789,831,26,23.061818613427427,113.41775941037426
789,831,27,23.061288250525028,113.41829522804083
789,831,28,23.061096602794358,113.4174212859411
789,831,29,23.061083781334247,113.41726190527848
790,869,0,23.066586783161902,113.42148805085657
790,869,1,23.067057380888556,113.42138591152606
790,869,2,23.067127871199588,113.42127792893508
837,1063,0,23.09330614431251,112.09909853324324
837,1063,1,23.093402313172938,112.09884980687856
837,1063,2,23.093429240119104,112.0987025539712
837,1138,0,23.09152223472222,112.09994261685854
837,1138,1,23.091281646068417,112.10071056835577
837,1138,2,23.09177143189148,112.10114990823529
837,1138,3,23.090705770737515,112.09970457327312
837,962,0,23.092184703184213,112.09785361383749
837,962,1,23.092774969579665,112.09779136704896
839,1221,0,23.144855308329436,112.79866867205963
839,1221,1,23.14505749220798,112.79868665761852
839,1221,2,23.144905963100356,112.79890404124389
839,1145,0,23.1424571888488,112.79655710024852
839,1145,1,23.14247531702956,112.79642058056572
839,1145,2,23.14222870957001,112.79629987077824
839,1145,3,23.14167893109109,112.79593603592056
839,1145,4,23.1414993967959,112.79623522371888
876,1062,0,23.091717089269817,113.58348187055562
876,1062,1,23.092197628121998,113.5826913643284
876,1062,2,23.092688367110924,113.58491596755177
961,1212,0,23.091911172650303,113.67290360497933
961,1212,1,23.092128341908428,113.67361125737338
961,1212,2,23.092844115990104,113.6741391369825
962,998,0,23.091481603022544,112.09503613536538
962,998,1,23.09233421931801,112.095058295765
962,1063,0,23.093348922905296,112.09771047003883
962,1063,1,23.09376422185742,112.09748106417696
962,1063,2,23.093861123499597,112.09766889301645
962,1063,3,23.094199545039054,112.09745311161169
963,1212,0,23.0941969925438,113.68079386880429
963,1212,1,23.094084356163787,113.6807877283536
963,1212,2,23.09469811623516,113.68061238191576
964,1143,0,23.13431462651887,112.57309335121312
964,1143,1,23.13450111821401,112.57281566210445
964,1143,2,23.134302054359573,112.5726984817697
964,1143,3,23.134128785592672,112.57273903028738
964,1143,4,23.134023161302803,112.57285480419348
964,1143,5,23.133939129453346,112.5727823596279
964,1143,6,23.133827931523637,112.57265711626148
964,1143,7,23.133739350590638,112.57259853617305
964,1143,8,23.133785499493356,112.57274227207012
964,1143,9,23.13384811137786,112.57284667545812
964,1143,10,23.133575826271752,112.57295829357123
964,1143,11,23.1334997266919,112.57284661229578
964,1143,12,23.13338609416001,112.57290792450227
964,1143,13,23.133228676867795,112.57283975631728
964,1143,14,23.133052576528403,112.57295531914706
964,1143,15,23.13323809929684,112.57297777626404
964,1143,16,23.13303585667949,112.57315845114364
964,1143,17,23.13280275053981,112.57307217120892
964,1143,18,23.13267348655568,112.57304391161918
964,1143,19,23.132450955379472,112.5731387240048
964,1143,20,23.13236786956183,112.5730269016348
964,1143,21,23.13226928438891,112.57289004267489
964,1143,22,23.13241335002376,112.57266474456078
964,1143,23,23.132319889436385,112.57236793835342
964,1143,24,23.132903466371964,112.57219033243756
964,1143,25,23.133090252766227,112.57206283301966
964,1143,26,23.13322692981232,112.5720210702086
964,1143,27,23.133212962349493,112.57213878771132
964,1143,28,23.13314802299585,112.57191450916127
964,1143,29,23.133283202401827,112.57187427745612
964,1143,30,23.13339612121513,112.57173460417548
964,1143,31,23.13334916859992,112.5716305392841
964,1143,32,23.13324242614885,112.57157451515296
964,1143,33,23.13321694149269,112.5717075645796
964,1143,34,23.133399224479604,112.5715799156343
964,1143,35,23.1334026844193,112.57145177239038
964,1143,36,23.1333233676768,112.57138890633726
964,1143,37,23.13316919300596,112.57137641608814
964,1143,38,23.13313836526788,112.57125665608216
964,1143,39,23.133304144274923,112.57127660572829
964,1143,40,23.13341248635867,112.57129097622614
964,1143,41,23.133510803163027,112.57143687578184
964,1143,42,23.13351815358669,112.57156849543188
964,1143,43,23.133501012978,112.57169644670414
964,1143,44,23.13361827821892,112.57141358444603
964,1143,45,23.133453524976343,112.57120167693382
964,1143,46,23.13328678367986,112.5710798545762
964,1143,47,23.13332788300885,112.57086419843873
964,1143,48,23.133231511250063,112.57065108021288
964,1143,49,23.13306760445002,112.57109532090504
964,1143,50,23.132999618774853,112.57119051616588
964,1143,51,23.132882215383717,112.57129877301676
964,1143,52,23.13281332775984,112.5711028255224
964,1143,53,23.13260206085875,112.57085951537346
964,1143,54,23.1325531979691,112.5707254336383
964,1143,55,23.131992518131547,112.57045296247291
964,1143,56,23.132708344059026,112.57170716548664
964,1143,57,23.13303951109093,112.57151120188894
964,1143,58,23.133435166252536,112.57223606164132
964,1143,59,23.1334297592223,112.57234762403188
964,1143,60,23.133571215035687,112.57231578659211
964,1143,61,23.13354602486953,112.57251758179837
964,1143,62,23.133596146114137,112.57261104035014
964,1143,63,23.133826887905997,112.57244824840582
964,1143,64,23.133879263547257,112.57255070915828
964,1143,65,23.133974703690185,112.57227468956432
964,1143,66,23.133976713937454,112.5721328306764
964,1143,67,23.134280861717,112.57239378383024
964,1143,68,23.13497972342348,112.57265460611232
964,1143,69,23.133913665993816,112.5732952242814
964,1143,70,23.133503250291685,112.57311851429054
964,1143,71,23.13340735394666,112.57275779137376
964,1143,72,23.133392387954604,112.57264721047704
964,1143,73,23.1332674301452,112.57269819854456
964,1143,74,23.1332150101452,112.572558283613
964,1143,75,23.13327881912827,112.57242260413965
964,1143,76,23.132803290682418,112.57336367980336
964,1143,77,23.13167969340126,112.57193582054975
1001,1060,0,23.090298350830352,113.4211443059954
1001,1060,1,23.090441757649707,113.42004071208932
1001,1060,2,23.09054082021887,113.41975026812642
1001,1060,3,23.090661385428213,113.41969413508332
1001,1060,4,23.090753860225703,113.41958955949768
1001,1060,5,23.09086802296784,113.41964105732733
1001,1060,6,23.090830728620716,113.41973539086597
1001,1060,7,23.09098999874388,113.41966329059072
1001,1060,8,23.091125185492864,113.4197042509398
1001,1060,9,23.091048741942306,113.4195304926811
1001,1060,10,23.0908685776866,113.41940254970103
1001,1060,11,23.09094391293701,113.41908994168844
1001,1060,12,23.09068487820721,113.41886166222878
1001,1060,13,23.09085908448153,113.41845553808928
1001,1060,14,23.09032361426851,113.41854035603414
1001,1060,15,23.09034629784552,113.41962015258636
1001,1060,16,23.09119020125684,113.41939274207262
1001,1060,17,23.091258028231906,113.41987797463166
1002,1064,0,23.09873769760965,113.59420613444225
1002,1064,1,23.09889911803917,113.59418708281768
1002,1064,2,23.09847043298337,113.59386542054808
1002,1064,3,23.098334909105205,113.59375771726988
1002,1064,4,23.09826875793395,113.5936812486194
1002,1064,5,23.09837690467525,113.5935484093471
1002,1064,6,23.0981594261372,113.5937036110976
1002,1064,7,23.098057786959785,113.59364075045848
1002,1064,8,23.09800199935236,113.59351971807352
1002,1064,9,23.09805348602691,113.59340243213232
1002,1064,10,23.09805823605391,113.5932184122128
1002,1064,11,23.09795024342549,113.59320560025772
1002,1064,12,23.097933866005867,113.59308033281708
1002,1064,13,23.097829928052423,113.59316433778928
1002,1064,14,23.0976824632744,113.59326087798402
1002,1064,15,23.097723449879123,113.59342480656916
1002,1064,16,23.097830037327565,113.59342261336906
1002,1064,17,23.097872570512223,113.59362310389088
1002,1064,18,23.09800243800133,113.593743647965
1002,1064,19,23.09779701392931,113.59386709566344
1002,1064,20,23.097899339875696,113.5940637242829
1002,1064,21,23.098269636317703,113.59400162125463
1002,1064,22,23.098280516088497,113.59386224137008
1002,1064,23,23.098388851171407,113.59324161860008
1002,1064,24,23.09815675496879,113.59307735566765
1002,1064,25,23.09794331747601,113.59290653788298
1002,1064,26,23.097767971753846,113.5929004728533
1002,1064,27,23.097685330441426,113.59272315517276
1002,1064,28,23.09752419789417,113.5926916923868
1002,1064,29,23.097394971984315,113.59281532844064
1002,1064,30,23.09726014770702,113.59286083815194
1002,1064,31,23.0971182393814,113.59250896748136
1002,1064,32,23.097438488305865,113.59238756968284
1002,1064,33,23.09747633062451,113.59251177673973
1002,1064,34,23.09741749784968,113.59222426714626
1002,1064,35,23.0973332133044,113.59214765241096
1002,1064,36,23.097545406143578,113.592213270206
1002,1064,37,23.09855082934966,113.59287730208796
1002,1064,38,23.09767850449116,113.59360829069531
1002,1064,39,23.09753599014642,113.59351176579256
1002,1064,40,23.097507532829745,113.59372579543268
1002,1064,41,23.09954816680534,113.5938042759897
1002,1064,42,23.099800705140044,113.59366478378654
1012,1188,0,23.04259100714594,112.9888891572696
1012,1188,1,23.05339403885036,112.98392524445477
1012,1188,2,23.05863585519924,112.97839392135766
1012,1188,3,23.06253279206225,112.98391656336926
1062,1064,0,23.093952963044146,113.58683141859136
1062,1064,1,23.09409838876122,113.5868565708094
1062,1064,2,23.093999879401096,113.58737693249684
1062,1064,3,23.093969468281195,113.58751280468314
1062,1064,4,23.09423192245653,113.58762881690924
1062,1064,5,23.094373722783367,113.58766825984829
1062,1064,6,23.09440167460766,113.5878092510734
1062,1064,7,23.094179777195382,113.58779843172704
1062,1064,8,23.094242703056967,113.58810568100924
1062,1064,9,23.094318475338586,113.5881753744053
1062,1064,10,23.094334769725837,113.58837761031045
1062,1064,11,23.094425843444714,113.58843115974
1062,1064,12,23.09444556265518,113.58827938676916
1062,1064,13,23.094625166736563,113.58817097151145
1062,1064,14,23.0944884130936,113.5885506793094
1062,1064,15,23.094512619441154,113.58865312605155
1062,1064,16,23.094356450985103,113.58866637161977
1062,1064,17,23.09444751660773,113.58886088441048
1062,1064,18,23.094551095561496,113.58884488340792
1062,1064,19,23.09464585917185,113.5887862542673
1062,1064,20,23.09470579893877,113.58887213212569
1062,1064,21,23.094609076635653,113.5889040659645
1062,1064,22,23.094650127812667,113.5890166459543
1062,1064,23,23.094652006458027,113.58914370923098
1062,1064,24,23.0947929846363,113.5891411430628
1062,1064,25,23.09495367177468,113.58924055418262
1062,1064,26,23.095239243931555,113.58910965910292
1062,1064,27,23.094898821017715,113.5889081633398
1062,1064,28,23.09456682107644,113.58868855667455
1062,1064,29,23.09449446563564,113.58896123350888
1062,1064,30,23.09419955585158,113.58853375922216
1062,1064,31,23.09407352579189,113.5881114651472
1062,1064,32,23.096573731799207,113.58879103869624
1062,1064,33,23.096576668752213,113.59031691433488
1062,1064,34,23.097110713368888,113.59053731756718
1063,1138,0,23.09321119483473,112.10081170393347
1063,1138,1,23.09323093597841,112.10129062012096
1063,1138,2,23.093335212420985,112.10131413264916
1063,1138,3,23.093322680729905,112.10144709550856
1063,1138,4,23.093262995554152,112.10158264827348
1063,1138,5,23.093202259073777,112.10145432317444
1063,1138,6,23.09333675288661,112.10172964528304
1063,1138,7,23.09311387175811,112.10219788451826
1063,1138,8,23.093466999230674,112.10230917762364
1104,1175,0,23.048922217315795,113.33522460016522
1104,1175,1,23.048804507060364,113.33476546466277
1104,1175,2,23.048825776641596,113.33463500794784
1104,1175,3,23.04882598032645,113.3344615568708
1104,1175,4,23.04891824924241,113.33439660675958
1104,1175,5,23.04880689343911,113.33433001632407
1104,1175,6,23.04890043149876,113.33425244142522
1104,1175,7,23.049059262009106,113.3341781922948
1104,1175,8,23.049047260134312,113.33402878533067
1104,1175,9,23.04894223689859,113.33403444674263
1104,1175,10,23.04883155094132,113.3340522527104
1104,1175,11,23.04879011317624,113.33418828609013
1104,1175,12,23.048684797858577,113.33425578388164
1104,1175,13,23.04856958100115,113.33440921148514
1104,1175,14,23.048638120079865,113.33453664450556
1104,1175,15,23.048721346979296,113.3346192999771
1104,1175,16,23.048603390190717,113.33470677735646
1104,1175,17,23.048513473407475,113.33480001527148
1104,1175,18,23.04847364419889,113.33494854067962
1104,1175,19,23.04818516585952,113.33495214335292
1104,1175,20,23.04809181814204,113.33483085639216
1104,1175,21,23.0481812556882,113.33446681699466
1104,1175,22,23.04833634006284,113.3344524689464
1104,1175,23,23.048488313578005,113.33446913000805
1104,1175,24,23.04843788653496,113.334605408511
1104,1175,25,23.04858167116221,113.3341620062766
1104,1175,26,23.04860826323355,113.33398964110025
1104,1175,27,23.048532315800102,113.33388543315134
1104,1175,28,23.048447141047184,113.33394627816467
1104,1175,29,23.04847486544521,113.33406994676632
1104,1175,30,23.048803021014603,113.33391739040866
1104,1175,31,23.048925805119183,113.33391112534449
1104,1175,32,23.04902886938183,113.3339105362193
1104,1175,33,23.04914658187722,113.33395304816594
1104,1175,34,23.049232416964976,113.3340239942247
1104,1175,35,23.04934113175048,113.33404277711108
1104,1175,36,23.04936673132901,113.33392630325474
1104,1175,37,23.049323634885635,113.33383565221182
1104,1175,38,23.04926621835862,113.33374971317328
1104,1175,39,23.049197085092544,113.33365356754736
1104,1175,40,23.049160573854447,113.33355426527788
1104,1175,41,23.049209037123276,113.33345262050008
1104,1175,42,23.04937759824258,113.33352372949751
1104,1175,43,23.04935462731921,113.33362484693646
1104,1175,44,23.049395505575667,113.33374374271196
1104,1175,45,23.04940747227972,113.33386243525987
1104,1175,46,23.04945728100953,113.33399851892624
1104,1175,47,23.04955752362622,113.33396100698688
1104,1175,48,23.04966592169632,113.33400510044544
1104,1175,49,23.049579859697342,113.33411433435586
1104,1175,50,23.049735944639814,113.3341990586157
1104,1175,51,23.04977545283093,113.3338592055954
1104,1175,52,23.049705820426,113.33372180440166
1104,1175,53,23.049655383184145,113.3336226771779
1104,1175,54,23.049570575325788,113.33351562618462
1104,1175,55,23.049474531920367,113.33357091453476
1104,1175,56,23.049560884350875,113.33364676640636
1104,1175,57,23.04945631736465,113.33372263308154
1104,1175,58,23.049586481765623,113.33379572584164
1104,1175,59,23.049792938506982,113.33373613370593
1104,1175,60,23.049829151587293,113.3335550923181
1104,1175,61,23.04988942835029,113.3333927526744
1104,1175,62,23.049781649937323,113.333392663659
1104,1175,63,23.049711973592167,113.33332009001086
1104,1175,64,23.04960158860744,113.3334210480298
1104,1175,65,23.04979124139321,113.33319356148117
1104,1175,66,23.049570842697868,113.33312168340652
1104,1175,67,23.0494976622809,113.33320120795344
1104,1175,68,23.049407372459672,113.3330791637078
1104,1175,69,23.04958291091368,113.33294162571264
1104,1175,70,23.04970223218161,113.33286427401907
1104,1175,71,23.0499266076759,113.33297491253164
1104,1175,72,23.04959501650494,113.33250762356892
1104,1175,73,23.049377708045665,113.33334562399784
1104,1175,74,23.04881673645698,113.33340636257331
1104,1175,75,23.04854661426273,113.3327264684518
1104,1175,76,23.04928734095889,113.33399261254952
1104,1175,77,23.049281300042807,113.33414548067664
1104,1175,78,23.049300412975217,113.33439332729344
1104,1175,79,23.04922656113836,113.3345166616014
1104,1175,80,23.04906795298804,113.33440986048936
1104,1175,81,23.049056728267992,113.33470094114396
1104,1175,82,23.04912345608839,113.33477633710282
1104,1175,83,23.04996335806744,113.33377109597056
1121,1194,0,23.0673761876175,113.48254930916454
1121,1194,1,23.06727365406428,113.48269759253178
1121,1194,2,23.067254168556097,113.48292626272494
1121,1194,3,23.0672060698966,113.48308482941516
1121,1194,4,23.067222333142663,113.4832499097434
1121,1194,5,23.06738057415185,113.48329747593914
1121,1194,6,23.067533930264148,113.48296039911216
1121,1194,7,23.067164749539863,113.4829165488558
1121,1194,8,23.066970238997385,113.48325969558174
1121,1194,9,23.067083580810976,113.48336815744057
1121,1194,10,23.067094225551827,113.48347020269732
1121,1194,11,23.066974599796627,113.48363364290408
1121,1194,12,23.06717145203916,113.48370674564922
1121,1194,13,23.06705762589216,113.48399403379142
1121,1194,14,23.06693752032968,113.48396260061106
1121,1194,15,23.06681824669836,113.48394902973708
1121,1194,16,23.06673719643395,113.4841008262106
1121,1194,17,23.066656516471305,113.48402821826107
1121,1194,18,23.06653752446237,113.48401059676446
1121,1194,19,23.066776800956312,113.48430212979444
1121,1194,20,23.067029542329344,113.48414560134766
1121,1194,21,23.067563910913417,113.4822315408351
1121,1194,22,23.067809733734126,113.48228538335869
1121,1194,23,23.067788733595425,113.48210744558878
1135,1205,0,23.081975564441283,113.39315030521531
1135,1205,1,23.081809668591344,113.39294938134788
1135,1205,2,23.081727868953266,113.39286967305812
1135,1205,3,23.081490539644037,113.3930019254515
1135,1205,4,23.081561877618974,113.39317465389064
1135,1205,5,23.081449275328318,113.39322797105524
1135,1205,6,23.0814649752398,113.3927144562856
1135,1205,7,23.08139974650948,113.39259062490297
1135,1205,8,23.08126934228212,113.39268485104154
1135,1205,9,23.081181074826283,113.392277305505
1135,1205,10,23.08495728869286,113.39121766420966
1145,1222,0,23.143885108332697,112.79496933896728
1145,1222,1,23.14381926212596,112.79487925222035
1145,1222,2,23.143994339071337,112.79480671928772
1145,1222,3,23.14392996687819,112.79469663017298
1145,1222,4,23.143930474428707,112.7945183168826
1145,1222,5,23.143779171587788,112.79449078602984
1145,1222,6,23.144161475132652,112.79450235793396
1145,1222,7,23.14425867774093,112.79453073699104
1145,1222,8,23.144293470381903,112.7943993288394
1145,1222,9,23.144254477674583,112.7946437341545
1145,1222,10,23.144299548277715,112.7948065213904
1145,1222,11,23.144143265272703,112.79477661472936
1145,1222,12,23.14399775091882,112.79498398736338
1145,1221,0,23.1445182325944,112.79676050141563
1145,1221,1,23.14454749437576,112.79697150640874
1145,1221,2,23.14437686493445,112.79721847008
1145,1221,3,23.14477627908367,112.79689104053746
1145,1221,4,23.14488751196702,112.79678959579093
1145,1221,5,23.14499904913577,112.79667048828824
1145,1221,6,23.145149033583444,112.79656563157889
1145,1221,7,23.145126858699943,112.79645580097488
1145,1221,8,23.14471564698752,112.79652238802365
1194,1196,0,23.07063418262816,113.4814278525706
1194,1196,1,23.07060237030104,113.48088371418912
1194,1196,2,23.07050533327189,113.48085378890217
1194,1196,3,23.070553168748496,113.48076561431658
1194,1196,4,23.070762510119163,113.48070346581363
1194,1196,5,23.07069317251204,113.4804170830869
1194,1196,6,23.07055123569275,113.48021495375032
1194,1196,7,23.07048097898637,113.4801222564722
1194,1196,8,23.070384135398463,113.48002309146185
1194,1196,9,23.07043511888647,113.47987258444074
1194,1196,10,23.070586290050013,113.47982185385874
1194,1196,11,23.07070985525789,113.4797087654024
1194,1196,12,23.070459648157183,113.47930519132429
1194,1196,13,23.070885276229173,113.4790084674488
1194,1196,14,23.0702583428347,113.47991041389707
1194,1196,15,23.070063831266182,113.48003711673424
1194,1196,16,23.07018794018492,113.4801538977361
1194,1196,17,23.070091168597934,113.48021613631572
1194,1196,18,23.069964777581177,113.4802221910193
1194,1196,19,23.06995584622324,113.48035884535348
1194,1196,20,23.07004083994023,113.4804151034324
1194,1196,21,23.06987754275795,113.480437121775
1194,1196,22,23.069808554263243,113.48051872110732
1194,1196,23,23.069760911470063,113.48042775510493
1194,1196,24,23.06968136229669,113.48031725263952
1194,1196,25,23.069561975040067,113.48015659262762
1194,1196,26,23.069575288467377,113.4805199368766
1194,1196,27,23.06959470772533,113.4807058068838
1194,1196,28,23.06967634430181,113.48083498674148
1194,1196,29,23.069511478816505,113.48084334250248
1194,1196,30,23.069424601608,113.48100337282408
1194,1196,31,23.069332497372013,113.4810519460852
1194,1196,32,23.06935108849285,113.48115811387656
1194,1196,33,23.06915632055139,113.48107961876048
1194,1196,34,23.06979257459675,113.48069842462358
1194,1196,35,23.069943116904483,113.4807104719989
1194,1196,36,23.0701126581907,113.48078711493208
1194,1196,37,23.07026630529698,113.48078885476065
1194,1196,38,23.070242087518785,113.48067813884914
1194,1196,39,23.070181892986987,113.48051241849004
1194,1196,40,23.07017508737909,113.48039953854712
1194,1196,41,23.0703295637586,113.48040579781014
1194,1196,42,23.070463667030342,113.48041322099684
1194,1196,43,23.070533713676877,113.48054929192963
1194,1196,44,23.070397613900138,113.48065168158656
1194,1196,45,23.070171718855736,113.48092048287106
1194,1196,46,23.07023052101499,113.4810569496656
1203,1204,0,23.077502761381528,113.46235300662433
1203,1204,1,23.07723277653702,113.4622014590751
1203,1204,2,23.077273593597354,113.46198056940987
1203,1204,3,23.077238856035933,113.46186969447096
1203,1204,4,23.07721242614849,113.46174490822575
1203,1204,5,23.07725294506584,113.46155525541889
1203,1204,6,23.077316580592708,113.4614144361112
1203,1204,7,23.0774323729471,113.46145913504462
1203,1204,8,23.07742164425623,113.46155900658168
1203,1204,9,23.077538077907658,113.46156834169834
1203,1204,10,23.07773288205187,113.46142005346678
1203,1204,11,23.07777007665174,113.46152832412211
1203,1204,12,23.077731118130764,113.46171564210792
1203,1204,13,23.077596223515112,113.46174134581416
1203,1204,14,23.07747224347483,113.46174387804903
1203,1204,15,23.07737041712562,113.4617227004234
1203,1204,16,23.07749117196401,113.4618841284901
1203,1204,17,23.077062414503203,113.46193658121852
1203,1204,18,23.076968010217183,113.46197681612507
1203,1204,19,23.07687178850707,113.46190757755689
1203,1204,20,23.07688657452765,113.46205827427376
1203,1204,21,23.077060763530195,113.46168510674356
1203,1204,22,23.07702751475838,113.46154237698585
1203,1204,23,23.077010889082963,113.461429640859
1203,1204,24,23.076929977696963,113.46132721414855
1203,1204,25,23.07709781354798,113.46139785252296
1203,1204,26,23.077197362682416,113.46137460829355
1203,1204,27,23.077273923034223,113.46130135780167
1203,1204,28,23.07716125977553,113.46126120698057
1203,1204,29,23.077353045886863,113.46113702604542
1203,1204,30,23.07743685646034,113.4612276501014
1203,1204,31,23.077537807398564,113.46128218088194
1203,1204,32,23.077498260420462,113.46138207767235
1203,1204,33,23.077392326169694,113.4613605254668
1203,1204,34,23.07761520406481,113.4612231697776
1203,1204,35,23.077731940866663,113.46124119507512
1203,1204,36,23.077886899526156,113.4612297217822
1203,1204,37,23.077983609127138,113.4611965178032
1203,1204,38,23.078091715759644,113.46124757445638
1203,1204,39,23.07808816570496,113.4611193553772
1203,1204,40,23.078236947064717,113.4611567570117
1203,1204,41,23.07826435913618,113.4612677701534
1203,1204,42,23.07800396932191,113.461113672282
1203,1204,43,23.077881754548656,113.46112818791973
1203,1204,44,23.0777960228958,113.46106907421512
1203,1204,45,23.07775370290066,113.46095776568548
1203,1204,46,23.077834776753875,113.46088423471312
1203,1204,47,23.07795302095456,113.46100859652438
1203,1204,48,23.07804878481012,113.46093792642635
1203,1204,49,23.078030718497622,113.46083059288205
1203,1204,50,23.07793630020921,113.46076642859369
1203,1204,51,23.07783256443065,113.46067311175702
1203,1204,52,23.077836626329717,113.46054172876674
1203,1204,53,23.077889976343585,113.4604557469476
1203,1204,54,23.077934521332043,113.46057526705592
1203,1204,55,23.07804041939333,113.46053010883196
1203,1204,56,23.0782095042876,113.46048295666164
1203,1204,57,23.078310976775764,113.46047964813212
1203,1204,58,23.07820234484577,113.46063155973428
1203,1204,59,23.078095589387416,113.46066512425836
1203,1204,60,23.0783079255047,113.46073337823888
1203,1204,61,23.078197516276617,113.46086305604476
1203,1204,62,23.078287612129976,113.46091047924068
1203,1204,63,23.078106125943016,113.46097771414524
1203,1204,64,23.07858147759988,113.4608834318926
1203,1204,65,23.07842378657276,113.46030167597478
1203,1204,66,23.07806839351197,113.4602837829338
1203,1204,67,23.078055969105645,113.46013711066772
1203,1204,68,23.07826416968437,113.45977930358386
1203,1204,69,23.07836278180493,113.45984218852271
1203,1204,70,23.07841965268569,113.4596716072932
1203,1204,71,23.07766285974029,113.46035064915829
1203,1204,72,23.077472410338583,113.46056956875486
1203,1204,73,23.07726288264628,113.46063700268547
1203,1204,74,23.07714684676429,113.4608738379746
1203,1204,75,23.07735300605532,113.46150742939064
1203,1204,76,23.07700374275009,113.46268541399688
1221,1222,0,23.145302714228546,112.79682660670618
1221,1222,1,23.14545929613076,112.79651004434623
1221,1222,2,23.145545168570543,112.7963782381175
1221,1222,3,23.14564285531695,112.7964053860749
1221,1222,4,23.14578070676456,112.7963963176093
1221,1222,5,23.145868556474127,112.79651386637792
1221,1222,6,23.145996195120077,112.7964386594442
1221,1222,7,23.14618375041907,112.79634069256954
1221,1222,8,23.14611350173284,112.79610509780288
1221,1222,9,23.14598222792046,112.7960818577584
1221,1222,10,23.145820963188296,112.79617772786524
1221,1222,11,23.145673203006925,112.7963177426659
1221,1222,12,23.145677557226296,112.79618782480144
1221,1222,13,23.14568170144881,112.79608532210798
1221,1222,14,23.145563875438853,112.79622216402063
1221,1222,15,23.145492725165653,112.79634779324373
1221,1222,16,23.145435542593184,112.79613672326764
1221,1222,17,23.14533108664175,112.79616715695148
1221,1222,18,23.14526540277588,112.7963677908009
1221,1222,19,23.14563033800948,112.7965289257923
1221,1222,20,23.14578824597482,112.7965825160467
1221,1222,21,23.14581819469617,112.79589031857712
1221,1222,22,23.14602111910792,112.7958645656788
1221,1222,23,23.14610428572094,112.79594773277772
1221,1224,0,23.147401592055967,112.7960637155304
1221,1224,1,23.147445106449187,112.79580248348316
1221,1224,2,23.14781578976204,112.79624601271486
1222,1224,0,23.146201917519782,112.79609651902815
1222,1224,1,23.14687232010882,112.79537811048216
1222,1224,2,23.1469685097736,112.79541027793262
1222,1224,3,23.147000150305747,112.79528877383368
1222,1224,4,23.147032506379364,112.79513780328736
1222,1224,5,23.14689769623111,112.7951659049206
1222,1224,6,23.146831147333742,112.79525495945109
1222,1224,7,23.146758859396705,112.7950445728462
1222,1224,8,23.14670610361717,112.79494506780216
1222,1224,9,23.14675320493057,112.79483780404418
1222,1224,10,23.146750624256423,112.79468924597468
1222,1224,11,23.14662216964319,112.79455803911836
1222,1224,12,23.14646899090473,112.79453168607954
1222,1224,13,23.146409975138525,112.79442516970252
1222,1224,14,23.14632182995517,112.79432044993484
1222,1224,15,23.146445415560198,112.79427701546128
1222,1224,16,23.146558032435955,112.7943638799072
1222,1224,17,23.14672612410951,112.79450006964478
1222,1224,18,23.14688307596524,112.79453720425008
1222,1224,19,23.14686841675602,112.79467708707618
1222,1224,20,23.14694950938245,112.79475660190263
1222,1224,21,23.14697614882515,112.79491490452476
1222,1224,22,23.146880063926428,112.79487934563808
1222,1224,23,23.146912404811054,112.79503054369196
1222,1224,24,23.147168699225787,112.79520081926488
1222,1224,25,23.14713276909293,112.79538480637534
1222,1224,26,23.14736432777321,112.79511913156914
1222,1224,27,23.14753701057341,112.79500390302805
1222,1224,28,23.147335621029107,112.79491280065052
1222,1224,29,23.147434036696847,112.79480637451104
1222,1224,30,23.14733189682614,112.79463921944564
1222,1224,31,23.14717551869081,112.79467760254444
1222,1224,32,23.14711548584856,112.79458954504516
1222,1224,33,23.147059024005085,112.79441063177056
1222,1224,34,23.147067280239423,112.79423309335628
1222,1224,35,23.14693934834964,112.79443193083428
1222,1224,36,23.14674410744086,112.79412213950955
1222,1224,37,23.146489431148687,112.79410667949094
1222,1224,38,23.146392763753934,112.79401789142752
1222,1224,39,23.14626931162409,112.79391559520496
1222,1224,40,23.146209354689656,112.79402245641587
1222,1224,41,23.14609866571624,112.79413085960464
1222,1224,42,23.14626003909177,112.79419105939328
1222,1224,43,23.14624057381097,112.79453764080624
1222,1224,44,23.146468990674983,112.79473516765889
1222,1224,45,23.146618338682245,112.79475152222676
1222,1224,46,23.146832504902267,112.79384107972896
1222,1224,47,23.14573872463901,112.79429998859962
1222,1224,48,23.145272413484594,112.79450959757288
