{
  "model_name": "gnn",
  "feature_names": [
    "avg_reported_speed",
    "std_reported_speed",
    "speed_cv",
    "bearing",
    "bearing_sin",
    "bearing_cos",
    "avg_course_change",
    "std_course_change",
    "course_change_x_narrow",
    "is_peak_hour",
    "is_weekend",
    "waterway_type",
    "hour",
    "hour_sin",
    "hour_cos",
    "node_degree_from",
    "node_degree_to",
    "edge_betweenness",
    "sample_count",
    "log_sample_count",
    "narrow_x_peak",
    "course_change_x_peak"
  ],
  "feature_count": 22,
  "time_periods": {
    "night": [
      0,
      6
    ],
    "morning": [
      6,
      10
    ],
    "midday": [
      10,
      14
    ],
    "afternoon": [
      14,
      18
    ],
    "evening": [
      18,
      22
    ],
    "late_night": [
      22,
      24
    ]
  },
  "peak_hours": [
    6,
    7,
    8,
    9,
    17,
    18,
    19
  ],
  "use_grid_search": true,
  "training_timestamp": "2026-05-05T10:27:15.644013",
  "feature_importance": {
    "avg_reported_speed": 0.2743394261878661,
    "avg_course_change": 0.16245298045784065,
    "bearing": 0.0576533417236975,
    "std_course_change": 0.05582629466419783,
    "bearing_cos": 0.05528032301301246,
    "speed_cv": 0.04959565312646047,
    "hour_cos": 0.04758646888798038,
    "bearing_sin": 0.04654203560358921,
    "hour": 0.043537595236327005,
    "std_reported_speed": 0.03818349595521133,
    "course_change_x_peak": 0.0364154864013817,
    "course_change_x_narrow": 0.03189044313893446,
    "hour_sin": 0.02220552204959813,
    "node_degree_to": 0.021779144072423026,
    "node_degree_from": 0.01889964329372261,
    "log_sample_count": 0.010895917015790808,
    "sample_count": 0.010851867969026516,
    "is_weekend": 0.005581025436202508,
    "edge_betweenness": 0.003923780038534773,
    "waterway_type": 0.0034943047472241967,
    "is_peak_hour": 0.0021401267404127567,
    "narrow_x_peak": 0.0009251242405655538
  },
  "model_comparison": {
    "xgboost": {
      "mae": 11.760691296976198,
      "rmse": 25.271926423764302,
      "r2": 0.3162997329992384,
      "mape": 52.020315915066874,
      "train_time": 53.74397563934326
    },
    "lightgbm": {
      "mae": 11.673339675258566,
      "rmse": 24.332569091046146,
      "r2": 0.3661813954900801,
      "mape": 50.79335996427373,
      "train_time": 28.853091716766357
    },
    "lightgbm_tweedie": {
      "mae": 11.647806895879762,
      "rmse": 24.56740812169951,
      "r2": 0.353888109410037,
      "mape": 50.44021940636042,
      "train_time": 34.342565298080444
    },
    "random_forest": {
      "mae": 11.73024927041206,
      "rmse": 24.98370687083124,
      "r2": 0.33180564242460586,
      "mape": 51.64945291154286,
      "train_time": 29.206201553344727
    },
    "gnn": {
      "mae": 8.21059515563349,
      "rmse": 24.80959303883489,
      "r2": 0.5574386270253074,
      "mape": 17.724798813762103,
      "train_time": 44.42011642456055
    }
  }
}